UID: 531298197,Company Name: ,Country: 
Uid,Currency,Contract,Type,Direction,Quantity,Position,Filled Price,Funding,Fee Paid,Cash Flow,Change,Wallet Balance,Action,Time(UTC)
531298197,USDT,XAUTUSDT,SETTLEMENT,BUY,--,0.02000000000000000000,--,-0.00436130000000000000,0.00000000000000000000,0.00000000000000000000,-0.00436130000000000000,306.65972817000000000000,SETTLEMENT,2026-09-22 20:00:00
531298197,USDT,XAUTUSDT,TRADE,SELL,0.02000000000000000000,0.02000000000000000000,4356.00000000000000000000,0.00000000000000000000,-0.08712000000000000000,1.03750000000000000000,0.95038000000000000000,306.66408947000000000000,CLOSE,2026-09-22 19:11:48
531298197,USDT,ETHUSDT,SETTLEMENT,SELL,--,-0.15000000000000000000,--,0.02416014000000000000,0.00000000000000000000,0.00000000000000000000,0.02416014000000000000,305.72237067000000000000,SETTLEMENT,2026-09-22 16:00:00
531298197,USDT,XAUTUSDT,SETTLEMENT,BUY,--,0.04000000000000000000,--,-0.00866120000000000000,0.00000000000000000000,0.00000000000000000000,-0.00866120000000000000,305.71370947000000000000,SETTLEMENT,2026-09-22 16:00:00
531298197,USDT,XAUTUSDT,SETTLEMENT,BUY,--,0.04000000000000000000,--,-0.00864880000000000000,0.00000000000000000000,0.00000000000000000000,-0.00864880000000000000,305.69821053000000000000,SETTLEMENT,2026-09-22 12:00:00
531298197,USDT,XAUTUSDT,TRADE,BUY,0.02000000000000000000,0.04000000000000000000,4301.00000000000000000000,0.00000000000000000000,-0.03096720000000000000,0.00000000000000000000,-0.03096720000000000000,305.70685933000000000000,OPEN,2026-09-22 08:29:11
531298197,USDT,XAUTUSDT,SETTLEMENT,BUY,--,0.02000000000000000000,--,-0.00430390000000000000,0.00000000000000000000,0.00000000000000000000,-0.00430390000000000000,305.73782653000000000000,SETTLEMENT,2026-09-22 08:00:00
531298197,USDT,ETHUSDT,SETTLEMENT,SELL,--,-0.15000000000000000000,--,0.01010990000000000000,0.00000000000000000000,0.00000000000000000000,0.01010990000000000000,305.74213043000000000000,SETTLEMENT,2026-09-22 08:00:00
531298197,USDT,XAUTUSDT,SETTLEMENT,BUY,--,0.02000000000000000000,--,-0.00000869000000000000,0.00000000000000000000,0.00000000000000000000,-0.00000869000000000000,305.73202053000000000000,SETTLEMENT,2026-09-22 04:00:00
531298197,USDT,XAUTUSDT,SETTLEMENT,BUY,--,0.02000000000000000000,--,-0.00279028000000000000,0.00000000000000000000,0.00000000000000000000,-0.00279028000000000000,305.73202922000000000000,SETTLEMENT,2026-09-22 00:00:00
531298197,USDT,ETHUSDT,SETTLEMENT,SELL,--,-0.15000000000000000000,--,0.03591288000000000000,0.00000000000000000000,0.00000000000000000000,0.03591288000000000000,305.73481950000000000000,SETTLEMENT,2026-09-22 00:00:00
531298197,USDT,XAUTUSDT,SETTLEMENT,BUY,--,0.02000000000000000000,--,0.00369599000000000000,0.00000000000000000000,0.00000000000000000000,0.00369599000000000000,305.69890662000000000000,SETTLEMENT,2026-09-21 20:00:00
531298197,USDT,XAUTUSDT,SETTLEMENT,BUY,--,0.02000000000000000000,--,-0.00312912000000000000,0.00000000000000000000,0.00000000000000000000,-0.00312912000000000000,305.69521063000000000000,SETTLEMENT,2026-09-21 16:00:00
531298197,USDT,ETHUSDT,SETTLEMENT,SELL,--,-0.15000000000000000000,--,0.04132035000000000000,0.00000000000000000000,0.00000000000000000000,0.04132035000000000000,305.69833975000000000000,SETTLEMENT,2026-09-21 16:00:00
531298197,USDT,XAUTUSDT,SETTLEMENT,BUY,--,0.02000000000000000000,--,-0.00436750000000000000,0.00000000000000000000,0.00000000000000000000,-0.00436750000000000000,305.65701940000000000000,SETTLEMENT,2026-09-21 12:00:00
531298197,USDT,ETHUSDT,SETTLEMENT,SELL,--,-0.15000000000000000000,--,0.03511200000000000000,0.00000000000000000000,0.00000000000000000000,0.03511200000000000000,305.66138690000000000000,SETTLEMENT,2026-09-21 08:00:00
531298197,USDT,XAUTUSDT,SETTLEMENT,BUY,--,0.02000000000000000000,--,-0.00210979000000000000,0.00000000000000000000,0.00000000000000000000,-0.00210979000000000000,305.62627490000000000000,SETTLEMENT,2026-09-21 08:00:00
531298197,USDT,XAUTUSDT,SETTLEMENT,BUY,--,0.02000000000000000000,--,-0.00435690000000000000,0.00000000000000000000,0.00000000000000000000,-0.00435690000000000000,305.62838469000000000000,SETTLEMENT,2026-09-21 04:00:00
531298197,USDT,ETHUSDT,SETTLEMENT,SELL,--,-0.15000000000000000000,--,0.03194202000000000000,0.00000000000000000000,0.00000000000000000000,0.03194202000000000000,305.63711259000000000000,SETTLEMENT,2026-09-21 00:00:00
531298197,USDT,XAUTUSDT,SETTLEMENT,BUY,--,0.02000000000000000000,--,-0.00437100000000000000,0.00000000000000000000,0.00000000000000000000,-0.00437100000000000000,305.63274159000000000000,SETTLEMENT,2026-09-21 00:00:00
531298197,USDT,XAUTUSDT,SETTLEMENT,BUY,--,0.02000000000000000000,--,0.00327327000000000000,0.00000000000000000000,0.00000000000000000000,0.00327327000000000000,305.60517057000000000000,SETTLEMENT,2026-09-20 20:00:00
531298197,USDT,XAUTUSDT,SETTLEMENT,BUY,--,0.02000000000000000000,--,0.00265324000000000000,0.00000000000000000000,0.00000000000000000000,0.00265324000000000000,305.58665202000000000000,SETTLEMENT,2026-09-20 16:00:00
531298197,USDT,ETHUSDT,SETTLEMENT,SELL,--,-0.15000000000000000000,--,0.01524528000000000000,0.00000000000000000000,0.00000000000000000000,0.01524528000000000000,305.60189730000000000000,SETTLEMENT,2026-09-20 16:00:00
531298197,USDT,XAUTUSDT,SETTLEMENT,BUY,--,0.02000000000000000000,--,0.00174091000000000000,0.00000000000000000000,0.00000000000000000000,0.00174091000000000000,305.58399878000000000000,SETTLEMENT,2026-09-20 12:00:00
531298197,USDT,XAUTUSDT,SETTLEMENT,BUY,--,0.02000000000000000000,--,-0.00436912000000000000,0.00000000000000000000,0.00000000000000000000,-0.00436912000000000000,305.58225787000000000000,SETTLEMENT,2026-09-20 08:00:00
531298197,USDT,ETHUSDT,SETTLEMENT,SELL,--,-0.15000000000000000000,--,0.00671767000000000000,0.00000000000000000000,0.00000000000000000000,0.00671767000000000000,305.58662699000000000000,SETTLEMENT,2026-09-20 08:00:00
531298197,USDT,XAUTUSDT,SETTLEMENT,BUY,--,0.02000000000000000000,--,-0.00436855000000000000,0.00000000000000000000,0.00000000000000000000,-0.00436855000000000000,305.57990932000000000000,SETTLEMENT,2026-09-20 04:00:00
531298197,USDT,ETHUSDT,SETTLEMENT,SELL,--,-0.15000000000000000000,--,0.03229367000000000000,0.00000000000000000000,0.00000000000000000000,0.03229367000000000000,305.58865152000000000000,SETTLEMENT,2026-09-20 00:00:00
531298197,USDT,XAUTUSDT,SETTLEMENT,BUY,--,0.02000000000000000000,--,-0.00437365000000000000,0.00000000000000000000,0.00000000000000000000,-0.00437365000000000000,305.58427787000000000000,SETTLEMENT,2026-09-20 00:00:00
531298197,USDT,XAUTUSDT,SETTLEMENT,BUY,--,0.02000000000000000000,--,-0.00437280000000000000,0.00000000000000000000,0.00000000000000000000,-0.00437280000000000000,305.55635785000000000000,SETTLEMENT,2026-09-19 20:00:00
531298197,USDT,XAUTUSDT,SETTLEMENT,BUY,--,0.02000000000000000000,--,-0.00437343000000000000,0.00000000000000000000,0.00000000000000000000,-0.00437343000000000000,305.56073065000000000000,SETTLEMENT,2026-09-19 16:00:00
531298197,USDT,ETHUSDT,SETTLEMENT,SELL,--,-0.15000000000000000000,--,0.03960495000000000000,0.00000000000000000000,0.00000000000000000000,0.03960495000000000000,305.56510408000000000000,SETTLEMENT,2026-09-19 16:00:00
531298197,USDT,XAUTUSDT,SETTLEMENT,BUY,--,0.02000000000000000000,--,-0.00437403000000000000,0.00000000000000000000,0.00000000000000000000,-0.00437403000000000000,305.52549913000000000000,SETTLEMENT,2026-09-19 12:00:00
531298197,USDT,XAUTUSDT,SETTLEMENT,BUY,--,0.02000000000000000000,--,0.00209000000000000000,0.00000000000000000000,0.00000000000000000000,0.00209000000000000000,305.52987316000000000000,SETTLEMENT,2026-09-19 08:00:00
531298197,USDT,ETHUSDT,SETTLEMENT,SELL,--,-0.15000000000000000000,--,0.03939885000000000000,0.00000000000000000000,0.00000000000000000000,0.03939885000000000000,305.52778316000000000000,SETTLEMENT,2026-09-19 08:00:00
531298197,USDT,XAUTUSDT,SETTLEMENT,BUY,--,0.02000000000000000000,--,-0.00437422000000000000,0.00000000000000000000,0.00000000000000000000,-0.00437422000000000000,305.48838431000000000000,SETTLEMENT,2026-09-19 04:00:00
531298197,USDT,ETHUSDT,SETTLEMENT,SELL,--,-0.15000000000000000000,--,0.03916530000000000000,0.00000000000000000000,0.00000000000000000000,0.03916530000000000000,305.49713383000000000000,SETTLEMENT,2026-09-19 00:00:00
531298197,USDT,XAUTUSDT,SETTLEMENT,BUY,--,0.02000000000000000000,--,-0.00437530000000000000,0.00000000000000000000,0.00000000000000000000,-0.00437530000000000000,305.49275853000000000000,SETTLEMENT,2026-09-19 00:00:00
531298197,USDT,XAUTUSDT,SETTLEMENT,BUY,--,0.02000000000000000000,--,-0.00302506000000000000,0.00000000000000000000,0.00000000000000000000,-0.00302506000000000000,305.45796853000000000000,SETTLEMENT,2026-09-18 20:00:00
531298197,USDT,ETHUSDT,SETTLEMENT,SELL,--,-0.15000000000000000000,--,0.03875625000000000000,0.00000000000000000000,0.00000000000000000000,0.03875625000000000000,305.45401653000000000000,SETTLEMENT,2026-09-18 16:00:00
531298197,USDT,XAUTUSDT,SETTLEMENT,BUY,--,0.02000000000000000000,--,0.00697706000000000000,0.00000000000000000000,0.00000000000000000000,0.00697706000000000000,305.46099359000000000000,SETTLEMENT,2026-09-18 16:00:00
531298197,USDT,XAUTUSDT,SETTLEMENT,BUY,--,0.02000000000000000000,--,-0.00038441000000000000,0.00000000000000000000,0.00000000000000000000,-0.00038441000000000000,305.41526028000000000000,SETTLEMENT,2026-09-18 12:00:00
531298197,USDT,ETHUSDT,TRADE,SELL,0.05000000000000000000,-0.15000000000000000000,2510.00000000000000000000,0.00000000000000000000,-0.04518000000000000000,0.00000000000000000000,-0.04518000000000000000,305.41564469000000000000,OPEN,2026-09-18 09:03:24
531298197,USDT,ETHUSDT,SETTLEMENT,SELL,--,-0.10000000000000000000,--,0.02489060000000000000,0.00000000000000000000,0.00000000000000000000,0.02489060000000000000,305.46041461000000000000,SETTLEMENT,2026-09-18 08:00:00
531298197,USDT,XAUTUSDT,SETTLEMENT,BUY,--,0.02000000000000000000,--,0.00041008000000000000,0.00000000000000000000,0.00000000000000000000,0.00041008000000000000,305.46082469000000000000,SETTLEMENT,2026-09-18 08:00:00
531298197,USDT,XAUT-30OCT26-4400-C-USDT,TRADE,BUY,0.10000000000000000000,0.50000000000000000000,160.00000000000000000000,0.00000000000000000000,-0.08787433000000000000,-16.00000000000000000000,-16.08787433000000000000,305.43552401000000000000,OPEN,2026-09-18 06:43:09
531298197,USDT,XAUT-30OCT26-4400-C-USDT,TRADE,BUY,0.10000000000000000000,0.30000000000000000000,160.00000000000000000000,0.00000000000000000000,-0.08787433000000000000,-16.00000000000000000000,-16.08787433000000000000,337.61127267000000000000,OPEN,2026-09-18 06:43:08
531298197,USDT,XAUT-30OCT26-4400-C-USDT,TRADE,BUY,0.10000000000000000000,0.40000000000000000000,160.00000000000000000000,0.00000000000000000000,-0.08787433000000000000,-16.00000000000000000000,-16.08787433000000000000,321.52339834000000000000,OPEN,2026-09-18 06:43:08
531298197,USDT,XAUT-30OCT26-4400-C-USDT,TRADE,BUY,0.10000000000000000000,0.20000000000000000000,160.00000000000000000000,0.00000000000000000000,-0.08787433000000000000,-16.00000000000000000000,-16.08787433000000000000,353.69914700000000000000,OPEN,2026-09-18 06:43:06
531298197,USDT,XAUT-30OCT26-4400-C-USDT,TRADE,BUY,0.10000000000000000000,0.10000000000000000000,160.00000000000000000000,0.00000000000000000000,-0.08787375000000000000,-16.00000000000000000000,-16.08787375000000000000,369.78702133000000000000,OPEN,2026-09-18 06:43:05
531298197,USDT,XAUT-30OCT26-4400-P-USDT,TRADE,BUY,0.50000000000000000000,0.50000000000000000000,139.00000000000000000000,0.00000000000000000000,-0.65901501000000000000,-69.50000000000000000000,-70.15901501000000000000,385.87489508000000000000,OPEN,2026-09-18 06:42:43
531298197,USDT,XAUT-25SEP26-4400-C-USDT,TRADE,SELL,0.50000000000000000000,0.00000000000000000000,49.20000000000000000000,0.00000000000000000000,-0.65861681000000000000,24.60000000000000000000,23.94138319000000000000,456.03391009000000000000,CLOSE,2026-09-18 06:38:10
531298197,USDT,XAUT-25SEP26-4400-P-USDT,TRADE,SELL,0.50000000000000000000,0.00000000000000000000,56.30000000000000000000,0.00000000000000000000,-0.65863849000000000000,28.15000000000000000000,27.49136151000000000000,432.09252690000000000000,CLOSE,2026-09-18 06:38:02
531298197,USDT,XAUTUSDT,SETTLEMENT,BUY,--,0.02000000000000000000,--,-0.00435750000000000000,0.00000000000000000000,0.00000000000000000000,-0.00435750000000000000,404.60116539000000000000,SETTLEMENT,2026-09-18 04:00:00
531298197,USDT,ETHUSDT,SETTLEMENT,SELL,--,-0.10000000000000000000,--,0.00590340000000000000,0.00000000000000000000,0.00000000000000000000,0.00590340000000000000,404.60622951000000000000,SETTLEMENT,2026-09-18 00:00:00
531298197,USDT,XAUTUSDT,SETTLEMENT,BUY,--,0.02000000000000000000,--,-0.00070662000000000000,0.00000000000000000000,0.00000000000000000000,-0.00070662000000000000,404.60552289000000000000,SETTLEMENT,2026-09-18 00:00:00
531298197,USDT,XAUTUSDT,SETTLEMENT,BUY,--,0.02000000000000000000,--,0.00099443000000000000,0.00000000000000000000,0.00000000000000000000,0.00099443000000000000,404.60032611000000000000,SETTLEMENT,2026-09-17 20:00:00
531298197,USDT,ETHUSDT,SETTLEMENT,SELL,--,-0.10000000000000000000,--,0.00690915000000000000,0.00000000000000000000,0.00000000000000000000,0.00690915000000000000,404.60218293000000000000,SETTLEMENT,2026-09-17 16:00:00
531298197,USDT,XAUTUSDT,SETTLEMENT,BUY,--,0.02000000000000000000,--,-0.00285125000000000000,0.00000000000000000000,0.00000000000000000000,-0.00285125000000000000,404.59933168000000000000,SETTLEMENT,2026-09-17 16:00:00
531298197,USDT,ETH-25SEP26-2100-C-USDT,TRADE,SELL,0.50000000000000000000,0.00000000000000000000,369.40000000000000000000,0.00000000000000000000,-0.36985529000000000000,184.70000000000000000000,184.33014471000000000000,404.59527378000000000000,CLOSE,2026-09-17 12:41:49
531298197,USDT,XAUTUSDT,TRADE,SELL,0.02000000000000000000,0.02000000000000000000,4351.00000000000000000000,0.00000000000000000000,-0.03132720000000000000,0.87500000000000000000,0.84367280000000000000,220.26512907000000000000,CLOSE,2026-09-17 12:15:55
531298197,USDT,XAUTUSDT,SETTLEMENT,BUY,--,0.04000000000000000000,--,-0.00869080000000000000,0.00000000000000000000,0.00000000000000000000,-0.00869080000000000000,219.42145627000000000000,SETTLEMENT,2026-09-17 12:00:00
531298197,USDT,XAUTUSDT,SETTLEMENT,BUY,--,0.04000000000000000000,--,-0.00865062000000000000,0.00000000000000000000,0.00000000000000000000,-0.00865062000000000000,219.43014707000000000000,SETTLEMENT,2026-09-17 08:00:00
531298197,USDT,ETHUSDT,SETTLEMENT,SELL,--,-0.10000000000000000000,--,0.00917940000000000000,0.00000000000000000000,0.00000000000000000000,0.00917940000000000000,219.43879769000000000000,SETTLEMENT,2026-09-17 08:00:00
531298197,USDT,XAUTUSDT,SETTLEMENT,BUY,--,0.04000000000000000000,--,-0.00828192000000000000,0.00000000000000000000,0.00000000000000000000,-0.00828192000000000000,219.42961829000000000000,SETTLEMENT,2026-09-17 04:00:00
531298197,USDT,ETHUSDT,SETTLEMENT,SELL,--,-0.10000000000000000000,--,0.01128986000000000000,0.00000000000000000000,0.00000000000000000000,0.01128986000000000000,219.43449951000000000000,SETTLEMENT,2026-09-17 00:00:00
531298197,USDT,XAUTUSDT,SETTLEMENT,BUY,--,0.04000000000000000000,--,0.00340070000000000000,0.00000000000000000000,0.00000000000000000000,0.00340070000000000000,219.43790021000000000000,SETTLEMENT,2026-09-17 00:00:00
531298197,USDT,XAUTUSDT,SETTLEMENT,BUY,--,0.04000000000000000000,--,-0.00661429000000000000,0.00000000000000000000,0.00000000000000000000,-0.00661429000000000000,219.42320965000000000000,SETTLEMENT,2026-09-16 20:00:00
531298197,USDT,XAUTUSDT,TRADE,BUY,0.02000000000000000000,0.04000000000000000000,4301.00000000000000000000,0.00000000000000000000,-0.03096720000000000000,0.00000000000000000000,-0.03096720000000000000,219.42982394000000000000,OPEN,2026-09-16 18:32:18
531298197,USDT,XAUTUSDT,SETTLEMENT,BUY,--,0.02000000000000000000,--,-0.00434940000000000000,0.00000000000000000000,0.00000000000000000000,-0.00434940000000000000,219.45457275000000000000,SETTLEMENT,2026-09-16 16:00:00
531298197,USDT,ETHUSDT,SETTLEMENT,SELL,--,-0.10000000000000000000,--,0.00621839000000000000,0.00000000000000000000,0.00000000000000000000,0.00621839000000000000,219.46079114000000000000,SETTLEMENT,2026-09-16 16:00:00
531298197,USDT,XAUTUSDT,TRADE,SELL,0.00200000000000000000,0.03800000000000000000,4351.00000000000000000000,0.00000000000000000000,-0.00313272000000000000,0.07500000000000000000,0.07186728000000000000,218.81211663000000000000,CLOSE,2026-09-16 13:13:04
531298197,USDT,XAUTUSDT,TRADE,SELL,0.01800000000000000000,0.02000000000000000000,4351.00000000000000000000,0.00000000000000000000,-0.02819448000000000000,0.67500000000000000000,0.64680552000000000000,219.45892215000000000000,CLOSE,2026-09-16 13:13:04
531298197,USDT,XAUTUSDT,SETTLEMENT,BUY,--,0.04000000000000000000,--,-0.00301349000000000000,0.00000000000000000000,0.00000000000000000000,-0.00301349000000000000,218.74024935000000000000,SETTLEMENT,2026-09-16 12:00:00
531298197,USDT,ETHUSDT,SETTLEMENT,SELL,--,-0.10000000000000000000,--,-0.01245989000000000000,0.00000000000000000000,0.00000000000000000000,-0.01245989000000000000,218.74067578000000000000,SETTLEMENT,2026-09-16 08:00:00
531298197,USDT,XAUTUSDT,SETTLEMENT,BUY,--,0.04000000000000000000,--,0.00258706000000000000,0.00000000000000000000,0.00000000000000000000,0.00258706000000000000,218.74326284000000000000,SETTLEMENT,2026-09-16 08:00:00
531298197,USDT,XAUTUSDT,SETTLEMENT,BUY,--,0.04000000000000000000,--,-0.00864680000000000000,0.00000000000000000000,0.00000000000000000000,-0.00864680000000000000,218.75313567000000000000,SETTLEMENT,2026-09-16 04:00:00
531298197,USDT,XAUTUSDT,SETTLEMENT,BUY,--,0.04000000000000000000,--,-0.00395648000000000000,0.00000000000000000000,0.00000000000000000000,-0.00395648000000000000,218.76178247000000000000,SETTLEMENT,2026-09-16 00:00:00
531298197,USDT,ETHUSDT,SETTLEMENT,SELL,--,-0.10000000000000000000,--,-0.01121482000000000000,0.00000000000000000000,0.00000000000000000000,-0.01121482000000000000,218.76573895000000000000,SETTLEMENT,2026-09-16 00:00:00
531298197,USDT,XAUTUSDT,SETTLEMENT,BUY,--,0.04000000000000000000,--,-0.00794237000000000000,0.00000000000000000000,0.00000000000000000000,-0.00794237000000000000,218.77695377000000000000,SETTLEMENT,2026-09-15 20:00:00
531298197,USDT,ETHUSDT,TRADE,SELL,0.05000000000000000000,-0.10000000000000000000,2390.00000000000000000000,0.00000000000000000000,-0.04302000000000000000,0.00000000000000000000,-0.04302000000000000000,218.78489614000000000000,OPEN,2026-09-15 18:52:38
531298197,USDT,ETHUSDT,TRADE,BUY,0.05000000000000000000,-0.05000000000000000000,2365.00000000000000000000,0.00000000000000000000,-0.04257000000000000000,5.07216667000000000000,5.02959667000000000000,218.82791614000000000000,CLOSE,2026-09-15 18:48:20
531298197,USDT,XAUTUSDT,SETTLEMENT,BUY,--,0.04000000000000000000,--,-0.00341337000000000000,0.00000000000000000000,0.00000000000000000000,-0.00341337000000000000,213.81292883000000000000,SETTLEMENT,2026-09-15 16:00:00
531298197,USDT,ETHUSDT,SETTLEMENT,SELL,--,-0.10000000000000000000,--,-0.01460936000000000000,0.00000000000000000000,0.00000000000000000000,-0.01460936000000000000,213.79831947000000000000,SETTLEMENT,2026-09-15 16:00:00
531298197,USDT,ETHUSDT,TRADE,BUY,0.05000000000000000000,-0.10000000000000000000,2455.00000000000000000000,0.00000000000000000000,-0.04419000000000000000,0.57216666000000000000,0.52797666000000000000,213.81634220000000000000,CLOSE,2026-09-15 13:35:37
531298197,USDT,XAUTUSDT,SETTLEMENT,BUY,--,0.04000000000000000000,--,-0.00622153000000000000,0.00000000000000000000,0.00000000000000000000,-0.00622153000000000000,213.28836554000000000000,SETTLEMENT,2026-09-15 12:00:00
531298197,USDT,XAUTUSDT,SETTLEMENT,BUY,--,0.04000000000000000000,--,-0.00205224000000000000,0.00000000000000000000,0.00000000000000000000,-0.00205224000000000000,213.29458707000000000000,SETTLEMENT,2026-09-15 08:00:00
531298197,USDT,ETHUSDT,SETTLEMENT,SELL,--,-0.15000000000000000000,--,-0.02355789000000000000,0.00000000000000000000,0.00000000000000000000,-0.02355789000000000000,213.29663931000000000000,SETTLEMENT,2026-09-15 08:00:00
531298197,USDT,XAUTUSDT,SETTLEMENT,BUY,--,0.04000000000000000000,--,-0.00396046000000000000,0.00000000000000000000,0.00000000000000000000,-0.00396046000000000000,213.32019720000000000000,SETTLEMENT,2026-09-15 04:00:00
531298197,USDT,XAUTUSDT,SETTLEMENT,BUY,--,0.04000000000000000000,--,-0.00857726000000000000,0.00000000000000000000,0.00000000000000000000,-0.00857726000000000000,213.31395926000000000000,SETTLEMENT,2026-09-15 00:00:00
531298197,USDT,ETHUSDT,SETTLEMENT,SELL,--,-0.15000000000000000000,--,0.01019840000000000000,0.00000000000000000000,0.00000000000000000000,0.01019840000000000000,213.32415766000000000000,SETTLEMENT,2026-09-15 00:00:00
531298197,USDT,XAUTUSDT,SETTLEMENT,BUY,--,0.04000000000000000000,--,-0.00856880000000000000,0.00000000000000000000,0.00000000000000000000,-0.00856880000000000000,213.32253652000000000000,SETTLEMENT,2026-09-14 20:00:00
531298197,USDT,XAUTUSDT,SETTLEMENT,BUY,--,0.04000000000000000000,--,-0.00858024000000000000,0.00000000000000000000,0.00000000000000000000,-0.00858024000000000000,213.33110532000000000000,SETTLEMENT,2026-09-14 16:00:00
531298197,USDT,ETHUSDT,SETTLEMENT,SELL,--,-0.15000000000000000000,--,0.01478858000000000000,0.00000000000000000000,0.00000000000000000000,0.01478858000000000000,213.33968556000000000000,SETTLEMENT,2026-09-14 16:00:00
531298197,USDT,XAUTUSDT,SETTLEMENT,BUY,--,0.04000000000000000000,--,0.00280300000000000000,0.00000000000000000000,0.00000000000000000000,0.00280300000000000000,213.32489698000000000000,SETTLEMENT,2026-09-14 12:00:00
531298197,USDT,XAUTUSDT,TRADE,BUY,0.02000000000000000000,0.04000000000000000000,4301.00000000000000000000,0.00000000000000000000,-0.03096720000000000000,0.00000000000000000000,-0.03096720000000000000,213.32209398000000000000,OPEN,2026-09-14 09:18:45
531298197,USDT,XAUTUSDT,SETTLEMENT,BUY,--,0.02000000000000000000,--,-0.00319828000000000000,0.00000000000000000000,0.00000000000000000000,-0.00319828000000000000,213.35306118000000000000,SETTLEMENT,2026-09-14 08:00:00
531298197,USDT,ETHUSDT,SETTLEMENT,SELL,--,-0.15000000000000000000,--,0.03114983000000000000,0.00000000000000000000,0.00000000000000000000,0.03114983000000000000,213.35625946000000000000,SETTLEMENT,2026-09-14 08:00:00
531298197,USDT,XAUTUSDT,SETTLEMENT,BUY,--,0.02000000000000000000,--,-0.00432870000000000000,0.00000000000000000000,0.00000000000000000000,-0.00432870000000000000,213.32510963000000000000,SETTLEMENT,2026-09-14 04:00:00
531298197,USDT,XAUTUSDT,SETTLEMENT,BUY,--,0.02000000000000000000,--,-0.00019575000000000000,0.00000000000000000000,0.00000000000000000000,-0.00019575000000000000,213.32943833000000000000,SETTLEMENT,2026-09-14 00:00:00
531298197,USDT,ETHUSDT,SETTLEMENT,SELL,--,-0.15000000000000000000,--,0.01499757000000000000,0.00000000000000000000,0.00000000000000000000,0.01499757000000000000,213.32963408000000000000,SETTLEMENT,2026-09-14 00:00:00
531298197,USDT,XAUTUSDT,SETTLEMENT,BUY,--,0.02000000000000000000,--,-0.00140165000000000000,0.00000000000000000000,0.00000000000000000000,-0.00140165000000000000,213.31463651000000000000,SETTLEMENT,2026-09-13 20:00:00
531298197,USDT,XAUTUSDT,SETTLEMENT,BUY,--,0.02000000000000000000,--,0.00394087000000000000,0.00000000000000000000,0.00000000000000000000,0.00394087000000000000,213.31603816000000000000,SETTLEMENT,2026-09-13 16:00:00
531298197,USDT,ETHUSDT,SETTLEMENT,SELL,--,-0.15000000000000000000,--,0.00253947000000000000,0.00000000000000000000,0.00000000000000000000,0.00253947000000000000,213.31209729000000000000,SETTLEMENT,2026-09-13 16:00:00
531298197,USDT,XAUTUSDT,SETTLEMENT,BUY,--,0.02000000000000000000,--,0.00050664000000000000,0.00000000000000000000,0.00000000000000000000,0.00050664000000000000,213.30955782000000000000,SETTLEMENT,2026-09-13 12:00:00
531298197,USDT,ETHUSDT,SETTLEMENT,SELL,--,-0.15000000000000000000,--,0.02321498000000000000,0.00000000000000000000,0.00000000000000000000,0.02321498000000000000,213.30738617000000000000,SETTLEMENT,2026-09-13 08:00:00
531298197,USDT,XAUTUSDT,SETTLEMENT,BUY,--,0.02000000000000000000,--,0.00166501000000000000,0.00000000000000000000,0.00000000000000000000,0.00166501000000000000,213.30905118000000000000,SETTLEMENT,2026-09-13 08:00:00
531298197,USDT,XAUTUSDT,SETTLEMENT,BUY,--,0.02000000000000000000,--,-0.00402396000000000000,0.00000000000000000000,0.00000000000000000000,-0.00402396000000000000,213.28417119000000000000,SETTLEMENT,2026-09-13 04:00:00
531298197,USDT,ETHUSDT,SETTLEMENT,SELL,--,-0.15000000000000000000,--,0.01525905000000000000,0.00000000000000000000,0.00000000000000000000,0.01525905000000000000,213.29254458000000000000,SETTLEMENT,2026-09-13 00:00:00
531298197,USDT,XAUTUSDT,SETTLEMENT,BUY,--,0.02000000000000000000,--,-0.00434943000000000000,0.00000000000000000000,0.00000000000000000000,-0.00434943000000000000,213.28819515000000000000,SETTLEMENT,2026-09-13 00:00:00
531298197,USDT,XAUTUSDT,SETTLEMENT,BUY,--,0.02000000000000000000,--,-0.00434978000000000000,0.00000000000000000000,0.00000000000000000000,-0.00434978000000000000,213.27728553000000000000,SETTLEMENT,2026-09-12 20:00:00
531298197,USDT,ETHUSDT,SETTLEMENT,SELL,--,-0.15000000000000000000,--,0.02626366000000000000,0.00000000000000000000,0.00000000000000000000,0.02626366000000000000,213.28598511000000000000,SETTLEMENT,2026-09-12 16:00:00
531298197,USDT,XAUTUSDT,SETTLEMENT,BUY,--,0.02000000000000000000,--,-0.00434980000000000000,0.00000000000000000000,0.00000000000000000000,-0.00434980000000000000,213.28163531000000000000,SETTLEMENT,2026-09-12 16:00:00
531298197,USDT,XAUTUSDT,SETTLEMENT,BUY,--,0.02000000000000000000,--,-0.00003999000000000000,0.00000000000000000000,0.00000000000000000000,-0.00003999000000000000,213.25972145000000000000,SETTLEMENT,2026-09-12 12:00:00
531298197,USDT,XAUTUSDT,TRADE,SELL,0.02000000000000000000,0.02000000000000000000,4351.00000000000000000000,0.00000000000000000000,-0.03132720000000000000,0.50000000000000000000,0.46867280000000000000,213.25976144000000000000,CLOSE,2026-09-12 08:05:21
531298197,USDT,ETHUSDT,SETTLEMENT,SELL,--,-0.15000000000000000000,--,-0.00149113000000000000,0.00000000000000000000,0.00000000000000000000,-0.00149113000000000000,212.79978832000000000000,SETTLEMENT,2026-09-12 08:00:00
531298197,USDT,XAUTUSDT,SETTLEMENT,BUY,--,0.04000000000000000000,--,-0.00869968000000000000,0.00000000000000000000,0.00000000000000000000,-0.00869968000000000000,212.79108864000000000000,SETTLEMENT,2026-09-12 08:00:00
531298197,USDT,XAUTUSDT,SETTLEMENT,BUY,--,0.04000000000000000000,--,0.00467357000000000000,0.00000000000000000000,0.00000000000000000000,0.00467357000000000000,212.80127945000000000000,SETTLEMENT,2026-09-12 04:00:00
531298197,USDT,ETHUSDT,SETTLEMENT,SELL,--,-0.15000000000000000000,--,-0.00908197000000000000,0.00000000000000000000,0.00000000000000000000,-0.00908197000000000000,212.80238724000000000000,SETTLEMENT,2026-09-12 00:00:00
531298197,USDT,XAUTUSDT,SETTLEMENT,BUY,--,0.04000000000000000000,--,-0.00578136000000000000,0.00000000000000000000,0.00000000000000000000,-0.00578136000000000000,212.79660588000000000000,SETTLEMENT,2026-09-12 00:00:00
531298197,USDT,XAUTUSDT,SETTLEMENT,BUY,--,0.04000000000000000000,--,-0.00303115000000000000,0.00000000000000000000,0.00000000000000000000,-0.00303115000000000000,212.81146921000000000000,SETTLEMENT,2026-09-11 20:00:00
531298197,USDT,ETHUSDT,TRADE,SELL,0.05000000000000000000,-0.15000000000000000000,2539.33000000000000000000,0.00000000000000000000,-0.12696650000000000000,0.00000000000000000000,-0.12696650000000000000,212.81450036000000000000,OPEN,2026-09-11 19:47:14
531298197,USDT,ETHUSDT,SETTLEMENT,SELL,--,-0.10000000000000000000,--,0.02558510000000000000,0.00000000000000000000,0.00000000000000000000,0.02558510000000000000,212.95019638000000000000,SETTLEMENT,2026-09-11 16:00:00
531298197,USDT,XAUTUSDT,SETTLEMENT,BUY,--,0.04000000000000000000,--,-0.00872952000000000000,0.00000000000000000000,0.00000000000000000000,-0.00872952000000000000,212.94146686000000000000,SETTLEMENT,2026-09-11 16:00:00
531298197,USDT,XAUTUSDT,TRADE,BUY,0.02000000000000000000,0.04000000000000000000,4301.00000000000000000000,0.00000000000000000000,-0.03096720000000000000,0.00000000000000000000,-0.03096720000000000000,212.92461128000000000000,OPEN,2026-09-11 12:30:17
531298197,USDT,XAUTUSDT,SETTLEMENT,BUY,--,0.02000000000000000000,--,-0.00105085000000000000,0.00000000000000000000,0.00000000000000000000,-0.00105085000000000000,212.95557848000000000000,SETTLEMENT,2026-09-11 12:00:00
531298197,USDT,ETHUSDT,SETTLEMENT,SELL,--,-0.10000000000000000000,--,0.01702843000000000000,0.00000000000000000000,0.00000000000000000000,0.01702843000000000000,212.95945280000000000000,SETTLEMENT,2026-09-11 08:00:00
531298197,USDT,XAUTUSDT,SETTLEMENT,BUY,--,0.02000000000000000000,--,-0.00282347000000000000,0.00000000000000000000,0.00000000000000000000,-0.00282347000000000000,212.95662933000000000000,SETTLEMENT,2026-09-11 08:00:00
531298197,USDT,XAUTUSDT,SETTLEMENT,BUY,--,0.02000000000000000000,--,-0.00220947000000000000,0.00000000000000000000,0.00000000000000000000,-0.00220947000000000000,212.94242437000000000000,SETTLEMENT,2026-09-11 04:00:00
531298197,USDT,XAUTUSDT,SETTLEMENT,BUY,--,0.02000000000000000000,--,0.00260361000000000000,0.00000000000000000000,0.00000000000000000000,0.00260361000000000000,212.94458754000000000000,SETTLEMENT,2026-09-11 00:00:00
531298197,USDT,ETHUSDT,SETTLEMENT,SELL,--,-0.10000000000000000000,--,0.00004630000000000000,0.00000000000000000000,0.00000000000000000000,0.00004630000000000000,212.94463384000000000000,SETTLEMENT,2026-09-11 00:00:00
531298197,USDT,XAUTUSDT,SETTLEMENT,BUY,--,0.02000000000000000000,--,0.00249177000000000000,0.00000000000000000000,0.00000000000000000000,0.00249177000000000000,212.94198393000000000000,SETTLEMENT,2026-09-10 20:00:00
531298197,USDT,ETHUSDT,SETTLEMENT,SELL,--,-0.10000000000000000000,--,-0.02139636000000000000,0.00000000000000000000,0.00000000000000000000,-0.02139636000000000000,212.94000424000000000000,SETTLEMENT,2026-09-10 16:00:00
531298197,USDT,XAUTUSDT,SETTLEMENT,BUY,--,0.02000000000000000000,--,-0.00051208000000000000,0.00000000000000000000,0.00000000000000000000,-0.00051208000000000000,212.93949216000000000000,SETTLEMENT,2026-09-10 16:00:00
531298197,USDT,XAUTUSDT,SETTLEMENT,BUY,--,0.02000000000000000000,--,-0.00437340000000000000,0.00000000000000000000,0.00000000000000000000,-0.00437340000000000000,212.96140060000000000000,SETTLEMENT,2026-09-10 12:00:00
531298197,USDT,ETHUSDT,SETTLEMENT,SELL,--,-0.10000000000000000000,--,0.00977223000000000000,0.00000000000000000000,0.00000000000000000000,0.00977223000000000000,212.96719296000000000000,SETTLEMENT,2026-09-10 08:00:00
531298197,USDT,XAUTUSDT,SETTLEMENT,BUY,--,0.02000000000000000000,--,-0.00141896000000000000,0.00000000000000000000,0.00000000000000000000,-0.00141896000000000000,212.96577400000000000000,SETTLEMENT,2026-09-10 08:00:00
531298197,USDT,XAUTUSDT,SETTLEMENT,BUY,--,0.02000000000000000000,--,0.00113584000000000000,0.00000000000000000000,0.00000000000000000000,0.00113584000000000000,212.95742073000000000000,SETTLEMENT,2026-09-10 04:00:00
531298197,USDT,ETHUSDT,SETTLEMENT,SELL,--,-0.10000000000000000000,--,-0.00736855000000000000,0.00000000000000000000,0.00000000000000000000,-0.00736855000000000000,212.95622255000000000000,SETTLEMENT,2026-09-10 00:00:00
531298197,USDT,XAUTUSDT,SETTLEMENT,BUY,--,0.02000000000000000000,--,0.00006234000000000000,0.00000000000000000000,0.00000000000000000000,0.00006234000000000000,212.95628489000000000000,SETTLEMENT,2026-09-10 00:00:00
531298197,USDT,XAUTUSDT,SETTLEMENT,BUY,--,0.02000000000000000000,--,0.00011161000000000000,0.00000000000000000000,0.00000000000000000000,0.00011161000000000000,212.96359110000000000000,SETTLEMENT,2026-09-09 20:00:00
531298197,USDT,XAUTUSDT,SETTLEMENT,BUY,--,0.02000000000000000000,--,0.00201337000000000000,0.00000000000000000000,0.00000000000000000000,0.00201337000000000000,212.96347949000000000000,SETTLEMENT,2026-09-09 16:00:00
531298197,USDT,ETHUSDT,SETTLEMENT,SELL,--,-0.10000000000000000000,--,0.00998671000000000000,0.00000000000000000000,0.00000000000000000000,0.00998671000000000000,212.96146612000000000000,SETTLEMENT,2026-09-09 16:00:00
531298197,USDT,XAUTUSDT,SETTLEMENT,BUY,--,0.02000000000000000000,--,0.00039363000000000000,0.00000000000000000000,0.00000000000000000000,0.00039363000000000000,212.95147941000000000000,SETTLEMENT,2026-09-09 12:00:00
531298197,USDT,XAUTUSDT,SETTLEMENT,BUY,--,0.02000000000000000000,--,-0.00225765000000000000,0.00000000000000000000,0.00000000000000000000,-0.00225765000000000000,212.95108578000000000000,SETTLEMENT,2026-09-09 08:00:00
531298197,USDT,ETHUSDT,SETTLEMENT,SELL,--,-0.10000000000000000000,--,0.01474395000000000000,0.00000000000000000000,0.00000000000000000000,0.01474395000000000000,212.95334343000000000000,SETTLEMENT,2026-09-09 08:00:00
531298197,USDT,XAUTUSDT,SETTLEMENT,BUY,--,0.02000000000000000000,--,-0.00223045000000000000,0.00000000000000000000,0.00000000000000000000,-0.00223045000000000000,212.93859948000000000000,SETTLEMENT,2026-09-09 04:00:00
531298197,USDT,XAUTUSDT,SETTLEMENT,BUY,--,0.02000000000000000000,--,-0.00434890000000000000,0.00000000000000000000,0.00000000000000000000,-0.00434890000000000000,212.94082993000000000000,SETTLEMENT,2026-09-09 00:00:00
531298197,USDT,ETHUSDT,SETTLEMENT,SELL,--,-0.10000000000000000000,--,0.00846291000000000000,0.00000000000000000000,0.00000000000000000000,0.00846291000000000000,212.94517883000000000000,SETTLEMENT,2026-09-09 00:00:00
531298197,USDT,XAUTUSDT,TRADE,BUY,0.02000000000000000000,0.02000000000000000000,4351.00000000000000000000,0.00000000000000000000,-0.03132720000000000000,0.00000000000000000000,-0.03132720000000000000,212.93671592000000000000,OPEN,2026-09-08 20:49:56
531298197,USDT,ETHUSDT,SETTLEMENT,SELL,--,-0.10000000000000000000,--,0.01217648000000000000,0.00000000000000000000,0.00000000000000000000,0.01217648000000000000,212.96804312000000000000,SETTLEMENT,2026-09-08 16:00:00
531298197,USDT,ETHUSDT,TRADE,BUY,0.05000000000000000000,-0.10000000000000000000,2455.00000000000000000000,0.00000000000000000000,-0.04419000000000000000,-1.25000000000000000000,-1.29419000000000000000,212.95586664000000000000,CLOSE,2026-09-08 13:32:51
531298197,USDT,ETHUSDT,SETTLEMENT,SELL,--,-0.15000000000000000000,--,0.01245069000000000000,0.00000000000000000000,0.00000000000000000000,0.01245069000000000000,214.25005664000000000000,SETTLEMENT,2026-09-08 08:00:00
531298197,USDT,ETHUSDT,SETTLEMENT,SELL,--,-0.15000000000000000000,--,0.00695570000000000000,0.00000000000000000000,0.00000000000000000000,0.00695570000000000000,214.23760595000000000000,SETTLEMENT,2026-09-08 00:00:00
531298197,USDT,ETHUSDT,SETTLEMENT,SELL,--,-0.15000000000000000000,--,0.00296990000000000000,0.00000000000000000000,0.00000000000000000000,0.00296990000000000000,214.23065025000000000000,SETTLEMENT,2026-09-07 16:00:00
531298197,USDT,ETHUSDT,TRADE,SELL,0.05000000000000000000,-0.15000000000000000000,2510.00000000000000000000,0.00000000000000000000,-0.04518000000000000000,0.00000000000000000000,-0.04518000000000000000,214.22768035000000000000,OPEN,2026-09-07 13:15:13
531298197,USDT,,--,--,0.00000000000000000000,0.00000000000000000000,0.00000000000000000000,0.00000000000000000000,0.00000000000000000000,-799.14930000000000000000,-799.14930000000000000000,214.27286035000000000000,--,2026-09-07 08:21:07
531298197,USDT,ETHUSDT,SETTLEMENT,SELL,--,-0.10000000000000000000,--,0.00766786000000000000,0.00000000000000000000,0.00000000000000000000,0.00766786000000000000,1013.42216035000000000000,SETTLEMENT,2026-09-07 08:00:00
531298197,USDT,ETHUSDT,SETTLEMENT,SELL,--,-0.10000000000000000000,--,0.01604452000000000000,0.00000000000000000000,0.00000000000000000000,0.01604452000000000000,1013.41449249000000000000,SETTLEMENT,2026-09-07 00:00:00
531298197,USDT,ETHUSDT,SETTLEMENT,SELL,--,-0.10000000000000000000,--,0.00261242000000000000,0.00000000000000000000,0.00000000000000000000,0.00261242000000000000,1013.39844797000000000000,SETTLEMENT,2026-09-06 16:00:00
531298197,USDT,ETHUSDT,SETTLEMENT,SELL,--,-0.10000000000000000000,--,0.01559494000000000000,0.00000000000000000000,0.00000000000000000000,0.01559494000000000000,1013.39583555000000000000,SETTLEMENT,2026-09-06 08:00:00
531298197,USDT,ETHUSDT,SETTLEMENT,SELL,--,-0.10000000000000000000,--,0.00553359000000000000,0.00000000000000000000,0.00000000000000000000,0.00553359000000000000,1013.38024061000000000000,SETTLEMENT,2026-09-06 00:00:00
531298197,USDT,ETHUSDT,SETTLEMENT,SELL,--,-0.10000000000000000000,--,0.00443565000000000000,0.00000000000000000000,0.00000000000000000000,0.00443565000000000000,1013.37470702000000000000,SETTLEMENT,2026-09-05 16:00:00
531298197,USDT,ETHUSDT,SETTLEMENT,SELL,--,-0.10000000000000000000,--,0.00766088000000000000,0.00000000000000000000,0.00000000000000000000,0.00766088000000000000,1013.37027137000000000000,SETTLEMENT,2026-09-05 08:00:00
531298197,USDT,ETHUSDT,SETTLEMENT,SELL,--,-0.10000000000000000000,--,0.00769570000000000000,0.00000000000000000000,0.00000000000000000000,0.00769570000000000000,1013.36261049000000000000,SETTLEMENT,2026-09-05 00:00:00
531298197,USDT,ETHUSDT,SETTLEMENT,SELL,--,-0.10000000000000000000,--,0.01015142000000000000,0.00000000000000000000,0.00000000000000000000,0.01015142000000000000,1013.35491479000000000000,SETTLEMENT,2026-09-04 16:00:00
531298197,USDT,XAUTUSDT,TRADE,BUY,0.02000000000000000000,0.00000000000000000000,4400.00000000000000000000,0.00000000000000000000,-0.03168000000000000000,0.98000000000000000000,0.94832000000000000000,1013.34476337000000000000,CLOSE,2026-09-04 12:30:13
531298197,USDT,XAUTUSDT,SETTLEMENT,SELL,--,-0.02000000000000000000,--,0.00271845000000000000,0.00000000000000000000,0.00000000000000000000,0.00271845000000000000,1012.39644337000000000000,SETTLEMENT,2026-09-04 12:00:00
531298197,USDT,XAUTUSDT,SETTLEMENT,SELL,--,-0.02000000000000000000,--,0.00447430000000000000,0.00000000000000000000,0.00000000000000000000,0.00447430000000000000,1012.39372492000000000000,SETTLEMENT,2026-09-04 08:00:00
531298197,USDT,ETHUSDT,SETTLEMENT,SELL,--,-0.10000000000000000000,--,0.02503740000000000000,0.00000000000000000000,0.00000000000000000000,0.02503740000000000000,1012.38925062000000000000,SETTLEMENT,2026-09-04 08:00:00
531298197,USDT,XAUTUSDT,SETTLEMENT,SELL,--,-0.02000000000000000000,--,0.00157027000000000000,0.00000000000000000000,0.00000000000000000000,0.00157027000000000000,1012.36421322000000000000,SETTLEMENT,2026-09-04 04:00:00
531298197,USDT,ETHUSDT,SETTLEMENT,SELL,--,-0.10000000000000000000,--,0.02506290000000000000,0.00000000000000000000,0.00000000000000000000,0.02506290000000000000,1012.36264295000000000000,SETTLEMENT,2026-09-04 00:00:00
531298197,USDT,XAUTUSDT,SETTLEMENT,SELL,--,-0.02000000000000000000,--,0.00446994000000000000,0.00000000000000000000,0.00000000000000000000,0.00446994000000000000,1012.33758005000000000000,SETTLEMENT,2026-09-04 00:00:00
531298197,USDT,XAUTUSDT,SETTLEMENT,SELL,--,-0.02000000000000000000,--,0.00356761000000000000,0.00000000000000000000,0.00000000000000000000,0.00356761000000000000,1012.33311011000000000000,SETTLEMENT,2026-09-03 20:00:00
531298197,USDT,ETHUSDT,SETTLEMENT,SELL,--,-0.10000000000000000000,--,0.02516550000000000000,0.00000000000000000000,0.00000000000000000000,0.02516550000000000000,1012.32506022000000000000,SETTLEMENT,2026-09-03 16:00:00
531298197,USDT,XAUTUSDT,SETTLEMENT,SELL,--,-0.02000000000000000000,--,0.00448228000000000000,0.00000000000000000000,0.00000000000000000000,0.00448228000000000000,1012.32954250000000000000,SETTLEMENT,2026-09-03 16:00:00
531298197,USDT,XAUTUSDT,TRADE,SELL,0.01700000000000000000,-0.02000000000000000000,4449.00000000000000000000,0.00000000000000000000,-0.02722788000000000000,0.00000000000000000000,-0.02722788000000000000,1012.29989472000000000000,OPEN,2026-09-03 12:30:01
531298197,USDT,XAUTUSDT,TRADE,SELL,0.00300000000000000000,-0.00300000000000000000,4449.00000000000000000000,0.00000000000000000000,-0.00480492000000000000,0.00000000000000000000,-0.00480492000000000000,1012.32712260000000000000,OPEN,2026-09-03 12:30:01
531298197,USDT,ETHUSDT,SETTLEMENT,SELL,--,-0.10000000000000000000,--,0.01471954000000000000,0.00000000000000000000,0.00000000000000000000,0.01471954000000000000,1012.33192752000000000000,SETTLEMENT,2026-09-03 08:00:00
531298197,USDT,XAUTUSDT,TRADE,SELL,0.02000000000000000000,0.00000000000000000000,4400.00000000000000000000,0.00000000000000000000,-0.03168000000000000000,1.48000000000000000000,1.44832000000000000000,1012.31720798000000000000,CLOSE,2026-09-03 01:11:26
531298197,USDT,XAUTUSDT,SETTLEMENT,BUY,--,0.02000000000000000000,--,0.00234902000000000000,0.00000000000000000000,0.00000000000000000000,0.00234902000000000000,1010.84535236000000000000,SETTLEMENT,2026-09-03 00:00:00
531298197,USDT,ETHUSDT,SETTLEMENT,SELL,--,-0.10000000000000000000,--,0.02353562000000000000,0.00000000000000000000,0.00000000000000000000,0.02353562000000000000,1010.86888798000000000000,SETTLEMENT,2026-09-03 00:00:00
531298197,USDT,XAUTUSDT,SETTLEMENT,BUY,--,0.02000000000000000000,--,0.00185926000000000000,0.00000000000000000000,0.00000000000000000000,0.00185926000000000000,1010.84300334000000000000,SETTLEMENT,2026-09-02 20:00:00
531298197,USDT,ETHUSDT,SETTLEMENT,SELL,--,-0.10000000000000000000,--,0.00661782000000000000,0.00000000000000000000,0.00000000000000000000,0.00661782000000000000,1010.84368383000000000000,SETTLEMENT,2026-09-02 16:00:00
531298197,USDT,XAUTUSDT,SETTLEMENT,BUY,--,0.02000000000000000000,--,-0.00253975000000000000,0.00000000000000000000,0.00000000000000000000,-0.00253975000000000000,1010.84114408000000000000,SETTLEMENT,2026-09-02 16:00:00
531298197,USDT,ETHUSDT,TRADE,SELL,0.05000000000000000000,-0.05000000000000000000,2390.00000000000000000000,0.00000000000000000000,-0.04302000000000000000,0.00000000000000000000,-0.04302000000000000000,1010.88008601000000000000,OPEN,2026-09-02 13:42:24
531298197,USDT,ETHUSDT,TRADE,SELL,0.05000000000000000000,-0.10000000000000000000,2390.00000000000000000000,0.00000000000000000000,-0.04302000000000000000,0.00000000000000000000,-0.04302000000000000000,1010.83706601000000000000,OPEN,2026-09-02 13:42:24
531298197,USDT,XAUTUSDT,TRADE,SELL,0.02000000000000000000,0.02000000000000000000,4351.00000000000000000000,0.00000000000000000000,-0.03132720000000000000,0.50000000000000000000,0.46867280000000000000,1010.92310601000000000000,CLOSE,2026-09-02 13:26:31
531298197,USDT,XAUTUSDT,SETTLEMENT,BUY,--,0.04000000000000000000,--,0.00312291000000000000,0.00000000000000000000,0.00000000000000000000,0.00312291000000000000,1010.45443321000000000000,SETTLEMENT,2026-09-02 12:00:00
531298197,USDT,ETHUSDT,TRADE,BUY,0.05000000000000000000,0.00000000000000000000,2355.00000000000000000000,0.00000000000000000000,-0.04239000000000000000,-4.03353189000000000000,-4.07592189000000000000,1010.45131030000000000000,CLOSE,2026-09-02 10:51:19
531298197,USDT,ETHUSDT,TRADE,BUY,0.05000000000000000000,-0.05000000000000000000,2365.00000000000000000000,0.00000000000000000000,-0.04257000000000000000,-4.53353190000000000000,-4.57610190000000000000,1014.52723219000000000000,CLOSE,2026-09-02 10:31:30
531298197,USDT,ETHUSDT,SETTLEMENT,SELL,--,-0.10000000000000000000,--,0.00988401000000000000,0.00000000000000000000,0.00000000000000000000,0.00988401000000000000,1019.10849264000000000000,SETTLEMENT,2026-09-02 08:00:00
531298197,USDT,XAUTUSDT,SETTLEMENT,BUY,--,0.04000000000000000000,--,-0.00515855000000000000,0.00000000000000000000,0.00000000000000000000,-0.00515855000000000000,1019.10333409000000000000,SETTLEMENT,2026-09-02 08:00:00
531298197,USDT,XAUTUSDT,SETTLEMENT,BUY,--,0.04000000000000000000,--,-0.00716200000000000000,0.00000000000000000000,0.00000000000000000000,-0.00716200000000000000,1019.09860863000000000000,SETTLEMENT,2026-09-02 04:00:00
531298197,USDT,XAUTUSDT,TRADE,BUY,0.02000000000000000000,0.04000000000000000000,4301.00000000000000000000,0.00000000000000000000,-0.03096720000000000000,0.00000000000000000000,-0.03096720000000000000,1019.10577063000000000000,OPEN,2026-09-02 01:51:28
531298197,USDT,XAUTUSDT,SETTLEMENT,BUY,--,0.02000000000000000000,--,-0.00432800000000000000,0.00000000000000000000,0.00000000000000000000,-0.00432800000000000000,1019.13673783000000000000,SETTLEMENT,2026-09-02 00:00:00
531298197,USDT,ETHUSDT,SETTLEMENT,SELL,--,-0.10000000000000000000,--,0.00350025000000000000,0.00000000000000000000,0.00000000000000000000,0.00350025000000000000,1019.14106583000000000000,SETTLEMENT,2026-09-02 00:00:00
531298197,USDT,XAUTUSDT,SETTLEMENT,BUY,--,0.02000000000000000000,--,-0.00371905000000000000,0.00000000000000000000,0.00000000000000000000,-0.00371905000000000000,1019.13756558000000000000,SETTLEMENT,2026-09-01 20:00:00
531298197,USDT,ETHUSDT,SETTLEMENT,SELL,--,-0.10000000000000000000,--,0.01266381000000000000,0.00000000000000000000,0.00000000000000000000,0.01266381000000000000,1019.14312024000000000000,SETTLEMENT,2026-09-01 16:00:00
531298197,USDT,XAUTUSDT,SETTLEMENT,BUY,--,0.02000000000000000000,--,-0.00183561000000000000,0.00000000000000000000,0.00000000000000000000,-0.00183561000000000000,1019.14128463000000000000,SETTLEMENT,2026-09-01 16:00:00
531298197,USDT,XAUTUSDT,TRADE,BUY,0.02000000000000000000,0.02000000000000000000,4351.00000000000000000000,0.00000000000000000000,-0.03132720000000000000,0.00000000000000000000,-0.03132720000000000000,1019.13045643000000000000,OPEN,2026-09-01 12:37:52
531298197,USDT,XAUTUSDT,TRADE,BUY,0.02000000000000000000,0.00000000000000000000,4400.00000000000000000000,0.00000000000000000000,-0.03168000000000000000,0.98000000000000000000,0.94832000000000000000,1019.16178363000000000000,CLOSE,2026-09-01 08:08:22
531298197,USDT,XAUTUSDT,SETTLEMENT,SELL,--,-0.02000000000000000000,--,0.00078538000000000000,0.00000000000000000000,0.00000000000000000000,0.00078538000000000000,1018.21346363000000000000,SETTLEMENT,2026-09-01 08:00:00
531298197,USDT,ETHUSDT,SETTLEMENT,SELL,--,-0.10000000000000000000,--,0.01584257000000000000,0.00000000000000000000,0.00000000000000000000,0.01584257000000000000,1018.21267825000000000000,SETTLEMENT,2026-09-01 08:00:00
531298197,USDT,XAUTUSDT,SETTLEMENT,SELL,--,-0.02000000000000000000,--,0.00016915000000000000,0.00000000000000000000,0.00000000000000000000,0.00016915000000000000,1018.19683568000000000000,SETTLEMENT,2026-09-01 04:00:00
531298197,USDT,XAUTUSDT,SETTLEMENT,SELL,--,-0.02000000000000000000,--,0.00195074000000000000,0.00000000000000000000,0.00000000000000000000,0.00195074000000000000,1018.19666653000000000000,SETTLEMENT,2026-09-01 00:00:00
531298197,USDT,ETHUSDT,SETTLEMENT,SELL,--,-0.10000000000000000000,--,0.00999692000000000000,0.00000000000000000000,0.00000000000000000000,0.00999692000000000000,1018.19471579000000000000,SETTLEMENT,2026-09-01 00:00:00
531298197,USDT,XAUTUSDT,SETTLEMENT,SELL,--,-0.02000000000000000000,--,-0.00021944000000000000,0.00000000000000000000,0.00000000000000000000,-0.00021944000000000000,1018.18471887000000000000,SETTLEMENT,2026-08-31 20:00:00
531298197,USDT,XAUTUSDT,SETTLEMENT,SELL,--,-0.02000000000000000000,--,-0.00289892000000000000,0.00000000000000000000,0.00000000000000000000,-0.00289892000000000000,1018.18493831000000000000,SETTLEMENT,2026-08-31 16:00:00
531298197,USDT,ETHUSDT,SETTLEMENT,SELL,--,-0.10000000000000000000,--,0.01750031000000000000,0.00000000000000000000,0.00000000000000000000,0.01750031000000000000,1018.18783723000000000000,SETTLEMENT,2026-08-31 16:00:00
531298197,USDT,XAUTUSDT,SETTLEMENT,SELL,--,-0.02000000000000000000,--,0.00159657000000000000,0.00000000000000000000,0.00000000000000000000,0.00159657000000000000,1018.17033692000000000000,SETTLEMENT,2026-08-31 12:00:00
531298197,USDT,XAUTUSDT,TRADE,SELL,0.02000000000000000000,-0.02000000000000000000,4449.00000000000000000000,0.00000000000000000000,-0.03203280000000000000,0.00000000000000000000,-0.03203280000000000000,1018.16874035000000000000,OPEN,2026-08-31 11:27:29
531298197,USDT,ETHUSDT,SETTLEMENT,SELL,--,-0.10000000000000000000,--,0.01323049000000000000,0.00000000000000000000,0.00000000000000000000,0.01323049000000000000,1018.20077315000000000000,SETTLEMENT,2026-08-31 08:00:00
531298197,USDT,XAUTUSDT,TRADE,BUY,0.02000000000000000000,0.00000000000000000000,4400.00000000000000000000,0.00000000000000000000,-0.03168000000000000000,1.73000000000000000000,1.69832000000000000000,1018.18754266000000000000,CLOSE,2026-08-31 02:33:59
531298197,USDT,XAUTUSDT,SETTLEMENT,SELL,--,-0.02000000000000000000,--,0.00090017000000000000,0.00000000000000000000,0.00000000000000000000,0.00090017000000000000,1016.47560059000000000000,SETTLEMENT,2026-08-31 00:00:00
531298197,USDT,ETHUSDT,SETTLEMENT,SELL,--,-0.10000000000000000000,--,0.01362207000000000000,0.00000000000000000000,0.00000000000000000000,0.01362207000000000000,1016.48922266000000000000,SETTLEMENT,2026-08-31 00:00:00
531298197,USDT,XAUTUSDT,SETTLEMENT,SELL,--,-0.02000000000000000000,--,0.00445727000000000000,0.00000000000000000000,0.00000000000000000000,0.00445727000000000000,1016.47470042000000000000,SETTLEMENT,2026-08-30 20:00:00
531298197,USDT,XAUTUSDT,SETTLEMENT,SELL,--,-0.02000000000000000000,--,0.00445590000000000000,0.00000000000000000000,0.00000000000000000000,0.00445590000000000000,1016.47024315000000000000,SETTLEMENT,2026-08-30 16:00:00
531298197,USDT,ETHUSDT,SETTLEMENT,SELL,--,-0.10000000000000000000,--,0.00878097000000000000,0.00000000000000000000,0.00000000000000000000,0.00878097000000000000,1016.46578725000000000000,SETTLEMENT,2026-08-30 16:00:00
531298197,USDT,XAUTUSDT,SETTLEMENT,SELL,--,-0.02000000000000000000,--,0.00445580000000000000,0.00000000000000000000,0.00000000000000000000,0.00445580000000000000,1016.45700628000000000000,SETTLEMENT,2026-08-30 12:00:00
531298197,USDT,ETHUSDT,SETTLEMENT,SELL,--,-0.10000000000000000000,--,0.01015793000000000000,0.00000000000000000000,0.00000000000000000000,0.01015793000000000000,1016.44877976000000000000,SETTLEMENT,2026-08-30 08:00:00
531298197,USDT,XAUTUSDT,SETTLEMENT,SELL,--,-0.02000000000000000000,--,0.00377072000000000000,0.00000000000000000000,0.00000000000000000000,0.00377072000000000000,1016.45255048000000000000,SETTLEMENT,2026-08-30 08:00:00
531298197,USDT,XAUTUSDT,SETTLEMENT,SELL,--,-0.02000000000000000000,--,0.00142989000000000000,0.00000000000000000000,0.00000000000000000000,0.00142989000000000000,1016.43862183000000000000,SETTLEMENT,2026-08-30 04:00:00
531298197,USDT,ETHUSDT,SETTLEMENT,SELL,--,-0.10000000000000000000,--,0.00283713000000000000,0.00000000000000000000,0.00000000000000000000,0.00283713000000000000,1016.43273559000000000000,SETTLEMENT,2026-08-30 00:00:00
531298197,USDT,XAUTUSDT,SETTLEMENT,SELL,--,-0.02000000000000000000,--,0.00445635000000000000,0.00000000000000000000,0.00000000000000000000,0.00445635000000000000,1016.43719194000000000000,SETTLEMENT,2026-08-30 00:00:00
531298197,USDT,XAUTUSDT,SETTLEMENT,SELL,--,-0.02000000000000000000,--,0.00445496000000000000,0.00000000000000000000,0.00000000000000000000,0.00445496000000000000,1016.42989846000000000000,SETTLEMENT,2026-08-29 20:00:00
531298197,USDT,ETHUSDT,SETTLEMENT,SELL,--,-0.10000000000000000000,--,0.01118947000000000000,0.00000000000000000000,0.00000000000000000000,0.01118947000000000000,1016.42098760000000000000,SETTLEMENT,2026-08-29 16:00:00
531298197,USDT,XAUTUSDT,SETTLEMENT,SELL,--,-0.02000000000000000000,--,0.00445590000000000000,0.00000000000000000000,0.00000000000000000000,0.00445590000000000000,1016.42544350000000000000,SETTLEMENT,2026-08-29 16:00:00
531298197,USDT,XAUTUSDT,SETTLEMENT,SELL,--,-0.02000000000000000000,--,0.00445320000000000000,0.00000000000000000000,0.00000000000000000000,0.00445320000000000000,1016.40979813000000000000,SETTLEMENT,2026-08-29 12:00:00
531298197,USDT,XAUTUSDT,SETTLEMENT,SELL,--,-0.02000000000000000000,--,-0.00249171000000000000,0.00000000000000000000,0.00000000000000000000,-0.00249171000000000000,1016.40534493000000000000,SETTLEMENT,2026-08-29 08:00:00
531298197,USDT,ETHUSDT,SETTLEMENT,SELL,--,-0.10000000000000000000,--,0.00051376000000000000,0.00000000000000000000,0.00000000000000000000,0.00051376000000000000,1016.40783664000000000000,SETTLEMENT,2026-08-29 08:00:00
531298197,USDT,XAUTUSDT,SETTLEMENT,SELL,--,-0.02000000000000000000,--,0.00182946000000000000,0.00000000000000000000,0.00000000000000000000,0.00182946000000000000,1016.40732288000000000000,SETTLEMENT,2026-08-29 04:00:00
531298197,USDT,XAUTUSDT,SETTLEMENT,SELL,--,-0.02000000000000000000,--,-0.00258256000000000000,0.00000000000000000000,0.00000000000000000000,-0.00258256000000000000,1016.40549342000000000000,SETTLEMENT,2026-08-29 00:00:00
531298197,USDT,ETHUSDT,SETTLEMENT,SELL,--,-0.10000000000000000000,--,0.00281519000000000000,0.00000000000000000000,0.00000000000000000000,0.00281519000000000000,1016.40807598000000000000,SETTLEMENT,2026-08-29 00:00:00
531298197,USDT,XAUTUSDT,SETTLEMENT,SELL,--,-0.02000000000000000000,--,-0.00044103000000000000,0.00000000000000000000,0.00000000000000000000,-0.00044103000000000000,1016.40526079000000000000,SETTLEMENT,2026-08-28 20:00:00
531298197,USDT,XAUTUSDT,TRADE,BUY,0.02000000000000000000,-0.02000000000000000000,4449.00000000000000000000,0.00000000000000000000,-0.03203280000000000000,0.75000000000000000000,0.71796720000000000000,1016.40570182000000000000,CLOSE,2026-08-28 18:33:01
531298197,USDT,XAUTUSDT,SETTLEMENT,SELL,--,-0.04000000000000000000,--,0.00902762000000000000,0.00000000000000000000,0.00000000000000000000,0.00902762000000000000,1015.68773462000000000000,SETTLEMENT,2026-08-28 16:00:00
531298197,USDT,ETHUSDT,SETTLEMENT,SELL,--,-0.10000000000000000000,--,0.01380628000000000000,0.00000000000000000000,0.00000000000000000000,0.01380628000000000000,1015.67870700000000000000,SETTLEMENT,2026-08-28 16:00:00
531298197,USDT,XAUTUSDT,SETTLEMENT,SELL,--,-0.04000000000000000000,--,0.00514093000000000000,0.00000000000000000000,0.00000000000000000000,0.00514093000000000000,1015.66490072000000000000,SETTLEMENT,2026-08-28 12:00:00
531298197,USDT,XAUTUSDT,SETTLEMENT,SELL,--,-0.04000000000000000000,--,0.00919710000000000000,0.00000000000000000000,0.00000000000000000000,0.00919710000000000000,1015.65975979000000000000,SETTLEMENT,2026-08-28 08:00:00
531298197,USDT,ETHUSDT,SETTLEMENT,SELL,--,-0.10000000000000000000,--,0.01016883000000000000,0.00000000000000000000,0.00000000000000000000,0.01016883000000000000,1015.65056269000000000000,SETTLEMENT,2026-08-28 08:00:00
531298197,USDT,ETHUSDT,TRADE,BUY,0.40000000000000000000,-0.10000000000000000000,2484.13000000000000000000,0.00000000000000000000,-0.99365200000000000000,-83.92025520000000000000,-84.91390720000000000000,1015.64039386000000000000,CLOSE,2026-08-28 04:49:21
531298197,USDT,ETH-25SEP26-2100-C-USDT,TRADE,SELL,0.50000000000000000000,0.50000000000000000000,409.40000000000000000000,0.00000000000000000000,-0.37323505000000000000,204.70000000000000000000,204.32676495000000000000,1100.55430106000000000000,CLOSE,2026-08-28 04:43:02
531298197,USDT,XAUTUSDT,SETTLEMENT,SELL,--,-0.04000000000000000000,--,0.00325336000000000000,0.00000000000000000000,0.00000000000000000000,0.00325336000000000000,896.22753611000000000000,SETTLEMENT,2026-08-28 04:00:00
531298197,USDT,XAUTUSDT,SETTLEMENT,SELL,--,-0.04000000000000000000,--,0.00309933000000000000,0.00000000000000000000,0.00000000000000000000,0.00309933000000000000,896.22428275000000000000,SETTLEMENT,2026-08-28 00:00:00
531298197,USDT,ETHUSDT,SETTLEMENT,SELL,--,-0.50000000000000000000,--,0.01111841000000000000,0.00000000000000000000,0.00000000000000000000,0.01111841000000000000,896.22118342000000000000,SETTLEMENT,2026-08-28 00:00:00
531298197,USDT,XAUTUSDT,SETTLEMENT,SELL,--,-0.04000000000000000000,--,0.00441078000000000000,0.00000000000000000000,0.00000000000000000000,0.00441078000000000000,896.21006501000000000000,SETTLEMENT,2026-08-27 20:00:00
531298197,USDT,ETHUSDT,SETTLEMENT,SELL,--,-0.50000000000000000000,--,0.02253228000000000000,0.00000000000000000000,0.00000000000000000000,0.02253228000000000000,896.20565423000000000000,SETTLEMENT,2026-08-27 16:00:00
531298197,USDT,XAUTUSDT,SETTLEMENT,SELL,--,-0.04000000000000000000,--,-0.00647357000000000000,0.00000000000000000000,0.00000000000000000000,-0.00647357000000000000,896.18312195000000000000,SETTLEMENT,2026-08-27 16:00:00
531298197,USDT,XAUTUSDT,SETTLEMENT,SELL,--,-0.04000000000000000000,--,0.00272833000000000000,0.00000000000000000000,0.00000000000000000000,0.00272833000000000000,896.18959552000000000000,SETTLEMENT,2026-08-27 12:00:00
531298197,USDT,XAUTUSDT,SETTLEMENT,SELL,--,-0.04000000000000000000,--,0.00917920000000000000,0.00000000000000000000,0.00000000000000000000,0.00917920000000000000,896.18686719000000000000,SETTLEMENT,2026-08-27 08:00:00
531298197,USDT,ETHUSDT,SETTLEMENT,SELL,--,-0.50000000000000000000,--,0.01848325000000000000,0.00000000000000000000,0.00000000000000000000,0.01848325000000000000,896.17768799000000000000,SETTLEMENT,2026-08-27 08:00:00
531298197,USDT,XAUTUSDT,SETTLEMENT,SELL,--,-0.04000000000000000000,--,0.00922060000000000000,0.00000000000000000000,0.00000000000000000000,0.00922060000000000000,896.15920474000000000000,SETTLEMENT,2026-08-27 04:00:00
531298197,USDT,ETHUSDT,SETTLEMENT,SELL,--,-0.50000000000000000000,--,0.10767680000000000000,0.00000000000000000000,0.00000000000000000000,0.10767680000000000000,896.14076714000000000000,SETTLEMENT,2026-08-27 00:00:00
531298197,USDT,XAUTUSDT,SETTLEMENT,SELL,--,-0.04000000000000000000,--,0.00921700000000000000,0.00000000000000000000,0.00000000000000000000,0.00921700000000000000,896.14998414000000000000,SETTLEMENT,2026-08-27 00:00:00
531298197,USDT,XAUTUSDT,SETTLEMENT,SELL,--,-0.04000000000000000000,--,0.00916338000000000000,0.00000000000000000000,0.00000000000000000000,0.00916338000000000000,896.03309034000000000000,SETTLEMENT,2026-08-26 20:00:00
531298197,USDT,ETHUSDT,SETTLEMENT,SELL,--,-0.50000000000000000000,--,0.00421209000000000000,0.00000000000000000000,0.00000000000000000000,0.00421209000000000000,896.01513307000000000000,SETTLEMENT,2026-08-26 16:00:00
531298197,USDT,XAUTUSDT,SETTLEMENT,SELL,--,-0.04000000000000000000,--,0.00879389000000000000,0.00000000000000000000,0.00000000000000000000,0.00879389000000000000,896.02392696000000000000,SETTLEMENT,2026-08-26 16:00:00
531298197,USDT,XAUTUSDT,SETTLEMENT,SELL,--,-0.04000000000000000000,--,0.00732487000000000000,0.00000000000000000000,0.00000000000000000000,0.00732487000000000000,896.01092098000000000000,SETTLEMENT,2026-08-26 12:00:00
531298197,BTC,,--,--,0.00000000000000000000,0.00000000000000000000,0.00000000000000000000,0.00000000000000000000,0.00000000000000000000,-0.00149492000000000000,-0.00149492000000000000,0.00000000100000000000,--,2026-08-26 08:43:01
531298197,ETH,,--,--,0.00000000000000000000,0.00000000000000000000,0.00000000000000000000,0.00000000000000000000,0.00000000000000000000,-0.16802270000000000000,-0.16802270000000000000,0.00000000000000000000,--,2026-08-26 08:42:12
531298197,USDT,ETHUSDT,SETTLEMENT,SELL,--,-0.50000000000000000000,--,0.04557779000000000000,0.00000000000000000000,0.00000000000000000000,0.04557779000000000000,896.00359611000000000000,SETTLEMENT,2026-08-26 08:00:00
531298197,USDT,XAUTUSDT,SETTLEMENT,SELL,--,-0.04000000000000000000,--,0.00922446000000000000,0.00000000000000000000,0.00000000000000000000,0.00922446000000000000,895.95801832000000000000,SETTLEMENT,2026-08-26 08:00:00
531298197,USDT,XAUTUSDT,SETTLEMENT,SELL,--,-0.04000000000000000000,--,0.00743564000000000000,0.00000000000000000000,0.00000000000000000000,0.00743564000000000000,895.94879386000000000000,SETTLEMENT,2026-08-26 04:00:00
531298197,USDT,XAUTUSDT,SETTLEMENT,SELL,--,-0.04000000000000000000,--,0.00927400000000000000,0.00000000000000000000,0.00000000000000000000,0.00927400000000000000,895.94135822000000000000,SETTLEMENT,2026-08-26 00:00:00
531298197,USDT,ETHUSDT,SETTLEMENT,SELL,--,-0.50000000000000000000,--,0.01337974000000000000,0.00000000000000000000,0.00000000000000000000,0.01337974000000000000,895.93208422000000000000,SETTLEMENT,2026-08-26 00:00:00
531298197,USDT,XAUTUSDT,SETTLEMENT,SELL,--,-0.04000000000000000000,--,0.00244840000000000000,0.00000000000000000000,0.00000000000000000000,0.00244840000000000000,895.91870448000000000000,SETTLEMENT,2026-08-25 20:00:00
531298197,USDT,ETHUSDT,SETTLEMENT,SELL,--,-0.50000000000000000000,--,0.01397146000000000000,0.00000000000000000000,0.00000000000000000000,0.01397146000000000000,895.90974607000000000000,SETTLEMENT,2026-08-25 16:00:00
531298197,USDT,XAUTUSDT,SETTLEMENT,SELL,--,-0.04000000000000000000,--,0.00651001000000000000,0.00000000000000000000,0.00000000000000000000,0.00651001000000000000,895.91625608000000000000,SETTLEMENT,2026-08-25 16:00:00
531298197,USDT,XAUTUSDT,SETTLEMENT,SELL,--,-0.04000000000000000000,--,0.00924352000000000000,0.00000000000000000000,0.00000000000000000000,0.00924352000000000000,895.89577461000000000000,SETTLEMENT,2026-08-25 12:00:00
531298197,USDT,ETHUSDT,SETTLEMENT,SELL,--,-0.50000000000000000000,--,0.09144484000000000000,0.00000000000000000000,0.00000000000000000000,0.09144484000000000000,895.88819662000000000000,SETTLEMENT,2026-08-25 08:00:00
531298197,USDT,XAUTUSDT,SETTLEMENT,SELL,--,-0.04000000000000000000,--,-0.00166553000000000000,0.00000000000000000000,0.00000000000000000000,-0.00166553000000000000,895.88653109000000000000,SETTLEMENT,2026-08-25 08:00:00
531298197,USDT,XAUTUSDT,SETTLEMENT,SELL,--,-0.04000000000000000000,--,0.00462467000000000000,0.00000000000000000000,0.00000000000000000000,0.00462467000000000000,895.79675178000000000000,SETTLEMENT,2026-08-25 04:00:00
531298197,USDT,XAUTUSDT,SETTLEMENT,SELL,--,-0.04000000000000000000,--,0.00336998000000000000,0.00000000000000000000,0.00000000000000000000,0.00336998000000000000,895.71515192000000000000,SETTLEMENT,2026-08-25 00:00:00
531298197,USDT,ETHUSDT,SETTLEMENT,SELL,--,-0.50000000000000000000,--,0.07697519000000000000,0.00000000000000000000,0.00000000000000000000,0.07697519000000000000,895.79212711000000000000,SETTLEMENT,2026-08-25 00:00:00
531298197,USDT,XAUTUSDT,SETTLEMENT,SELL,--,-0.04000000000000000000,--,-0.01067868000000000000,0.00000000000000000000,0.00000000000000000000,-0.01067868000000000000,895.71178194000000000000,SETTLEMENT,2026-08-24 20:00:00
531298197,USDT,ETHUSDT,SETTLEMENT,SELL,--,-0.50000000000000000000,--,0.12431050000000000000,0.00000000000000000000,0.00000000000000000000,0.12431050000000000000,895.71570205000000000000,SETTLEMENT,2026-08-24 16:00:00
531298197,USDT,XAUTUSDT,SETTLEMENT,SELL,--,-0.04000000000000000000,--,0.00675857000000000000,0.00000000000000000000,0.00000000000000000000,0.00675857000000000000,895.72246062000000000000,SETTLEMENT,2026-08-24 16:00:00
531298197,USDT,ETHUSDT,TRADE,BUY,0.06000000000000000000,-0.50000000000000000000,2514.47000000000000000000,0.00000000000000000000,-0.15086820000000000000,-14.40843828000000000000,-14.55930648000000000000,895.59139155000000000000,CLOSE,2026-08-24 13:21:19
531298197,USDT,ETH-25SEP26-2100-C-USDT,TRADE,SELL,0.50000000000000000000,1.00000000000000000000,439.00000000000000000000,0.00000000000000000000,-0.25078663000000000000,219.50000000000000000000,219.24921337000000000000,910.15069803000000000000,CLOSE,2026-08-24 13:02:34
531298197,USDT,ETH-25DEC26-1900-C-USDT,TRADE,SELL,0.50000000000000000000,0.50000000000000000000,694.90000000000000000000,0.00000000000000000000,-0.37651672000000000000,347.45000000000000000000,347.07348328000000000000,690.90148466000000000000,CLOSE,2026-08-24 13:00:59
531298197,USDT,ETHUSDT,TRADE,BUY,0.60000000000000000000,-0.56000000000000000000,2513.46000000000000000000,0.00000000000000000000,-1.50807600000000000000,-143.47838279000000000000,-144.98645879000000000000,343.82800138000000000000,CLOSE,2026-08-24 12:56:20
531298197,USDT,XAUTUSDT,SETTLEMENT,SELL,--,-0.04000000000000000000,--,0.00259947000000000000,0.00000000000000000000,0.00000000000000000000,0.00259947000000000000,488.81446017000000000000,SETTLEMENT,2026-08-24 12:00:00
531298197,USDT,XAUTUSDT,SETTLEMENT,SELL,--,-0.04000000000000000000,--,0.00924314000000000000,0.00000000000000000000,0.00000000000000000000,0.00924314000000000000,488.81186070000000000000,SETTLEMENT,2026-08-24 08:00:00
531298197,USDT,ETHUSDT,SETTLEMENT,SELL,--,-1.16000000000000000000,--,0.28464544000000000000,0.00000000000000000000,0.00000000000000000000,0.28464544000000000000,488.80261756000000000000,SETTLEMENT,2026-08-24 08:00:00
531298197,USDT,XAUTUSDT,SETTLEMENT,SELL,--,-0.04000000000000000000,--,0.00190060000000000000,0.00000000000000000000,0.00000000000000000000,0.00190060000000000000,488.51797212000000000000,SETTLEMENT,2026-08-24 04:00:00
531298197,USDT,ETHUSDT,SETTLEMENT,SELL,--,-1.16000000000000000000,--,0.28565000000000000000,0.00000000000000000000,0.00000000000000000000,0.28565000000000000000,488.51119026000000000000,SETTLEMENT,2026-08-24 00:00:00
531298197,USDT,XAUTUSDT,SETTLEMENT,SELL,--,-0.04000000000000000000,--,0.00488126000000000000,0.00000000000000000000,0.00000000000000000000,0.00488126000000000000,488.51607152000000000000,SETTLEMENT,2026-08-24 00:00:00
531298197,USDT,XAUTUSDT,SETTLEMENT,SELL,--,-0.04000000000000000000,--,0.00012503000000000000,0.00000000000000000000,0.00000000000000000000,0.00012503000000000000,488.22554026000000000000,SETTLEMENT,2026-08-23 20:00:00
531298197,USDT,XAUTUSDT,SETTLEMENT,SELL,--,-0.04000000000000000000,--,0.00808192000000000000,0.00000000000000000000,0.00000000000000000000,0.00808192000000000000,488.22541523000000000000,SETTLEMENT,2026-08-23 16:00:00
531298197,USDT,ETHUSDT,SETTLEMENT,SELL,--,-1.16000000000000000000,--,0.28277900000000000000,0.00000000000000000000,0.00000000000000000000,0.28277900000000000000,488.21733331000000000000,SETTLEMENT,2026-08-23 16:00:00
531298197,USDT,XAUTUSDT,SETTLEMENT,SELL,--,-0.04000000000000000000,--,0.00389738000000000000,0.00000000000000000000,0.00000000000000000000,0.00389738000000000000,487.93455431000000000000,SETTLEMENT,2026-08-23 12:00:00
531298197,USDT,ETHUSDT,SETTLEMENT,SELL,--,-1.16000000000000000000,--,0.27700452000000000000,0.00000000000000000000,0.00000000000000000000,0.27700452000000000000,487.93187724000000000000,SETTLEMENT,2026-08-23 08:00:00
531298197,USDT,XAUTUSDT,SETTLEMENT,SELL,--,-0.04000000000000000000,--,-0.00122031000000000000,0.00000000000000000000,0.00000000000000000000,-0.00122031000000000000,487.93065693000000000000,SETTLEMENT,2026-08-23 08:00:00
531298197,USDT,ETHUSDT,TRADE,SELL,0.05000000000000000000,-1.16000000000000000000,2390.00000000000000000000,0.00000000000000000000,-0.04302000000000000000,0.00000000000000000000,-0.04302000000000000000,487.65487272000000000000,OPEN,2026-08-23 06:20:26
531298197,USDT,ETHUSDT,TRADE,BUY,0.05000000000000000000,-1.11000000000000000000,2365.00000000000000000000,0.00000000000000000000,-0.04257000000000000000,-4.79405136000000000000,-4.83662136000000000000,487.69789272000000000000,CLOSE,2026-08-23 05:08:56
531298197,USDT,XAUTUSDT,SETTLEMENT,SELL,--,-0.04000000000000000000,--,0.00915980000000000000,0.00000000000000000000,0.00000000000000000000,0.00915980000000000000,492.53451408000000000000,SETTLEMENT,2026-08-23 04:00:00
531298197,USDT,ETHUSDT,SETTLEMENT,SELL,--,-1.16000000000000000000,--,0.28095200000000000000,0.00000000000000000000,0.00000000000000000000,0.28095200000000000000,492.51619568000000000000,SETTLEMENT,2026-08-23 00:00:00
531298197,USDT,XAUTUSDT,SETTLEMENT,SELL,--,-0.04000000000000000000,--,0.00915860000000000000,0.00000000000000000000,0.00000000000000000000,0.00915860000000000000,492.52535428000000000000,SETTLEMENT,2026-08-23 00:00:00
531298197,USDT,XAUTUSDT,SETTLEMENT,SELL,--,-0.04000000000000000000,--,0.00916080000000000000,0.00000000000000000000,0.00000000000000000000,0.00916080000000000000,492.23524368000000000000,SETTLEMENT,2026-08-22 20:00:00
531298197,USDT,XAUTUSDT,SETTLEMENT,SELL,--,-0.04000000000000000000,--,-0.00777737000000000000,0.00000000000000000000,0.00000000000000000000,-0.00777737000000000000,492.22608288000000000000,SETTLEMENT,2026-08-22 16:00:00
531298197,USDT,ETHUSDT,SETTLEMENT,SELL,--,-1.16000000000000000000,--,0.27962032000000000000,0.00000000000000000000,0.00000000000000000000,0.27962032000000000000,492.23386025000000000000,SETTLEMENT,2026-08-22 16:00:00
531298197,USDT,XAUTUSDT,SETTLEMENT,SELL,--,-0.04000000000000000000,--,0.00684947000000000000,0.00000000000000000000,0.00000000000000000000,0.00684947000000000000,491.95423993000000000000,SETTLEMENT,2026-08-22 12:00:00
531298197,USDT,XAUTUSDT,SETTLEMENT,SELL,--,-0.04000000000000000000,--,-0.01335029000000000000,0.00000000000000000000,0.00000000000000000000,-0.01335029000000000000,491.66529586000000000000,SETTLEMENT,2026-08-22 08:00:00
531298197,USDT,ETHUSDT,SETTLEMENT,SELL,--,-1.16000000000000000000,--,0.28209460000000000000,0.00000000000000000000,0.00000000000000000000,0.28209460000000000000,491.94739046000000000000,SETTLEMENT,2026-08-22 08:00:00
531298197,USDT,XAUTUSDT,SETTLEMENT,SELL,--,-0.04000000000000000000,--,0.00916704000000000000,0.00000000000000000000,0.00000000000000000000,0.00916704000000000000,491.67864615000000000000,SETTLEMENT,2026-08-22 04:00:00
531298197,USDT,XAUTUSDT,SETTLEMENT,SELL,--,-0.04000000000000000000,--,0.00917240000000000000,0.00000000000000000000,0.00000000000000000000,0.00917240000000000000,491.66947911000000000000,SETTLEMENT,2026-08-22 00:00:00
531298197,USDT,ETHUSDT,SETTLEMENT,SELL,--,-1.16000000000000000000,--,0.29184440000000000000,0.00000000000000000000,0.00000000000000000000,0.29184440000000000000,491.66030671000000000000,SETTLEMENT,2026-08-22 00:00:00
531298197,USDT,XAUTUSDT,SETTLEMENT,SELL,--,-0.04000000000000000000,--,-0.00970099000000000000,0.00000000000000000000,0.00000000000000000000,-0.00970099000000000000,491.36846231000000000000,SETTLEMENT,2026-08-21 20:00:00
531298197,USDT,XAUTUSDT,SETTLEMENT,SELL,--,-0.04000000000000000000,--,0.00917906000000000000,0.00000000000000000000,0.00000000000000000000,0.00917906000000000000,491.10059038000000000000,SETTLEMENT,2026-08-21 16:00:00
531298197,USDT,ETHUSDT,SETTLEMENT,SELL,--,-1.16000000000000000000,--,0.27757292000000000000,0.00000000000000000000,0.00000000000000000000,0.27757292000000000000,491.37816330000000000000,SETTLEMENT,2026-08-21 16:00:00
531298197,USDT,ETHUSDT,TRADE,SELL,0.05000000000000000000,-1.16000000000000000000,2390.00000000000000000000,0.00000000000000000000,-0.04302000000000000000,0.00000000000000000000,-0.04302000000000000000,491.09141132000000000000,OPEN,2026-08-21 12:39:58
531298197,USDT,XAUTUSDT,SETTLEMENT,SELL,--,-0.04000000000000000000,--,0.00914614000000000000,0.00000000000000000000,0.00000000000000000000,0.00914614000000000000,491.13443132000000000000,SETTLEMENT,2026-08-21 12:00:00
531298197,USDT,ETHUSDT,TRADE,BUY,0.05000000000000000000,-1.11000000000000000000,2365.00000000000000000000,0.00000000000000000000,-0.04257000000000000000,-5.06630592000000000000,-5.10887592000000000000,491.12528518000000000000,CLOSE,2026-08-21 11:34:10
531298197,USDT,XAUTUSDT,SETTLEMENT,SELL,--,-0.04000000000000000000,--,0.00908940000000000000,0.00000000000000000000,0.00000000000000000000,0.00908940000000000000,495.95902418000000000000,SETTLEMENT,2026-08-21 08:00:00
531298197,USDT,ETHUSDT,SETTLEMENT,SELL,--,-1.16000000000000000000,--,0.27513692000000000000,0.00000000000000000000,0.00000000000000000000,0.27513692000000000000,496.23416110000000000000,SETTLEMENT,2026-08-21 08:00:00
531298197,USDT,ETHUSDT,TRADE,SELL,0.05000000000000000000,-1.16000000000000000000,2390.00000000000000000000,0.00000000000000000000,-0.04302000000000000000,0.00000000000000000000,-0.04302000000000000000,495.94993478000000000000,OPEN,2026-08-21 07:15:18
531298197,USDT,ETHUSDT,TRADE,SELL,0.05000000000000000000,-1.11000000000000000000,2390.00000000000000000000,0.00000000000000000000,-0.04302000000000000000,0.00000000000000000000,-0.04302000000000000000,495.99295478000000000000,OPEN,2026-08-21 07:15:18
531298197,USDT,XAUTUSDT,SETTLEMENT,SELL,--,-0.04000000000000000000,--,0.00902680000000000000,0.00000000000000000000,0.00000000000000000000,0.00902680000000000000,496.03597478000000000000,SETTLEMENT,2026-08-21 04:00:00
531298197,USDT,ETHUSDT,SETTLEMENT,SELL,--,-1.06000000000000000000,--,0.18397441000000000000,0.00000000000000000000,0.00000000000000000000,0.18397441000000000000,496.02694798000000000000,SETTLEMENT,2026-08-21 00:00:00
531298197,USDT,XAUTUSDT,SETTLEMENT,SELL,--,-0.04000000000000000000,--,0.00273065000000000000,0.00000000000000000000,0.00000000000000000000,0.00273065000000000000,495.84297357000000000000,SETTLEMENT,2026-08-21 00:00:00
531298197,USDT,ETHUSDT,TRADE,SELL,0.05000000000000000000,-1.01000000000000000000,2340.00000000000000000000,0.00000000000000000000,-0.04212000000000000000,0.00000000000000000000,-0.04212000000000000000,495.88236292000000000000,OPEN,2026-08-20 23:26:23
531298197,USDT,ETHUSDT,TRADE,SELL,0.05000000000000000000,-1.06000000000000000000,2340.00000000000000000000,0.00000000000000000000,-0.04212000000000000000,0.00000000000000000000,-0.04212000000000000000,495.84024292000000000000,OPEN,2026-08-20 23:26:23
531298197,USDT,ETHUSDT,TRADE,BUY,0.05000000000000000000,-0.96000000000000000000,2305.00000000000000000000,0.00000000000000000000,-0.04149000000000000000,-3.12178633000000000000,-3.16327633000000000000,495.92448292000000000000,CLOSE,2026-08-20 22:03:56
531298197,USDT,XAUTUSDT,SETTLEMENT,SELL,--,-0.04000000000000000000,--,0.00385541000000000000,0.00000000000000000000,0.00000000000000000000,0.00385541000000000000,499.08775925000000000000,SETTLEMENT,2026-08-20 20:00:00
531298197,USDT,ETHUSDT,TRADE,BUY,0.05000000000000000000,-1.01000000000000000000,2315.00000000000000000000,0.00000000000000000000,-0.04167000000000000000,-3.62178633000000000000,-3.66345633000000000000,499.08390384000000000000,CLOSE,2026-08-20 18:34:11
531298197,USDT,ETHUSDT,TRADE,SELL,0.05000000000000000000,-1.06000000000000000000,2340.00000000000000000000,0.00000000000000000000,-0.04212000000000000000,0.00000000000000000000,-0.04212000000000000000,502.74736017000000000000,OPEN,2026-08-20 16:41:13
531298197,USDT,ETHUSDT,TRADE,SELL,0.05000000000000000000,-1.01000000000000000000,2340.00000000000000000000,0.00000000000000000000,-0.04212000000000000000,0.00000000000000000000,-0.04212000000000000000,502.78948017000000000000,OPEN,2026-08-20 16:41:13
531298197,USDT,XAUTUSDT,SETTLEMENT,SELL,--,-0.04000000000000000000,--,-0.00479690000000000000,0.00000000000000000000,0.00000000000000000000,-0.00479690000000000000,502.83160017000000000000,SETTLEMENT,2026-08-20 16:00:00
531298197,USDT,ETHUSDT,SETTLEMENT,SELL,--,-0.96000000000000000000,--,0.20069563000000000000,0.00000000000000000000,0.00000000000000000000,0.20069563000000000000,502.83639707000000000000,SETTLEMENT,2026-08-20 16:00:00
531298197,USDT,ETH-25SEP26-2000-C-USDT,TRADE,SELL,1.50000000000000000000,0.00000000000000000000,363.30000000000000000000,0.00000000000000000000,-1.04972888000000000000,544.95000000000000000000,543.90027112000000000000,502.63570144000000000000,CLOSE,2026-08-20 15:52:09
531298197,USDT,ETHUSDT,TRADE,SELL,0.05000000000000000000,-0.96000000000000000000,2302.83000000000000000000,0.00000000000000000000,-0.04145094000000000000,0.00000000000000000000,-0.04145094000000000000,-41.26456968000000000000,OPEN,2026-08-20 15:04:08
531298197,USDT,ETHUSDT,TRADE,SELL,0.04000000000000000000,-0.91000000000000000000,2300.10000000000000000000,0.00000000000000000000,-0.03312144000000000000,0.00000000000000000000,-0.03312144000000000000,-41.22311874000000000000,OPEN,2026-08-20 15:03:58
531298197,USDT,XAUTUSDT,TRADE,SELL,0.02000000000000000000,-0.04000000000000000000,4499.00000000000000000000,0.00000000000000000000,-0.03239280000000000000,0.00000000000000000000,-0.03239280000000000000,-41.18999730000000000000,OPEN,2026-08-20 15:01:26
531298197,USDT,ETHUSDT,TRADE,SELL,0.04000000000000000000,-0.87000000000000000000,2280.09000000000000000000,0.00000000000000000000,-0.03283330000000000000,0.00000000000000000000,-0.03283330000000000000,-41.15760450000000000000,OPEN,2026-08-20 13:51:46
531298197,USDT,ETHUSDT,TRADE,BUY,0.04000000000000000000,-0.83000000000000000000,2260.08000000000000000000,0.00000000000000000000,-0.03254516000000000000,-1.49866844000000000000,-1.53121360000000000000,-41.12477120000000000000,CLOSE,2026-08-20 13:36:54
531298197,USDT,ETHUSDT,TRADE,BUY,0.05000000000000000000,-0.87000000000000000000,2271.04000000000000000000,0.00000000000000000000,-0.04087872000000000000,-2.42133555000000000000,-2.46221427000000000000,-39.59355760000000000000,CLOSE,2026-08-20 12:06:46
531298197,USDT,ETHUSDT,TRADE,BUY,0.04000000000000000000,-0.92000000000000000000,2280.09000000000000000000,0.00000000000000000000,-0.03283330000000000000,-2.29906844000000000000,-2.33190174000000000000,-37.13134333000000000000,CLOSE,2026-08-20 12:06:46
531298197,USDT,XAUTUSDT,SETTLEMENT,SELL,--,-0.02000000000000000000,--,0.00444758000000000000,0.00000000000000000000,0.00000000000000000000,0.00444758000000000000,-34.79944159000000000000,SETTLEMENT,2026-08-20 12:00:00
531298197,USDT,XAUTUSDT,TRADE,BUY,0.02000000000000000000,-0.02000000000000000000,4449.00000000000000000000,0.00000000000000000000,-0.03203280000000000000,0.50000000000000000000,0.46796720000000000000,-34.80388917000000000000,CLOSE,2026-08-20 11:47:22
531298197,USDT,ETHUSDT,TRADE,SELL,0.04000000000000000000,-0.91000000000000000000,2300.10000000000000000000,0.00000000000000000000,-0.03312144000000000000,0.00000000000000000000,-0.03312144000000000000,-35.23040543000000000000,OPEN,2026-08-20 11:31:40
531298197,USDT,ETHUSDT,TRADE,SELL,0.05000000000000000000,-0.96000000000000000000,2302.83000000000000000000,0.00000000000000000000,-0.04145094000000000000,0.00000000000000000000,-0.04145094000000000000,-35.27185637000000000000,OPEN,2026-08-20 11:31:40
531298197,USDT,ETHUSDT,TRADE,SELL,0.04000000000000000000,-0.87000000000000000000,2280.09000000000000000000,0.00000000000000000000,-0.03283330000000000000,0.00000000000000000000,-0.03283330000000000000,-35.19728399000000000000,OPEN,2026-08-20 08:13:26
531298197,USDT,ETHUSDT,TRADE,SELL,0.05000000000000000000,-0.83000000000000000000,2270.58000000000000000000,0.00000000000000000000,-0.04087044000000000000,0.00000000000000000000,-0.04087044000000000000,-35.16445069000000000000,OPEN,2026-08-20 08:10:46
531298197,USDT,XAUTUSDT,SETTLEMENT,SELL,--,-0.04000000000000000000,--,0.00893540000000000000,0.00000000000000000000,0.00000000000000000000,0.00893540000000000000,-35.12358025000000000000,SETTLEMENT,2026-08-20 08:00:00
531298197,USDT,ETHUSDT,SETTLEMENT,SELL,--,-0.78000000000000000000,--,0.17565600000000000000,0.00000000000000000000,0.00000000000000000000,0.17565600000000000000,-35.13251565000000000000,SETTLEMENT,2026-08-20 08:00:00
531298197,USDT,ETHUSDT,TRADE,SELL,0.04000000000000000000,-0.78000000000000000000,2260.08000000000000000000,0.00000000000000000000,-0.03254516000000000000,0.00000000000000000000,-0.03254516000000000000,-35.30817165000000000000,OPEN,2026-08-20 06:35:38
531298197,USDT,XAUTUSDT,SETTLEMENT,SELL,--,-0.04000000000000000000,--,0.00895396000000000000,0.00000000000000000000,0.00000000000000000000,0.00895396000000000000,-35.27562649000000000000,SETTLEMENT,2026-08-20 04:00:00
531298197,USDT,ETHUSDT,TRADE,SELL,0.04000000000000000000,-0.74000000000000000000,2240.08000000000000000000,0.00000000000000000000,-0.03225716000000000000,0.00000000000000000000,-0.03225716000000000000,-35.28458045000000000000,OPEN,2026-08-20 03:20:19
531298197,USDT,ETHUSDT,TRADE,BUY,0.04000000000000000000,-0.70000000000000000000,2220.06000000000000000000,0.00000000000000000000,-0.03196887000000000000,-0.69815672000000000000,-0.73012559000000000000,-35.25232329000000000000,CLOSE,2026-08-20 03:11:17
531298197,USDT,ETHUSDT,TRADE,BUY,0.05000000000000000000,-0.74000000000000000000,2239.23000000000000000000,0.00000000000000000000,-0.04030614000000000000,-1.83119589000000000000,-1.87150203000000000000,-34.52219770000000000000,CLOSE,2026-08-20 03:08:59
531298197,USDT,ETHUSDT,TRADE,BUY,0.04000000000000000000,-0.79000000000000000000,2240.08000000000000000000,0.00000000000000000000,-0.03225716000000000000,-1.49895672000000000000,-1.53121388000000000000,-32.65069567000000000000,CLOSE,2026-08-20 03:08:59
531298197,USDT,ETHUSDT,SETTLEMENT,SELL,--,-0.83000000000000000000,--,0.18694090000000000000,0.00000000000000000000,0.00000000000000000000,0.18694090000000000000,-31.12845339000000000000,SETTLEMENT,2026-08-20 00:00:00
531298197,USDT,XAUTUSDT,SETTLEMENT,SELL,--,-0.04000000000000000000,--,0.00897160000000000000,0.00000000000000000000,0.00000000000000000000,0.00897160000000000000,-31.11948179000000000000,SETTLEMENT,2026-08-20 00:00:00
531298197,USDT,ETHUSDT,TRADE,BUY,0.04000000000000000000,-0.83000000000000000000,2260.08000000000000000000,0.00000000000000000000,-0.03254516000000000000,-2.29895672000000000000,-2.33150188000000000000,-31.31539429000000000000,CLOSE,2026-08-19 22:25:14
531298197,USDT,ETHUSDT,TRADE,BUY,0.05000000000000000000,-0.87000000000000000000,2271.04000000000000000000,0.00000000000000000000,-0.04087872000000000000,-3.42169590000000000000,-3.46257462000000000000,-28.98389241000000000000,CLOSE,2026-08-19 22:01:40
531298197,USDT,ETHUSDT,TRADE,BUY,0.04000000000000000000,-0.92000000000000000000,2280.09000000000000000000,0.00000000000000000000,-0.03283330000000000000,-3.09935672000000000000,-3.13219002000000000000,-25.52131779000000000000,CLOSE,2026-08-19 21:58:24
531298197,USDT,ETHUSDT,TRADE,SELL,0.04000000000000000000,-0.91000000000000000000,2300.10000000000000000000,0.00000000000000000000,-0.03312144000000000000,0.00000000000000000000,-0.03312144000000000000,-22.34767683000000000000,OPEN,2026-08-19 21:46:11
531298197,USDT,ETHUSDT,TRADE,SELL,0.05000000000000000000,-0.96000000000000000000,2302.83000000000000000000,0.00000000000000000000,-0.04145094000000000000,0.00000000000000000000,-0.04145094000000000000,-22.38912777000000000000,OPEN,2026-08-19 21:46:11
531298197,USDT,ETHUSDT,TRADE,SELL,0.04000000000000000000,-0.87000000000000000000,2280.09000000000000000000,0.00000000000000000000,-0.03283330000000000000,0.00000000000000000000,-0.03283330000000000000,-22.31455539000000000000,OPEN,2026-08-19 21:28:55
531298197,USDT,ETHUSDT,TRADE,BUY,0.04000000000000000000,-0.83000000000000000000,2260.08000000000000000000,0.00000000000000000000,-0.03254516000000000000,-2.87776680000000000000,-2.91031196000000000000,-22.28172209000000000000,CLOSE,2026-08-19 21:11:19
531298197,USDT,ETHUSDT,TRADE,BUY,0.05000000000000000000,-0.87000000000000000000,2271.04000000000000000000,0.00000000000000000000,-0.04087872000000000000,-4.14520850000000000000,-4.18608722000000000000,-19.37141013000000000000,CLOSE,2026-08-19 21:11:02
531298197,USDT,ETHUSDT,TRADE,BUY,0.04000000000000000000,-0.92000000000000000000,2280.09000000000000000000,0.00000000000000000000,-0.03283330000000000000,-3.67816681000000000000,-3.71100011000000000000,-15.18532291000000000000,CLOSE,2026-08-19 21:10:39
531298197,USDT,ETHUSDT,TRADE,SELL,0.05000000000000000000,-0.96000000000000000000,2302.83000000000000000000,0.00000000000000000000,-0.04145094000000000000,0.00000000000000000000,-0.04145094000000000000,-11.47432280000000000000,OPEN,2026-08-19 21:07:12
531298197,USDT,ETHUSDT,TRADE,SELL,0.04000000000000000000,-0.91000000000000000000,2300.10000000000000000000,0.00000000000000000000,-0.03312144000000000000,0.00000000000000000000,-0.03312144000000000000,-11.43287186000000000000,OPEN,2026-08-19 21:07:11
531298197,USDT,ETHUSDT,TRADE,SELL,0.04000000000000000000,-0.87000000000000000000,2280.09000000000000000000,0.00000000000000000000,-0.03283330000000000000,0.00000000000000000000,-0.03283330000000000000,-11.39975042000000000000,OPEN,2026-08-19 21:06:19
531298197,USDT,ETHUSDT,TRADE,SELL,0.05000000000000000000,-0.83000000000000000000,2270.58000000000000000000,0.00000000000000000000,-0.04087044000000000000,0.00000000000000000000,-0.04087044000000000000,-11.36691712000000000000,OPEN,2026-08-19 21:04:39
531298197,USDT,ETHUSDT,TRADE,SELL,0.04000000000000000000,-0.78000000000000000000,2260.08000000000000000000,0.00000000000000000000,-0.03254516000000000000,0.00000000000000000000,-0.03254516000000000000,-11.32604668000000000000,OPEN,2026-08-19 21:04:34
531298197,USDT,ETHUSDT,TRADE,SELL,0.05000000000000000000,-0.70000000000000000000,2238.79000000000000000000,0.00000000000000000000,-0.04029822000000000000,0.00000000000000000000,-0.04029822000000000000,-11.26124436000000000000,OPEN,2026-08-19 21:04:28
531298197,USDT,ETHUSDT,TRADE,SELL,0.04000000000000000000,-0.74000000000000000000,2240.08000000000000000000,0.00000000000000000000,-0.03225716000000000000,0.00000000000000000000,-0.03225716000000000000,-11.29350152000000000000,OPEN,2026-08-19 21:04:28
531298197,USDT,ETHUSDT,TRADE,SELL,0.04000000000000000000,-0.65000000000000000000,2220.06000000000000000000,0.00000000000000000000,-0.03196887000000000000,0.00000000000000000000,-0.03196887000000000000,-11.22094614000000000000,OPEN,2026-08-19 20:59:40
531298197,USDT,ETHUSDT,TRADE,BUY,0.04000000000000000000,-0.61000000000000000000,2200.06000000000000000000,0.00000000000000000000,-0.03168087000000000000,-2.23295759000000000000,-2.26463846000000000000,-11.18897727000000000000,CLOSE,2026-08-19 20:52:04
531298197,USDT,ETHUSDT,TRADE,BUY,0.05000000000000000000,-0.65000000000000000000,2207.88000000000000000000,0.00000000000000000000,-0.03974184000000000000,-3.18219699000000000000,-3.22193883000000000000,-8.92433881000000000000,CLOSE,2026-08-19 20:51:58
531298197,USDT,ETHUSDT,TRADE,BUY,0.04000000000000000000,-0.70000000000000000000,2220.06000000000000000000,0.00000000000000000000,-0.03196887000000000000,-3.03295759000000000000,-3.06492646000000000000,-5.70239998000000000000,CLOSE,2026-08-19 20:51:17
531298197,USDT,ETHUSDT,TRADE,SELL,0.05000000000000000000,-0.70000000000000000000,2238.79000000000000000000,0.00000000000000000000,-0.04029822000000000000,0.00000000000000000000,-0.04029822000000000000,-2.60521636000000000000,OPEN,2026-08-19 20:51:12
531298197,USDT,ETHUSDT,TRADE,SELL,0.04000000000000000000,-0.74000000000000000000,2240.08000000000000000000,0.00000000000000000000,-0.03225716000000000000,0.00000000000000000000,-0.03225716000000000000,-2.63747352000000000000,OPEN,2026-08-19 20:51:12
531298197,USDT,ETHUSDT,TRADE,SELL,0.04000000000000000000,-0.65000000000000000000,2220.06000000000000000000,0.00000000000000000000,-0.03196887000000000000,0.00000000000000000000,-0.03196887000000000000,-2.56491814000000000000,OPEN,2026-08-19 20:51:06
531298197,USDT,ETHUSDT,TRADE,SELL,0.05000000000000000000,-0.61000000000000000000,2207.45000000000000000000,0.00000000000000000000,-0.03973410000000000000,0.00000000000000000000,-0.03973410000000000000,-2.53294927000000000000,OPEN,2026-08-19 20:51:03
531298197,USDT,ETHUSDT,TRADE,SELL,0.04000000000000000000,-0.56000000000000000000,2200.06000000000000000000,0.00000000000000000000,-0.03168087000000000000,0.00000000000000000000,-0.03168087000000000000,-2.49321517000000000000,OPEN,2026-08-19 20:51:03
531298197,USDT,ETHUSDT,TRADE,SELL,0.04000000000000000000,-0.52000000000000000000,2180.04000000000000000000,0.00000000000000000000,-0.03139258000000000000,0.00000000000000000000,-0.03139258000000000000,-2.46153430000000000000,OPEN,2026-08-19 20:50:41
531298197,USDT,ETHUSDT,TRADE,SELL,0.05000000000000000000,-0.48000000000000000000,2176.56000000000000000000,0.00000000000000000000,-0.03917808000000000000,0.00000000000000000000,-0.03917808000000000000,-2.43014172000000000000,OPEN,2026-08-19 20:50:41
531298197,USDT,ETHUSDT,TRADE,SELL,0.04000000000000000000,-0.43000000000000000000,2160.04000000000000000000,0.00000000000000000000,-0.03110458000000000000,0.00000000000000000000,-0.03110458000000000000,-2.39096364000000000000,OPEN,2026-08-19 20:50:38
531298197,USDT,ETHUSDT,TRADE,SELL,0.05000000000000000000,-0.39000000000000000000,2146.08000000000000000000,0.00000000000000000000,-0.03862944000000000000,0.00000000000000000000,-0.03862944000000000000,-2.35985906000000000000,OPEN,2026-08-19 20:50:15
531298197,USDT,ETHUSDT,TRADE,SELL,0.04000000000000000000,-0.34000000000000000000,2140.02000000000000000000,0.00000000000000000000,-0.03081629000000000000,0.00000000000000000000,-0.03081629000000000000,-2.32122962000000000000,OPEN,2026-08-19 20:50:14
531298197,USDT,XAUTUSDT,TRADE,SELL,0.02000000000000000000,-0.04000000000000000000,4499.00000000000000000000,0.00000000000000000000,-0.03239280000000000000,0.00000000000000000000,-0.03239280000000000000,-2.29041333000000000000,OPEN,2026-08-19 20:48:04
531298197,USDT,ETHUSDT,TRADE,SELL,0.04000000000000000000,-0.30000000000000000000,2120.02000000000000000000,0.00000000000000000000,-0.03052829000000000000,0.00000000000000000000,-0.03052829000000000000,-2.25802053000000000000,OPEN,2026-08-19 20:25:24
531298197,USDT,ETHUSDT,TRADE,SELL,0.05000000000000000000,-0.26000000000000000000,2116.04000000000000000000,0.00000000000000000000,-0.03808872000000000000,0.00000000000000000000,-0.03808872000000000000,-2.22749224000000000000,OPEN,2026-08-19 20:07:18
531298197,USDT,XAUTUSDT,SETTLEMENT,SELL,--,-0.02000000000000000000,--,0.00448750000000000000,0.00000000000000000000,0.00000000000000000000,0.00448750000000000000,-2.18940352000000000000,SETTLEMENT,2026-08-19 20:00:00
531298197,USDT,XAUTUSDT,SETTLEMENT,SELL,--,-0.02000000000000000000,--,0.00447376000000000000,0.00000000000000000000,0.00000000000000000000,0.00447376000000000000,-2.19389102000000000000,SETTLEMENT,2026-08-19 16:00:00
531298197,USDT,ETHUSDT,SETTLEMENT,SELL,--,-0.21000000000000000000,--,0.04378731000000000000,0.00000000000000000000,0.00000000000000000000,0.04378731000000000000,-2.19836478000000000000,SETTLEMENT,2026-08-19 16:00:00
531298197,USDT,ETHUSDT,TRADE,SELL,0.05000000000000000000,-0.21000000000000000000,2086.41000000000000000000,0.00000000000000000000,-0.03755538000000000000,0.00000000000000000000,-0.03755538000000000000,-2.24215209000000000000,OPEN,2026-08-19 15:43:00
531298197,USDT,ETHUSDT,TRADE,BUY,0.05000000000000000000,-0.16000000000000000000,2057.60000000000000000000,0.00000000000000000000,-0.03703680000000000000,-0.45644231000000000000,-0.49347911000000000000,-2.20459671000000000000,CLOSE,2026-08-19 15:31:01
531298197,USDT,ETHUSDT,TRADE,BUY,0.05000000000000000000,-0.21000000000000000000,2086.81000000000000000000,0.00000000000000000000,-0.03756258000000000000,-1.91694231000000000000,-1.95450489000000000000,-1.71111760000000000000,CLOSE,2026-08-19 15:27:57
531298197,USDT,ETHUSDT,TRADE,SELL,0.05000000000000000000,-0.26000000000000000000,2116.04000000000000000000,0.00000000000000000000,-0.03808872000000000000,0.00000000000000000000,-0.03808872000000000000,0.24338729000000000000,OPEN,2026-08-19 15:27:42
531298197,USDT,ETHUSDT,TRADE,SELL,0.05000000000000000000,-0.21000000000000000000,2086.41000000000000000000,0.00000000000000000000,-0.03755538000000000000,0.00000000000000000000,-0.03755538000000000000,0.28147601000000000000,OPEN,2026-08-19 15:27:33
531298197,USDT,ETHUSDT,TRADE,SELL,0.05000000000000000000,-0.16000000000000000000,2057.20000000000000000000,0.00000000000000000000,-0.03702960000000000000,0.00000000000000000000,-0.03702960000000000000,0.31903139000000000000,OPEN,2026-08-19 15:27:30
531298197,USDT,ETHUSDT,TRADE,SELL,0.05000000000000000000,-0.11000000000000000000,2028.40000000000000000000,0.00000000000000000000,-0.03651120000000000000,0.00000000000000000000,-0.03651120000000000000,0.35606099000000000000,OPEN,2026-08-19 15:24:25
531298197,USDT,ETHUSDT,TRADE,SELL,0.03000000000000000000,-0.06000000000000000000,1995.00000000000000000000,0.00000000000000000000,-0.02154600000000000000,0.00000000000000000000,-0.02154600000000000000,0.39257219000000000000,OPEN,2026-08-19 15:05:17
531298197,USDT,ETHUSDT,TRADE,SELL,0.03000000000000000000,-0.03000000000000000000,1945.00000000000000000000,0.00000000000000000000,-0.02100600000000000000,0.00000000000000000000,-0.02100600000000000000,0.41411819000000000000,OPEN,2026-08-19 14:50:07
531298197,USDT,XAUTUSDT,TRADE,SELL,0.02000000000000000000,-0.02000000000000000000,4449.00000000000000000000,0.00000000000000000000,-0.03203280000000000000,0.00000000000000000000,-0.03203280000000000000,0.43512419000000000000,OPEN,2026-08-19 14:07:46
531298197,USDT,XAUTUSDT,TRADE,SELL,0.02000000000000000000,0.00000000000000000000,4400.00000000000000000000,0.00000000000000000000,-0.03168000000000000000,0.98000000000000000000,0.94832000000000000000,0.46715699000000000000,CLOSE,2026-08-19 12:41:05
531298197,USDT,XAUTUSDT,SETTLEMENT,BUY,--,0.02000000000000000000,--,-0.00435330000000000000,0.00000000000000000000,0.00000000000000000000,-0.00435330000000000000,-0.48116301000000000000,SETTLEMENT,2026-08-19 12:00:00
531298197,USDT,XAUTUSDT,SETTLEMENT,BUY,--,0.02000000000000000000,--,-0.00434390000000000000,0.00000000000000000000,0.00000000000000000000,-0.00434390000000000000,-0.47680971000000000000,SETTLEMENT,2026-08-19 08:00:00
531298197,USDT,XAUTUSDT,SETTLEMENT,BUY,--,0.02000000000000000000,--,-0.00434500000000000000,0.00000000000000000000,0.00000000000000000000,-0.00434500000000000000,-0.47246581000000000000,SETTLEMENT,2026-08-19 04:00:00
531298197,USDT,XAUTUSDT,SETTLEMENT,BUY,--,0.02000000000000000000,--,-0.00005103000000000000,0.00000000000000000000,0.00000000000000000000,-0.00005103000000000000,-0.46812081000000000000,SETTLEMENT,2026-08-19 00:00:00
531298197,USDT,XAUTUSDT,SETTLEMENT,BUY,--,0.02000000000000000000,--,-0.00060181000000000000,0.00000000000000000000,0.00000000000000000000,-0.00060181000000000000,-0.46806978000000000000,SETTLEMENT,2026-08-18 20:00:00
531298197,USDT,XAUTUSDT,SETTLEMENT,BUY,--,0.02000000000000000000,--,-0.00375420000000000000,0.00000000000000000000,0.00000000000000000000,-0.00375420000000000000,-0.46746797000000000000,SETTLEMENT,2026-08-18 16:00:00
531298197,USDT,XAUTUSDT,TRADE,BUY,0.02000000000000000000,0.02000000000000000000,4351.00000000000000000000,0.00000000000000000000,-0.03132720000000000000,0.00000000000000000000,-0.03132720000000000000,-0.46371377000000000000,OPEN,2026-08-18 15:13:35
531298197,USDT,XAUTUSDT,TRADE,SELL,0.02000000000000000000,0.00000000000000000000,4400.00000000000000000000,0.00000000000000000000,-0.03168000000000000000,1.48000000000000000000,1.44832000000000000000,-0.43238657000000000000,CLOSE,2026-08-17 14:23:23
531298197,USDT,XAUTUSDT,SETTLEMENT,BUY,--,0.02000000000000000000,--,0.00598442000000000000,0.00000000000000000000,0.00000000000000000000,0.00598442000000000000,-1.88070657000000000000,SETTLEMENT,2026-08-17 12:00:00
531298197,USDT,XAUTUSDT,SETTLEMENT,BUY,--,0.02000000000000000000,--,0.00432135000000000000,0.00000000000000000000,0.00000000000000000000,0.00432135000000000000,-1.88669099000000000000,SETTLEMENT,2026-08-17 08:00:00
531298197,USDT,XAUTUSDT,SETTLEMENT,BUY,--,0.02000000000000000000,--,0.00541123000000000000,0.00000000000000000000,0.00000000000000000000,0.00541123000000000000,-1.89101234000000000000,SETTLEMENT,2026-08-17 04:00:00
531298197,USDT,XAUTUSDT,SETTLEMENT,BUY,--,0.02000000000000000000,--,-0.00435060000000000000,0.00000000000000000000,0.00000000000000000000,-0.00435060000000000000,-1.89642357000000000000,SETTLEMENT,2026-08-17 00:00:00
531298197,USDT,XAUTUSDT,SETTLEMENT,BUY,--,0.02000000000000000000,--,-0.00435980000000000000,0.00000000000000000000,0.00000000000000000000,-0.00435980000000000000,-1.89207297000000000000,SETTLEMENT,2026-08-16 20:00:00
531298197,USDT,XAUTUSDT,SETTLEMENT,BUY,--,0.02000000000000000000,--,-0.00435760000000000000,0.00000000000000000000,0.00000000000000000000,-0.00435760000000000000,-1.88771317000000000000,SETTLEMENT,2026-08-16 16:00:00
531298197,USDT,XAUTUSDT,SETTLEMENT,BUY,--,0.02000000000000000000,--,-0.00435881000000000000,0.00000000000000000000,0.00000000000000000000,-0.00435881000000000000,-1.88335557000000000000,SETTLEMENT,2026-08-16 12:00:00
531298197,USDT,XAUTUSDT,SETTLEMENT,BUY,--,0.02000000000000000000,--,-0.00435980000000000000,0.00000000000000000000,0.00000000000000000000,-0.00435980000000000000,-1.87899676000000000000,SETTLEMENT,2026-08-16 08:00:00
531298197,USDT,XAUTUSDT,SETTLEMENT,BUY,--,0.02000000000000000000,--,-0.00435931000000000000,0.00000000000000000000,0.00000000000000000000,-0.00435931000000000000,-1.87463696000000000000,SETTLEMENT,2026-08-16 04:00:00
531298197,USDT,XAUTUSDT,SETTLEMENT,BUY,--,0.02000000000000000000,--,-0.00435970000000000000,0.00000000000000000000,0.00000000000000000000,-0.00435970000000000000,-1.87027765000000000000,SETTLEMENT,2026-08-16 00:00:00
531298197,USDT,XAUTUSDT,SETTLEMENT,BUY,--,0.02000000000000000000,--,-0.00398441000000000000,0.00000000000000000000,0.00000000000000000000,-0.00398441000000000000,-1.86591795000000000000,SETTLEMENT,2026-08-15 20:00:00
531298197,USDT,XAUTUSDT,SETTLEMENT,BUY,--,0.02000000000000000000,--,-0.00434375000000000000,0.00000000000000000000,0.00000000000000000000,-0.00434375000000000000,-1.86193354000000000000,SETTLEMENT,2026-08-15 16:00:00
531298197,USDT,XAUTUSDT,SETTLEMENT,BUY,--,0.02000000000000000000,--,-0.00435816000000000000,0.00000000000000000000,0.00000000000000000000,-0.00435816000000000000,-1.85758979000000000000,SETTLEMENT,2026-08-15 12:00:00
531298197,USDT,XAUTUSDT,SETTLEMENT,BUY,--,0.02000000000000000000,--,-0.00436140000000000000,0.00000000000000000000,0.00000000000000000000,-0.00436140000000000000,-1.85323163000000000000,SETTLEMENT,2026-08-15 08:00:00
531298197,USDT,XAUTUSDT,SETTLEMENT,BUY,--,0.02000000000000000000,--,-0.00436084000000000000,0.00000000000000000000,0.00000000000000000000,-0.00436084000000000000,-1.84887023000000000000,SETTLEMENT,2026-08-15 04:00:00
531298197,USDT,XAUTUSDT,SETTLEMENT,BUY,--,0.02000000000000000000,--,-0.00243679000000000000,0.00000000000000000000,0.00000000000000000000,-0.00243679000000000000,-1.84450939000000000000,SETTLEMENT,2026-08-15 00:00:00
531298197,USDT,XAUTUSDT,SETTLEMENT,BUY,--,0.02000000000000000000,--,-0.00419641000000000000,0.00000000000000000000,0.00000000000000000000,-0.00419641000000000000,-1.84207260000000000000,SETTLEMENT,2026-08-14 20:00:00
531298197,USDT,XAUTUSDT,SETTLEMENT,BUY,--,0.02000000000000000000,--,0.00353628000000000000,0.00000000000000000000,0.00000000000000000000,0.00353628000000000000,-1.83787619000000000000,SETTLEMENT,2026-08-14 16:00:00
531298197,USDT,XAUTUSDT,SETTLEMENT,BUY,--,0.02000000000000000000,--,-0.00279541000000000000,0.00000000000000000000,0.00000000000000000000,-0.00279541000000000000,-1.84141247000000000000,SETTLEMENT,2026-08-14 12:00:00
531298197,USDT,XAUTUSDT,TRADE,SELL,0.02000000000000000000,0.02000000000000000000,4351.00000000000000000000,0.00000000000000000000,-0.03132720000000000000,0.50000000000000000000,0.46867280000000000000,-1.83861706000000000000,CLOSE,2026-08-14 11:59:40
531298197,USDT,XAUTUSDT,SETTLEMENT,BUY,--,0.04000000000000000000,--,0.00398212000000000000,0.00000000000000000000,0.00000000000000000000,0.00398212000000000000,-2.30728986000000000000,SETTLEMENT,2026-08-14 08:00:00
531298197,USDT,XAUTUSDT,TRADE,BUY,0.02000000000000000000,0.04000000000000000000,4301.00000000000000000000,0.00000000000000000000,-0.03096720000000000000,0.00000000000000000000,-0.03096720000000000000,-2.31127198000000000000,OPEN,2026-08-14 05:30:06
531298197,USDT,XAUTUSDT,SETTLEMENT,BUY,--,0.02000000000000000000,--,-0.00334898000000000000,0.00000000000000000000,0.00000000000000000000,-0.00334898000000000000,-2.28030478000000000000,SETTLEMENT,2026-08-14 04:00:00
531298197,USDT,XAUTUSDT,SETTLEMENT,BUY,--,0.02000000000000000000,--,-0.00433866000000000000,0.00000000000000000000,0.00000000000000000000,-0.00433866000000000000,-2.27695580000000000000,SETTLEMENT,2026-08-14 00:00:00
531298197,USDT,XAUTUSDT,SETTLEMENT,BUY,--,0.02000000000000000000,--,-0.00433050000000000000,0.00000000000000000000,0.00000000000000000000,-0.00433050000000000000,-2.27261714000000000000,SETTLEMENT,2026-08-13 20:00:00
531298197,USDT,XAUTUSDT,SETTLEMENT,BUY,--,0.02000000000000000000,--,-0.00434930000000000000,0.00000000000000000000,0.00000000000000000000,-0.00434930000000000000,-2.26828664000000000000,SETTLEMENT,2026-08-13 16:00:00
531298197,USDT,XAUTUSDT,SETTLEMENT,BUY,--,0.02000000000000000000,--,0.00064824000000000000,0.00000000000000000000,0.00000000000000000000,0.00064824000000000000,-2.26393734000000000000,SETTLEMENT,2026-08-13 12:00:00
531298197,USDT,XAUTUSDT,TRADE,BUY,0.02000000000000000000,0.02000000000000000000,4351.00000000000000000000,0.00000000000000000000,-0.03132720000000000000,0.00000000000000000000,-0.03132720000000000000,-2.26458558000000000000,OPEN,2026-08-13 08:00:35
531298197,USDT,XAUT-25SEP26-4400-P-USDT,TRADE,BUY,0.50000000000000000000,0.50000000000000000000,146.30000000000000000000,0.00000000000000000000,-0.65929268000000000000,-73.15000000000000000000,-73.80929268000000000000,-2.23325838000000000000,OPEN,2026-08-12 11:58:00
531298197,USDT,XAUT-25SEP26-4400-C-USDT,TRADE,BUY,0.50000000000000000000,0.50000000000000000000,175.50000000000000000000,0.00000000000000000000,-0.65931807000000000000,-87.75000000000000000000,-88.40931807000000000000,71.57603430000000000000,OPEN,2026-08-12 11:57:45
531298197,USDT,ETHUSDT,TRADE,SELL,0.03000000000000000000,0.00000000000000000000,1900.00000000000000000000,0.00000000000000000000,-0.02052000000000000000,1.35000000000000000000,1.32948000000000000000,159.98535237000000000000,CLOSE,2026-08-12 09:25:04
531298197,USDT,ETHUSDT,SETTLEMENT,BUY,--,0.03000000000000000000,--,-0.00395520000000000000,0.00000000000000000000,0.00000000000000000000,-0.00395520000000000000,158.65587237000000000000,SETTLEMENT,2026-08-12 08:00:00
531298197,USDT,ETHUSDT,SETTLEMENT,BUY,--,0.03000000000000000000,--,-0.00465714000000000000,0.00000000000000000000,0.00000000000000000000,-0.00465714000000000000,158.65982757000000000000,SETTLEMENT,2026-08-12 00:00:00
531298197,USDT,ETHUSDT,SETTLEMENT,BUY,--,0.03000000000000000000,--,-0.00177711000000000000,0.00000000000000000000,0.00000000000000000000,-0.00177711000000000000,158.66448471000000000000,SETTLEMENT,2026-08-11 16:00:00
531298197,USDT,ETHUSDT,TRADE,BUY,0.03000000000000000000,0.03000000000000000000,1855.00000000000000000000,0.00000000000000000000,-0.02003400000000000000,0.00000000000000000000,-0.02003400000000000000,158.66626182000000000000,OPEN,2026-08-11 15:41:35
531298197,USDT,,TRANSFER_OUT,--,0.00000000000000000000,0.00000000000000000000,0.00000000000000000000,0.00000000000000000000,0.00000000000000000000,-149.20000000000000000000,-149.20000000000000000000,158.68629582000000000000,--,2026-08-06 10:52:42
531298197,USDT,ETHUSDT,TRADE,SELL,0.03000000000000000000,0.00000000000000000000,1900.00000000000000000000,0.00000000000000000000,-0.02052000000000000000,1.35000000000000000000,1.32948000000000000000,307.88629582000000000000,CLOSE,2026-08-05 17:38:24
531298197,USDT,ETHUSDT,SETTLEMENT,BUY,--,0.03000000000000000000,--,-0.00074498000000000000,0.00000000000000000000,0.00000000000000000000,-0.00074498000000000000,306.55681582000000000000,SETTLEMENT,2026-08-05 16:00:00
531298197,USDT,ETHUSDT,SETTLEMENT,BUY,--,0.03000000000000000000,--,0.00027626000000000000,0.00000000000000000000,0.00000000000000000000,0.00027626000000000000,306.55756080000000000000,SETTLEMENT,2026-08-05 08:00:00
531298197,USDT,ETHUSDT,SETTLEMENT,BUY,--,0.03000000000000000000,--,-0.00119810000000000000,0.00000000000000000000,0.00000000000000000000,-0.00119810000000000000,306.55728454000000000000,SETTLEMENT,2026-08-05 00:00:00
531298197,USDT,ETHUSDT,SETTLEMENT,BUY,--,0.03000000000000000000,--,-0.00200070000000000000,0.00000000000000000000,0.00000000000000000000,-0.00200070000000000000,306.55848264000000000000,SETTLEMENT,2026-08-04 16:00:00
531298197,USDT,ETHUSDT,SETTLEMENT,BUY,--,0.03000000000000000000,--,-0.00081547000000000000,0.00000000000000000000,0.00000000000000000000,-0.00081547000000000000,306.56048334000000000000,SETTLEMENT,2026-08-04 08:00:00
531298197,USDT,ETHUSDT,SETTLEMENT,BUY,--,0.03000000000000000000,--,-0.00222096000000000000,0.00000000000000000000,0.00000000000000000000,-0.00222096000000000000,306.56129881000000000000,SETTLEMENT,2026-08-04 00:00:00
531298197,USDT,ETHUSDT,SETTLEMENT,BUY,--,0.03000000000000000000,--,-0.00224128000000000000,0.00000000000000000000,0.00000000000000000000,-0.00224128000000000000,306.56351977000000000000,SETTLEMENT,2026-08-03 16:00:00
531298197,USDT,ETHUSDT,SETTLEMENT,BUY,--,0.03000000000000000000,--,0.00139561000000000000,0.00000000000000000000,0.00000000000000000000,0.00139561000000000000,306.56576105000000000000,SETTLEMENT,2026-08-03 08:00:00
531298197,USDT,ETHUSDT,TRADE,BUY,0.03000000000000000000,0.03000000000000000000,1855.00000000000000000000,0.00000000000000000000,-0.02003400000000000000,0.00000000000000000000,-0.02003400000000000000,306.56436544000000000000,OPEN,2026-08-03 03:46:32
531298197,USDT,ETH-25SEP26-1600-P-USDT,TRADE,SELL,1.00000000000000000000,0.00000000000000000000,44.80000000000000000000,0.00000000000000000000,-0.57216996000000000000,44.80000000000000000000,44.22783004000000000000,306.58439944000000000000,CLOSE,2026-07-30 05:37:53
531298197,USDT,ETH-25DEC26-1900-P-USDT,TRADE,BUY,0.50000000000000000000,0.50000000000000000000,249.80000000000000000000,0.00000000000000000000,-0.28768905000000000000,-124.90000000000000000000,-125.18768905000000000000,262.35656940000000000000,OPEN,2026-07-28 20:58:16
531298197,USDT,ETH-25DEC26-1900-C-USDT,TRADE,BUY,1.00000000000000000000,1.00000000000000000000,285.60000000000000000000,0.00000000000000000000,-0.57551348000000000000,-285.60000000000000000000,-286.17551348000000000000,387.54425845000000000000,OPEN,2026-07-28 20:57:40
531298197,USDT,ETH-25SEP26-1800-C-USDT,TRADE,SELL,1.00000000000000000000,0.00000000000000000000,223.20000000000000000000,0.00000000000000000000,-0.57550393000000000000,223.20000000000000000000,222.62449607000000000000,673.71977193000000000000,CLOSE,2026-07-28 20:24:40
531298197,USDT,ETH-25SEP26-1600-C-USDT,TRADE,SELL,2.00000000000000000000,0.00000000000000000000,368.10000000000000000000,0.00000000000000000000,-1.15281254000000000000,736.20000000000000000000,735.04718746000000000000,451.09527586000000000000,CLOSE,2026-07-28 20:17:39
531298197,USDT,ETHUSDT,TRADE,SELL,0.03000000000000000000,0.00000000000000000000,1600.00000000000000000000,0.00000000000000000000,-0.01728000000000000000,0.60000000000000000000,0.58272000000000000000,-283.95191160000000000000,CLOSE,2026-07-01 14:10:34
531298197,USDT,ETHUSDT,SETTLEMENT,BUY,--,0.03000000000000000000,--,-0.00356558000000000000,0.00000000000000000000,0.00000000000000000000,-0.00356558000000000000,-284.53463160000000000000,SETTLEMENT,2026-07-01 08:00:00
531298197,USDT,ETHUSDT,TRADE,BUY,0.03000000000000000000,0.03000000000000000000,1580.00000000000000000000,0.00000000000000000000,-0.01706400000000000000,0.00000000000000000000,-0.01706400000000000000,-284.53106602000000000000,OPEN,2026-07-01 06:21:59
531298197,USDT,ETHUSDT,TRADE,SELL,0.03000000000000000000,0.00000000000000000000,1600.00000000000000000000,0.00000000000000000000,-0.01728000000000000000,1.05000000000000000000,1.03272000000000000000,-284.51400202000000000000,CLOSE,2026-07-01 04:45:49
531298197,USDT,ETHUSDT,TRADE,SELL,0.03000000000000000000,0.03000000000000000000,1580.00000000000000000000,0.00000000000000000000,-0.01706400000000000000,0.45000000000000000000,0.43293600000000000000,-285.54672202000000000000,CLOSE,2026-07-01 01:39:06
531298197,USDT,ETHUSDT,TRADE,BUY,0.03000000000000000000,0.06000000000000000000,1560.00000000000000000000,0.00000000000000000000,-0.01684800000000000000,0.00000000000000000000,-0.01684800000000000000,-285.97965802000000000000,OPEN,2026-07-01 01:12:44
531298197,USDT,ETHUSDT,SETTLEMENT,BUY,--,0.03000000000000000000,--,-0.00338675000000000000,0.00000000000000000000,0.00000000000000000000,-0.00338675000000000000,-285.96281002000000000000,SETTLEMENT,2026-07-01 00:00:00
531298197,USDT,ETHUSDT,TRADE,SELL,0.03000000000000000000,0.03000000000000000000,1580.00000000000000000000,0.00000000000000000000,-0.01706400000000000000,0.30000000000000000000,0.28293600000000000000,-285.95942327000000000000,CLOSE,2026-06-30 18:19:46
531298197,USDT,ETHUSDT,SETTLEMENT,BUY,--,0.06000000000000000000,--,-0.00061956000000000000,0.00000000000000000000,0.00000000000000000000,-0.00061956000000000000,-286.24235927000000000000,SETTLEMENT,2026-06-30 16:00:00
531298197,USDT,ETHUSDT,TRADE,BUY,0.03000000000000000000,0.06000000000000000000,1560.00000000000000000000,0.00000000000000000000,-0.01684800000000000000,0.00000000000000000000,-0.01684800000000000000,-286.24173971000000000000,OPEN,2026-06-30 12:47:19
531298197,USDT,ETHUSDT,SETTLEMENT,BUY,--,0.03000000000000000000,--,0.00166633000000000000,0.00000000000000000000,0.00000000000000000000,0.00166633000000000000,-286.22489171000000000000,SETTLEMENT,2026-06-30 08:00:00
531298197,USDT,ETHUSDT,TRADE,BUY,0.03000000000000000000,0.03000000000000000000,1580.00000000000000000000,0.00000000000000000000,-0.01706400000000000000,0.00000000000000000000,-0.01706400000000000000,-286.22655804000000000000,OPEN,2026-06-30 04:10:16
531298197,USDT,ETHUSDT,TRADE,SELL,0.03000000000000000000,0.00000000000000000000,1600.00000000000000000000,0.00000000000000000000,-0.01728000000000000000,1.12500000000000000000,1.10772000000000000000,-286.20949404000000000000,CLOSE,2026-06-29 17:12:20
531298197,USDT,ETHUSDT,SETTLEMENT,BUY,--,0.03000000000000000000,--,-0.00033028000000000000,0.00000000000000000000,0.00000000000000000000,-0.00033028000000000000,-287.31721404000000000000,SETTLEMENT,2026-06-29 16:00:00
531298197,USDT,ETHUSDT,TRADE,SELL,0.03000000000000000000,0.03000000000000000000,1580.00000000000000000000,0.00000000000000000000,-0.01706400000000000000,0.52500000000000000000,0.50793600000000000000,-287.31688376000000000000,CLOSE,2026-06-29 15:36:10
531298197,USDT,ETHUSDT,TRADE,BUY,0.03000000000000000000,0.06000000000000000000,1560.00000000000000000000,0.00000000000000000000,-0.01684800000000000000,0.00000000000000000000,-0.01684800000000000000,-287.82481976000000000000,OPEN,2026-06-29 14:08:18
531298197,USDT,ETHUSDT,SETTLEMENT,BUY,--,0.03000000000000000000,--,-0.00159355000000000000,0.00000000000000000000,0.00000000000000000000,-0.00159355000000000000,-287.80797176000000000000,SETTLEMENT,2026-06-29 08:00:00
531298197,USDT,ETHUSDT,TRADE,SELL,0.03000000000000000000,0.03000000000000000000,1580.00000000000000000000,0.00000000000000000000,-0.01706400000000000000,0.45000000000000000000,0.43293600000000000000,-287.80637821000000000000,CLOSE,2026-06-29 03:02:34
531298197,USDT,ETHUSDT,SETTLEMENT,BUY,--,0.06000000000000000000,--,0.00273036000000000000,0.00000000000000000000,0.00000000000000000000,0.00273036000000000000,-288.23931421000000000000,SETTLEMENT,2026-06-29 00:00:00
531298197,USDT,ETHUSDT,TRADE,BUY,0.03000000000000000000,0.06000000000000000000,1560.00000000000000000000,0.00000000000000000000,-0.01684800000000000000,0.00000000000000000000,-0.01684800000000000000,-288.24204457000000000000,OPEN,2026-06-28 22:19:27
531298197,USDT,ETHUSDT,TRADE,SELL,0.03000000000000000000,0.03000000000000000000,1580.00000000000000000000,0.00000000000000000000,-0.01706400000000000000,0.30000000000000000000,0.28293600000000000000,-288.22519657000000000000,CLOSE,2026-06-28 22:03:10
531298197,USDT,ETHUSDT,TRADE,BUY,0.03000000000000000000,0.06000000000000000000,1560.00000000000000000000,0.00000000000000000000,-0.01684800000000000000,0.00000000000000000000,-0.01684800000000000000,-288.50813257000000000000,OPEN,2026-06-28 19:47:43
531298197,USDT,ETHUSDT,SETTLEMENT,BUY,--,0.03000000000000000000,--,-0.00011803000000000000,0.00000000000000000000,0.00000000000000000000,-0.00011803000000000000,-288.49128457000000000000,SETTLEMENT,2026-06-28 16:00:00
531298197,USDT,ETHUSDT,SETTLEMENT,BUY,--,0.03000000000000000000,--,0.00230240000000000000,0.00000000000000000000,0.00000000000000000000,0.00230240000000000000,-288.49116654000000000000,SETTLEMENT,2026-06-28 08:00:00
531298197,USDT,ETHUSDT,SETTLEMENT,BUY,--,0.03000000000000000000,--,0.00184328000000000000,0.00000000000000000000,0.00000000000000000000,0.00184328000000000000,-288.49346894000000000000,SETTLEMENT,2026-06-28 00:00:00
531298197,USDT,ETHUSDT,TRADE,BUY,0.03000000000000000000,0.03000000000000000000,1580.00000000000000000000,0.00000000000000000000,-0.01706400000000000000,0.00000000000000000000,-0.01706400000000000000,-288.49531222000000000000,OPEN,2026-06-27 19:25:01
531298197,USDT,ETHUSDT,TRADE,SELL,0.03000000000000000000,0.00000000000000000000,1600.00000000000000000000,0.00000000000000000000,-0.01728000000000000000,1.67500000000000000000,1.65772000000000000000,-288.47824822000000000000,CLOSE,2026-06-27 15:09:06
531298197,USDT,ETHUSDT,SETTLEMENT,BUY,--,0.03000000000000000000,--,0.00064709000000000000,0.00000000000000000000,0.00000000000000000000,0.00064709000000000000,-290.13596822000000000000,SETTLEMENT,2026-06-27 08:00:00
531298197,USDT,ETHUSDT,SETTLEMENT,BUY,--,0.03000000000000000000,--,-0.00079665000000000000,0.00000000000000000000,0.00000000000000000000,-0.00079665000000000000,-290.13661531000000000000,SETTLEMENT,2026-06-27 00:00:00
531298197,USDT,ETHUSDT,SETTLEMENT,BUY,--,0.03000000000000000000,--,-0.00138180000000000000,0.00000000000000000000,0.00000000000000000000,-0.00138180000000000000,-290.13581866000000000000,SETTLEMENT,2026-06-26 16:00:00
531298197,USDT,ETHUSDT,TRADE,SELL,0.03000000000000000000,0.03000000000000000000,1580.00000000000000000000,0.00000000000000000000,-0.01706400000000000000,1.07500000000000000000,1.05793600000000000000,-290.13443686000000000000,CLOSE,2026-06-26 15:24:47
531298197,USDT,ETHUSDT,TRADE,SELL,0.03000000000000000000,0.06000000000000000000,1560.00000000000000000000,0.00000000000000000000,-0.01684800000000000000,0.47500000000000000000,0.45815200000000000000,-291.19237286000000000000,CLOSE,2026-06-26 13:55:15
531298197,USDT,ETHUSDT,TRADE,BUY,0.03000000000000000000,0.09000000000000000000,1540.00000000000000000000,0.00000000000000000000,-0.01663200000000000000,0.00000000000000000000,-0.01663200000000000000,-291.65052486000000000000,OPEN,2026-06-26 12:39:54
531298197,USDT,ETHUSDT,TRADE,SELL,0.03000000000000000000,0.06000000000000000000,1560.00000000000000000000,0.00000000000000000000,-0.01684800000000000000,0.41250000000000000000,0.39565200000000000000,-291.63389286000000000000,CLOSE,2026-06-26 12:34:03
531298197,USDT,ETHUSDT,TRADE,BUY,0.03000000000000000000,0.09000000000000000000,1540.00000000000000000000,0.00000000000000000000,-0.01663200000000000000,0.00000000000000000000,-0.01663200000000000000,-292.02954486000000000000,OPEN,2026-06-26 11:53:35
531298197,USDT,ETHUSDT,TRADE,BUY,0.03000000000000000000,0.06000000000000000000,1560.00000000000000000000,0.00000000000000000000,-0.01684800000000000000,0.00000000000000000000,-0.01684800000000000000,-292.01291286000000000000,OPEN,2026-06-26 09:03:58
531298197,USDT,ETHUSDT,SETTLEMENT,BUY,--,0.03000000000000000000,--,-0.00090151000000000000,0.00000000000000000000,0.00000000000000000000,-0.00090151000000000000,-291.99606486000000000000,SETTLEMENT,2026-06-26 08:00:00
531298197,USDT,ETHUSDT,TRADE,SELL,0.03000000000000000000,0.03000000000000000000,1580.00000000000000000000,0.00000000000000000000,-0.01706400000000000000,1.23750000000000000000,1.22043600000000000000,-291.99516335000000000000,CLOSE,2026-06-26 07:28:18
531298197,USDT,ETHUSDT,TRADE,SELL,0.03000000000000000000,0.06000000000000000000,1560.00000000000000000000,0.00000000000000000000,-0.01684800000000000000,0.63750000000000000000,0.62065200000000000000,-293.21559935000000000000,CLOSE,2026-06-26 03:56:13
531298197,USDT,ETHUSDT,TRADE,SELL,0.03000000000000000000,0.09000000000000000000,1540.00000000000000000000,0.00000000000000000000,-0.01663200000000000000,0.03750000000000000000,0.02086800000000000000,-293.83625135000000000000,CLOSE,2026-06-26 03:44:43
531298197,USDT,ETHUSDT,TRADE,BUY,0.03000000000000000000,0.12000000000000000000,1520.00000000000000000000,0.00000000000000000000,-0.01641600000000000000,0.00000000000000000000,-0.01641600000000000000,-293.85711935000000000000,OPEN,2026-06-26 03:01:27
531298197,USDT,ETHUSDT,TRADE,SELL,0.03000000000000000000,0.09000000000000000000,1540.00000000000000000000,0.00000000000000000000,-0.01663200000000000000,-0.15000000000000000000,-0.16663200000000000000,-293.84070335000000000000,CLOSE,2026-06-26 02:30:20
531298197,USDT,ETHUSDT,TRADE,BUY,0.03000000000000000000,0.12000000000000000000,1520.00000000000000000000,0.00000000000000000000,-0.01641600000000000000,0.00000000000000000000,-0.01641600000000000000,-293.67407135000000000000,OPEN,2026-06-26 02:14:22
531298197,USDT,ETHUSDT,TRADE,BUY,0.03000000000000000000,0.09000000000000000000,1540.00000000000000000000,0.00000000000000000000,-0.01663200000000000000,0.00000000000000000000,-0.01663200000000000000,-293.65765535000000000000,OPEN,2026-06-26 02:12:50
531298197,USDT,ETHUSDT,TRADE,BUY,0.03000000000000000000,0.06000000000000000000,1560.00000000000000000000,0.00000000000000000000,-0.01684800000000000000,0.00000000000000000000,-0.01684800000000000000,-293.64102335000000000000,OPEN,2026-06-26 01:04:57
531298197,USDT,ETHUSDT,SETTLEMENT,BUY,--,0.03000000000000000000,--,-0.00034315000000000000,0.00000000000000000000,0.00000000000000000000,-0.00034315000000000000,-293.62417535000000000000,SETTLEMENT,2026-06-26 00:00:00
531298197,USDT,ETHUSDT,TRADE,SELL,0.03000000000000000000,0.03000000000000000000,1580.00000000000000000000,0.00000000000000000000,-0.01706400000000000000,0.60000000000000000000,0.58293600000000000000,-293.62383220000000000000,CLOSE,2026-06-25 21:57:30
531298197,USDT,ETHUSDT,TRADE,BUY,0.03000000000000000000,0.06000000000000000000,1560.00000000000000000000,0.00000000000000000000,-0.01684800000000000000,0.00000000000000000000,-0.01684800000000000000,-294.20676820000000000000,OPEN,2026-06-25 16:45:39
531298197,USDT,ETHUSDT,TRADE,SELL,0.03000000000000000000,0.03000000000000000000,1580.00000000000000000000,0.00000000000000000000,-0.01706400000000000000,0.60000000000000000000,0.58293600000000000000,-294.18992020000000000000,CLOSE,2026-06-25 16:06:55
531298197,USDT,ETHUSDT,SETTLEMENT,BUY,--,0.06000000000000000000,--,0.00546726000000000000,0.00000000000000000000,0.00000000000000000000,0.00546726000000000000,-294.77285620000000000000,SETTLEMENT,2026-06-25 16:00:00
531298197,USDT,ETHUSDT,TRADE,BUY,0.03000000000000000000,0.06000000000000000000,1560.00000000000000000000,0.00000000000000000000,-0.01684800000000000000,0.00000000000000000000,-0.01684800000000000000,-294.77832346000000000000,OPEN,2026-06-25 15:03:19
531298197,USDT,ETHUSDT,TRADE,SELL,0.03000000000000000000,0.03000000000000000000,1580.00000000000000000000,0.00000000000000000000,-0.01706400000000000000,0.60000000000000000000,0.58293600000000000000,-294.76147546000000000000,CLOSE,2026-06-25 14:33:09
531298197,USDT,ETHUSDT,TRADE,SELL,0.03000000000000000000,0.06000000000000000000,1560.00000000000000000000,0.00000000000000000000,-0.01684800000000000000,0.00000000000000000000,-0.01684800000000000000,-295.34441146000000000000,CLOSE,2026-06-25 14:02:21
531298197,USDT,ETHUSDT,TRADE,BUY,0.03000000000000000000,0.09000000000000000000,1540.00000000000000000000,0.00000000000000000000,-0.01663200000000000000,0.00000000000000000000,-0.01663200000000000000,-295.32756346000000000000,OPEN,2026-06-25 13:58:08
531298197,USDT,ETHUSDT,TRADE,BUY,0.03000000000000000000,0.06000000000000000000,1560.00000000000000000000,0.00000000000000000000,-0.01684800000000000000,0.00000000000000000000,-0.01684800000000000000,-295.31093146000000000000,OPEN,2026-06-25 13:53:27
531298197,USDT,ETHUSDT,TRADE,BUY,0.03000000000000000000,0.03000000000000000000,1580.00000000000000000000,0.00000000000000000000,-0.01706400000000000000,0.00000000000000000000,-0.01706400000000000000,-295.29408346000000000000,OPEN,2026-06-25 13:48:28
531298197,USDT,ETHUSDT,TRADE,SELL,0.03000000000000000000,0.00000000000000000000,1600.00000000000000000000,0.00000000000000000000,-0.01728000000000000000,0.90000000000000000000,0.88272000000000000000,-295.27701946000000000000,CLOSE,2026-06-24 20:05:43
531298197,USDT,ETHUSDT,TRADE,SELL,0.03000000000000000000,0.03000000000000000000,1580.00000000000000000000,0.00000000000000000000,-0.01706400000000000000,0.30000000000000000000,0.28293600000000000000,-296.15973946000000000000,CLOSE,2026-06-24 18:21:38
531298197,USDT,ETHUSDT,TRADE,BUY,0.03000000000000000000,0.06000000000000000000,1560.00000000000000000000,0.00000000000000000000,-0.01684800000000000000,0.00000000000000000000,-0.01684800000000000000,-296.44267546000000000000,OPEN,2026-06-24 17:47:16
531298197,USDT,ETHUSDT,TRADE,BUY,0.03000000000000000000,0.03000000000000000000,1580.00000000000000000000,0.00000000000000000000,-0.01706400000000000000,0.00000000000000000000,-0.01706400000000000000,-296.42582746000000000000,OPEN,2026-06-24 17:19:29
531298197,USDT,ETHUSDT,TRADE,SELL,0.03000000000000000000,0.00000000000000000000,1600.00000000000000000000,0.00000000000000000000,-0.01728000000000000000,1.18080000000000000000,1.16352000000000000000,-296.40876346000000000000,CLOSE,2026-06-07 05:13:53
531298197,USDT,ETHUSDT,TRADE,SELL,0.03000000000000000000,0.03000000000000000000,1580.00000000000000000000,0.00000000000000000000,-0.01706400000000000000,0.58080000000000000000,0.56373600000000000000,-297.57228346000000000000,CLOSE,2026-06-07 01:08:13
531298197,USDT,ETHUSDT,SETTLEMENT,BUY,--,0.06000000000000000000,--,0.00502019000000000000,0.00000000000000000000,0.00000000000000000000,0.00502019000000000000,-298.13601946000000000000,SETTLEMENT,2026-06-07 00:00:00
531298197,USDT,ETHUSDT,SETTLEMENT,BUY,--,0.06000000000000000000,--,0.00155710000000000000,0.00000000000000000000,0.00000000000000000000,0.00155710000000000000,-298.14103965000000000000,SETTLEMENT,2026-06-06 16:00:00
531298197,USDT,ETHUSDT,TRADE,BUY,0.03000000000000000000,0.06000000000000000000,1560.00000000000000000000,0.00000000000000000000,-0.01684800000000000000,0.00000000000000000000,-0.01684800000000000000,-298.14259675000000000000,OPEN,2026-06-06 12:43:25
531298197,USDT,ETHUSDT,TRADE,BUY,0.01000000000000000000,0.01000000000000000000,1561.28000000000000000000,0.00000000000000000000,-0.01561280000000000000,0.00000000000000000000,-0.01561280000000000000,-298.09452315000000000000,OPEN,2026-06-06 12:43:22
531298197,USDT,ETHUSDT,TRADE,BUY,0.01000000000000000000,0.03000000000000000000,1561.28000000000000000000,0.00000000000000000000,-0.01561280000000000000,0.00000000000000000000,-0.01561280000000000000,-298.12574875000000000000,OPEN,2026-06-06 12:43:22
531298197,USDT,ETHUSDT,TRADE,BUY,0.01000000000000000000,0.02000000000000000000,1561.28000000000000000000,0.00000000000000000000,-0.01561280000000000000,0.00000000000000000000,-0.01561280000000000000,-298.11013595000000000000,OPEN,2026-06-06 12:43:22
531298197,USDT,ETH-25SEP26-1600-C-USDT,TRADE,BUY,1.00000000000000000000,2.00000000000000000000,212.00000000000000000000,0.00000000000000000000,-0.47794408000000000000,-212.00000000000000000000,-212.47794408000000000000,-298.07891035000000000000,OPEN,2026-06-05 17:53:07
531298197,USDT,ETH-25SEP26-1600-P-USDT,TRADE,BUY,1.00000000000000000000,1.00000000000000000000,207.00000000000000000000,0.00000000000000000000,-0.31805117000000000000,-207.00000000000000000000,-207.31805117000000000000,-85.60096627000000000000,OPEN,2026-06-05 17:50:03
531298197,USDT,ETH-25SEP26-1600-C-USDT,TRADE,BUY,1.00000000000000000000,1.00000000000000000000,210.00000000000000000000,0.00000000000000000000,-0.31825040000000000000,-210.00000000000000000000,-210.31825040000000000000,121.71708490000000000000,OPEN,2026-06-05 17:49:36
531298197,USDT,ETH-25SEP26-1800-C-USDT,TRADE,BUY,1.00000000000000000000,1.00000000000000000000,160.00000000000000000000,0.00000000000000000000,-0.33425830000000000000,-160.00000000000000000000,-160.33425830000000000000,332.03533530000000000000,OPEN,2026-06-05 06:03:10
531298197,ETH,ETHUSDT,TRADE,BUY,0.08797000000000000000,0.00000000000000000000,1705.00000000000000000000,0.00000000000000000000,-0.00008797000000000000,0.08797000000000000000,0.08788203000000000000,0.16802270000000000000,--,2026-06-05 05:41:16
531298197,USDT,ETHUSDT,TRADE,BUY,-149.98885000000000000000,0.00000000000000000000,1705.00000000000000000000,0.00000000000000000000,0.00000000000000000000,-149.98885000000000000000,-149.98885000000000000000,492.36959360000000000000,--,2026-06-05 05:41:16
531298197,USDT,ETHUSDT,TRADE,BUY,0.05000000000000000000,0.00000000000000000000,2000.39000000000000000000,0.00000000000000000000,-0.03600702000000000000,1.40050000000000000000,1.36449298000000000000,642.35844360000000000000,CLOSE,2026-05-31 16:33:39
531298197,USDT,ETHUSDT,SETTLEMENT,SELL,--,-0.05000000000000000000,--,-0.00161154000000000000,0.00000000000000000000,0.00000000000000000000,-0.00161154000000000000,640.99395062000000000000,SETTLEMENT,2026-05-31 16:00:00
531298197,USDT,ETHUSDT,SETTLEMENT,SELL,--,-0.05000000000000000000,--,0.00713854000000000000,0.00000000000000000000,0.00000000000000000000,0.00713854000000000000,640.99556216000000000000,SETTLEMENT,2026-05-31 08:00:00
531298197,USDT,ETHUSDT,SETTLEMENT,SELL,--,-0.05000000000000000000,--,0.00957478000000000000,0.00000000000000000000,0.00000000000000000000,0.00957478000000000000,640.98842362000000000000,SETTLEMENT,2026-05-31 00:00:00
531298197,USDT,ETHUSDT,SETTLEMENT,SELL,--,-0.05000000000000000000,--,0.00617141000000000000,0.00000000000000000000,0.00000000000000000000,0.00617141000000000000,640.97884884000000000000,SETTLEMENT,2026-05-30 16:00:00
531298197,USDT,ETHUSDT,SETTLEMENT,SELL,--,-0.05000000000000000000,--,0.00215448000000000000,0.00000000000000000000,0.00000000000000000000,0.00215448000000000000,640.97267743000000000000,SETTLEMENT,2026-05-30 08:00:00
531298197,USDT,ETHUSDT,SETTLEMENT,SELL,--,-0.05000000000000000000,--,0.00202046000000000000,0.00000000000000000000,0.00000000000000000000,0.00202046000000000000,640.97052295000000000000,SETTLEMENT,2026-05-30 00:00:00
531298197,USDT,ETHUSDT,SETTLEMENT,SELL,--,-0.05000000000000000000,--,0.00732338000000000000,0.00000000000000000000,0.00000000000000000000,0.00732338000000000000,640.96850249000000000000,SETTLEMENT,2026-05-29 16:00:00
531298197,USDT,ETHUSDT,TRADE,SELL,0.05000000000000000000,-0.05000000000000000000,2028.40000000000000000000,0.00000000000000000000,-0.03651120000000000000,0.00000000000000000000,-0.03651120000000000000,640.96117911000000000000,OPEN,2026-05-29 15:30:43
531298197,USDT,ETH-29MAY26-2300-C-USDT,DELIVERY,SELL,1.00000000000000000000,0.00000000000000000000,2006.90971229000000000000,0.00000000000000000000,0.00000000000000000000,0.00000000000000000000,0.00000000000000000000,640.99769031000000000000,CLOSE,2026-05-29 08:00:01
531298197,USDT,ETH-25SEP26-2000-C-USDT,TRADE,BUY,1.00000000000000000000,1.50000000000000000000,240.00000000000000000000,0.00000000000000000000,-0.39457337000000000000,-240.00000000000000000000,-240.39457337000000000000,640.99769031000000000000,OPEN,2026-05-28 06:36:50
531298197,USDT,ETH-25SEP26-2000-C-USDT,TRADE,BUY,0.50000000000000000000,0.50000000000000000000,250.00000000000000000000,0.00000000000000000000,-0.19963600000000000000,-125.00000000000000000000,-125.19963600000000000000,881.39226368000000000000,OPEN,2026-05-28 03:18:04
531298197,USDT,ETHUSDT,TRADE,BUY,0.04000000000000000000,0.00000000000000000000,2100.00000000000000000000,0.00000000000000000000,-0.03024000000000000000,0.80080000000000000000,0.77056000000000000000,1006.59189968000000000000,CLOSE,2026-05-26 15:03:12
531298197,USDT,ETHUSDT,TRADE,SELL,0.04000000000000000000,-0.04000000000000000000,2120.02000000000000000000,0.00000000000000000000,-0.03052829000000000000,0.00000000000000000000,-0.03052829000000000000,1005.82133968000000000000,OPEN,2026-05-26 10:27:14
531298197,USDT,ETHUSDT,TRADE,BUY,0.04000000000000000000,0.00000000000000000000,2100.00000000000000000000,0.00000000000000000000,-0.03024000000000000000,1.20080000000000000000,1.17056000000000000000,1005.85186797000000000000,CLOSE,2026-05-26 00:38:39
531298197,USDT,ETHUSDT,SETTLEMENT,SELL,--,-0.04000000000000000000,--,0.00489930000000000000,0.00000000000000000000,0.00000000000000000000,0.00489930000000000000,1004.68130797000000000000,SETTLEMENT,2026-05-26 00:00:00
531298197,USDT,ETHUSDT,TRADE,BUY,0.04000000000000000000,-0.04000000000000000000,2120.02000000000000000000,0.00000000000000000000,-0.03052829000000000000,0.40000000000000000000,0.36947171000000000000,1004.67640867000000000000,CLOSE,2026-05-25 19:33:57
531298197,USDT,ETHUSDT,TRADE,SELL,0.04000000000000000000,-0.08000000000000000000,2140.02000000000000000000,0.00000000000000000000,-0.03081629000000000000,0.00000000000000000000,-0.03081629000000000000,1004.30693696000000000000,OPEN,2026-05-25 16:50:21
531298197,USDT,ETHUSDT,SETTLEMENT,SELL,--,-0.04000000000000000000,--,0.00695973000000000000,0.00000000000000000000,0.00000000000000000000,0.00695973000000000000,1004.33775325000000000000,SETTLEMENT,2026-05-25 16:00:00
531298197,USDT,ETHUSDT,TRADE,SELL,0.04000000000000000000,-0.04000000000000000000,2120.02000000000000000000,0.00000000000000000000,-0.03052829000000000000,0.00000000000000000000,-0.03052829000000000000,1004.33079352000000000000,OPEN,2026-05-25 09:10:13
531298197,USDT,ETH-25SEP26-2100-C-USDT,TRADE,BUY,0.50000000000000000000,1.50000000000000000000,260.00000000000000000000,0.00000000000000000000,-0.20747375000000000000,-130.00000000000000000000,-130.20747375000000000000,1004.36132181000000000000,OPEN,2026-05-24 21:37:15
531298197,USDT,ETH-5JUN26-2100-C-USDT,TRADE,SELL,1.50000000000000000000,0.00000000000000000000,60.80000000000000000000,0.00000000000000000000,-0.93621078000000000000,91.20000000000000000000,90.26378922000000000000,1134.56879556000000000000,CLOSE,2026-05-24 14:17:24
531298197,USDT,ETH-25SEP26-2100-C-USDT,TRADE,BUY,0.50000000000000000000,1.00000000000000000000,265.00000000000000000000,0.00000000000000000000,-0.20872366000000000000,-132.50000000000000000000,-132.70872366000000000000,1044.30500634000000000000,OPEN,2026-05-24 14:16:56
531298197,USDT,ETH-25SEP26-2100-C-USDT,TRADE,BUY,0.50000000000000000000,0.50000000000000000000,270.00000000000000000000,0.00000000000000000000,-0.20942062000000000000,-135.00000000000000000000,-135.20942062000000000000,1177.01373000000000000000,OPEN,2026-05-24 14:13:02
531298197,USDT,ETHUSDT,TRADE,BUY,0.04000000000000000000,0.00000000000000000000,2100.00000000000000000000,0.00000000000000000000,-0.03024000000000000000,1.20080000000000000000,1.17056000000000000000,1312.22315062000000000000,CLOSE,2026-05-24 14:12:41
531298197,USDT,ETHUSDT,SETTLEMENT,SELL,--,-0.04000000000000000000,--,0.00746260000000000000,0.00000000000000000000,0.00000000000000000000,0.00746260000000000000,1311.05259062000000000000,SETTLEMENT,2026-05-24 08:00:00
531298197,USDT,ETHUSDT,SETTLEMENT,SELL,--,-0.04000000000000000000,--,0.00265904000000000000,0.00000000000000000000,0.00000000000000000000,0.00265904000000000000,1311.04512802000000000000,SETTLEMENT,2026-05-24 00:00:00
531298197,USDT,ETHUSDT,TRADE,BUY,0.04000000000000000000,-0.04000000000000000000,2120.02000000000000000000,0.00000000000000000000,-0.03052829000000000000,0.40000000000000000000,0.36947171000000000000,1311.04246898000000000000,CLOSE,2026-05-23 21:27:39
531298197,USDT,,TRANSFER_IN,--,0.00000000000000000000,0.00000000000000000000,0.00000000000000000000,0.00000000000000000000,0.00000000000000000000,1107.32000000000000000000,1107.32000000000000000000,1310.67299727000000000000,--,2026-05-23 21:16:34
531298197,USDT,ETHUSDT,TRADE,SELL,0.04000000000000000000,-0.08000000000000000000,2140.02000000000000000000,0.00000000000000000000,-0.03081629000000000000,0.00000000000000000000,-0.03081629000000000000,203.35299727000000000000,OPEN,2026-05-23 20:55:24
531298197,USDT,ETHUSDT,TRADE,SELL,0.04000000000000000000,-0.04000000000000000000,2120.02000000000000000000,0.00000000000000000000,-0.03052829000000000000,0.00000000000000000000,-0.03052829000000000000,203.38381356000000000000,OPEN,2026-05-23 20:38:18
531298197,USDT,ETHUSDT,TRADE,BUY,0.04000000000000000000,0.00000000000000000000,2076.51000000000000000000,0.00000000000000000000,-0.08306040000000000000,2.54040000000000000000,2.45733960000000000000,203.41434185000000000000,CLOSE,2026-05-23 19:38:50
531298197,USDT,ETHUSDT,SETTLEMENT,SELL,--,-0.04000000000000000000,--,0.00531711000000000000,0.00000000000000000000,0.00000000000000000000,0.00531711000000000000,200.95700225000000000000,SETTLEMENT,2026-05-23 16:00:00
531298197,USDT,ETHUSDT,SETTLEMENT,SELL,--,-0.04000000000000000000,--,0.00146557000000000000,0.00000000000000000000,0.00000000000000000000,0.00146557000000000000,200.95168514000000000000,SETTLEMENT,2026-05-23 08:00:00
531298197,USDT,ETHUSDT,SETTLEMENT,SELL,--,-0.04000000000000000000,--,0.00574560000000000000,0.00000000000000000000,0.00000000000000000000,0.00574560000000000000,200.95021957000000000000,SETTLEMENT,2026-05-23 00:00:00
531298197,USDT,ETHUSDT,SETTLEMENT,SELL,--,-0.04000000000000000000,--,0.00657482000000000000,0.00000000000000000000,0.00000000000000000000,0.00657482000000000000,200.94447397000000000000,SETTLEMENT,2026-05-22 16:00:00
531298197,USDT,ETHUSDT,SETTLEMENT,SELL,--,-0.04000000000000000000,--,0.00342805000000000000,0.00000000000000000000,0.00000000000000000000,0.00342805000000000000,200.93789915000000000000,SETTLEMENT,2026-05-22 08:00:00
531298197,USDT,ETHUSDT,SETTLEMENT,SELL,--,-0.04000000000000000000,--,0.00363442000000000000,0.00000000000000000000,0.00000000000000000000,0.00363442000000000000,200.93447110000000000000,SETTLEMENT,2026-05-22 00:00:00
531298197,USDT,ETHUSDT,SETTLEMENT,SELL,--,-0.04000000000000000000,--,0.00485318000000000000,0.00000000000000000000,0.00000000000000000000,0.00485318000000000000,200.93083668000000000000,SETTLEMENT,2026-05-21 16:00:00
531298197,USDT,ETHUSDT,SETTLEMENT,SELL,--,-0.04000000000000000000,--,0.00321238000000000000,0.00000000000000000000,0.00000000000000000000,0.00321238000000000000,200.92598350000000000000,SETTLEMENT,2026-05-21 08:00:00
531298197,USDT,ETHUSDT,SETTLEMENT,SELL,--,-0.04000000000000000000,--,0.00318086000000000000,0.00000000000000000000,0.00000000000000000000,0.00318086000000000000,200.92277112000000000000,SETTLEMENT,2026-05-21 00:00:00
531298197,USDT,ETHUSDT,SETTLEMENT,SELL,--,-0.04000000000000000000,--,0.00437905000000000000,0.00000000000000000000,0.00000000000000000000,0.00437905000000000000,200.91959026000000000000,SETTLEMENT,2026-05-20 16:00:00
531298197,USDT,ETHUSDT,TRADE,SELL,0.04000000000000000000,-0.04000000000000000000,2140.02000000000000000000,0.00000000000000000000,-0.03081629000000000000,0.00000000000000000000,-0.03081629000000000000,200.91521121000000000000,OPEN,2026-05-20 12:57:03
531298197,USDT,ETHUSDT,TRADE,BUY,0.04000000000000000000,0.00000000000000000000,2100.00000000000000000000,0.00000000000000000000,-0.03024000000000000000,1.45950000000000000000,1.42926000000000000000,200.94602750000000000000,CLOSE,2026-05-19 14:21:58
531298197,USDT,ETHUSDT,TRADE,BUY,0.04000000000000000000,-0.04000000000000000000,2120.02000000000000000000,0.00000000000000000000,-0.03052829000000000000,0.65870000000000000000,0.62817171000000000000,199.51676750000000000000,CLOSE,2026-05-19 09:26:00
531298197,USDT,ETHUSDT,SETTLEMENT,SELL,--,-0.08000000000000000000,--,0.00313963000000000000,0.00000000000000000000,0.00000000000000000000,0.00313963000000000000,198.88859579000000000000,SETTLEMENT,2026-05-19 08:00:00
531298197,USDT,ETHUSDT,TRADE,SELL,0.04000000000000000000,-0.08000000000000000000,2140.02000000000000000000,0.00000000000000000000,-0.03081629000000000000,0.00000000000000000000,-0.03081629000000000000,198.88545616000000000000,OPEN,2026-05-19 07:09:16
531298197,USDT,ETHUSDT,TRADE,BUY,0.04000000000000000000,-0.04000000000000000000,2120.02000000000000000000,0.00000000000000000000,-0.03052829000000000000,0.51740000000000000000,0.48687171000000000000,198.91627245000000000000,CLOSE,2026-05-19 02:04:30
531298197,USDT,ETHUSDT,SETTLEMENT,SELL,--,-0.08000000000000000000,--,0.01179191000000000000,0.00000000000000000000,0.00000000000000000000,0.01179191000000000000,198.42940074000000000000,SETTLEMENT,2026-05-19 00:00:00
531298197,USDT,ETHUSDT,TRADE,SELL,0.04000000000000000000,-0.08000000000000000000,2140.02000000000000000000,0.00000000000000000000,-0.03081629000000000000,0.00000000000000000000,-0.03081629000000000000,198.41760883000000000000,OPEN,2026-05-18 21:33:30
531298197,USDT,ETHUSDT,TRADE,SELL,0.04000000000000000000,-0.04000000000000000000,2125.89000000000000000000,0.00000000000000000000,-0.08503560000000000000,0.00000000000000000000,-0.08503560000000000000,198.44842512000000000000,OPEN,2026-05-18 20:19:23
531298197,USDT,ETH-5JUN26-2200-C-USDT,TRADE,SELL,1.50000000000000000000,0.00000000000000000000,47.10000000000000000000,0.00000000000000000000,-0.62654559000000000000,70.65000000000000000000,70.02345441000000000000,198.53346072000000000000,CLOSE,2026-05-18 18:29:15
531298197,USDT,ETH-5JUN26-2100-C-USDT,TRADE,BUY,1.50000000000000000000,1.50000000000000000000,95.00000000000000000000,0.00000000000000000000,-0.63027836000000000000,-142.50000000000000000000,-143.13027836000000000000,128.51000631000000000000,OPEN,2026-05-18 18:13:31
531298197,USDT,ETH-5JUN26-2200-C-USDT,TRADE,BUY,1.50000000000000000000,1.50000000000000000000,92.00000000000000000000,0.00000000000000000000,-0.65564893000000000000,-138.00000000000000000000,-138.65564893000000000000,271.64028467000000000000,OPEN,2026-05-16 09:17:53
531298197,USDT,ETHUSDT,TRADE,BUY,0.05000000000000000000,0.00000000000000000000,2305.00000000000000000000,0.00000000000000000000,-0.04149000000000000000,1.75000000000000000000,1.70851000000000000000,410.29593360000000000000,CLOSE,2026-05-12 01:39:04
531298197,USDT,ETHUSDT,TRADE,BUY,0.05000000000000000000,-0.05000000000000000000,2315.00000000000000000000,0.00000000000000000000,-0.04167000000000000000,1.25000000000000000000,1.20833000000000000000,408.58742360000000000000,CLOSE,2026-05-12 01:34:22
531298197,USDT,ETHUSDT,SETTLEMENT,SELL,--,-0.10000000000000000000,--,0.00791151000000000000,0.00000000000000000000,0.00000000000000000000,0.00791151000000000000,407.37909360000000000000,SETTLEMENT,2026-05-12 00:00:00
531298197,USDT,ETHUSDT,TRADE,SELL,0.05000000000000000000,-0.10000000000000000000,2340.00000000000000000000,0.00000000000000000000,-0.04212000000000000000,0.00000000000000000000,-0.04212000000000000000,407.37118209000000000000,OPEN,2026-05-11 16:11:00
531298197,USDT,ETHUSDT,TRADE,SELL,0.05000000000000000000,-0.05000000000000000000,2340.00000000000000000000,0.00000000000000000000,-0.04212000000000000000,0.00000000000000000000,-0.04212000000000000000,407.41330209000000000000,OPEN,2026-05-11 16:11:00
531298197,USDT,ETHUSDT,TRADE,BUY,0.05000000000000000000,0.00000000000000000000,2305.00000000000000000000,0.00000000000000000000,-0.04149000000000000000,1.75000000000000000000,1.70851000000000000000,407.45542209000000000000,CLOSE,2026-05-11 14:31:43
531298197,USDT,ETHUSDT,TRADE,BUY,0.05000000000000000000,-0.05000000000000000000,2315.00000000000000000000,0.00000000000000000000,-0.04167000000000000000,1.25000000000000000000,1.20833000000000000000,405.74691209000000000000,CLOSE,2026-05-11 13:36:57
531298197,USDT,ETHUSDT,SETTLEMENT,SELL,--,-0.10000000000000000000,--,0.01563900000000000000,0.00000000000000000000,0.00000000000000000000,0.01563900000000000000,404.53858209000000000000,SETTLEMENT,2026-05-11 08:00:00
531298197,USDT,ETHUSDT,SETTLEMENT,SELL,--,-0.10000000000000000000,--,0.01176597000000000000,0.00000000000000000000,0.00000000000000000000,0.01176597000000000000,404.52294309000000000000,SETTLEMENT,2026-05-11 00:00:00
531298197,USDT,ETHUSDT,TRADE,SELL,0.05000000000000000000,-0.10000000000000000000,2340.00000000000000000000,0.00000000000000000000,-0.04212000000000000000,0.00000000000000000000,-0.04212000000000000000,404.51117712000000000000,OPEN,2026-05-10 22:02:04
531298197,USDT,ETHUSDT,TRADE,BUY,0.05000000000000000000,-0.05000000000000000000,2315.00000000000000000000,0.00000000000000000000,-0.04167000000000000000,1.25000000000000000000,1.20833000000000000000,404.55329712000000000000,CLOSE,2026-05-10 20:49:19
531298197,USDT,ETHUSDT,SETTLEMENT,SELL,--,-0.10000000000000000000,--,0.01965327000000000000,0.00000000000000000000,0.00000000000000000000,0.01965327000000000000,403.34496712000000000000,SETTLEMENT,2026-05-10 16:00:00
531298197,USDT,ETHUSDT,TRADE,SELL,0.05000000000000000000,-0.05000000000000000000,2340.00000000000000000000,0.00000000000000000000,-0.04212000000000000000,0.00000000000000000000,-0.04212000000000000000,403.36743385000000000000,OPEN,2026-05-10 15:36:25
531298197,USDT,ETHUSDT,TRADE,SELL,0.05000000000000000000,-0.10000000000000000000,2340.00000000000000000000,0.00000000000000000000,-0.04212000000000000000,0.00000000000000000000,-0.04212000000000000000,403.32531385000000000000,OPEN,2026-05-10 15:36:25
531298197,USDT,ETHUSDT,TRADE,BUY,0.05000000000000000000,0.00000000000000000000,2305.00000000000000000000,0.00000000000000000000,-0.04149000000000000000,2.76562500000000000000,2.72413500000000000000,403.40955385000000000000,CLOSE,2026-05-07 13:47:50
531298197,USDT,ETHUSDT,TRADE,BUY,0.05000000000000000000,-0.05000000000000000000,2315.00000000000000000000,0.00000000000000000000,-0.04167000000000000000,2.26562500000000000000,2.22395500000000000000,400.68541885000000000000,CLOSE,2026-05-07 13:40:07
531298197,USDT,ETHUSDT,SETTLEMENT,SELL,--,-0.10000000000000000000,--,0.00506933000000000000,0.00000000000000000000,0.00000000000000000000,0.00506933000000000000,398.46146385000000000000,SETTLEMENT,2026-05-07 08:00:00
531298197,USDT,ETHUSDT,TRADE,SELL,0.05000000000000000000,-0.10000000000000000000,2340.00000000000000000000,0.00000000000000000000,-0.04212000000000000000,0.00000000000000000000,-0.04212000000000000000,398.45639452000000000000,OPEN,2026-05-07 07:07:58
531298197,USDT,ETHUSDT,TRADE,BUY,0.05000000000000000000,-0.05000000000000000000,2315.00000000000000000000,0.00000000000000000000,-0.04167000000000000000,3.28125000000000000000,3.23958000000000000000,398.49851452000000000000,CLOSE,2026-05-07 01:06:52
531298197,USDT,ETHUSDT,SETTLEMENT,SELL,--,-0.10000000000000000000,--,-0.00604576000000000000,0.00000000000000000000,0.00000000000000000000,-0.00604576000000000000,395.25893452000000000000,SETTLEMENT,2026-05-07 00:00:00
531298197,USDT,ETHUSDT,SETTLEMENT,SELL,--,-0.10000000000000000000,--,-0.00700228000000000000,0.00000000000000000000,0.00000000000000000000,-0.00700228000000000000,395.26498028000000000000,SETTLEMENT,2026-05-06 16:00:00
531298197,USDT,ETHUSDT,TRADE,BUY,0.05000000000000000000,-0.10000000000000000000,2355.00000000000000000000,0.00000000000000000000,-0.04239000000000000000,1.28125000000000000000,1.23886000000000000000,395.27198256000000000000,CLOSE,2026-05-06 14:06:33
531298197,USDT,ETHUSDT,TRADE,BUY,0.05000000000000000000,-0.15000000000000000000,2365.00000000000000000000,0.00000000000000000000,-0.04257000000000000000,0.78125000000000000000,0.73868000000000000000,394.03312256000000000000,CLOSE,2026-05-06 13:47:06
531298197,USDT,ETHUSDT,TRADE,SELL,0.05000000000000000000,-0.20000000000000000000,2390.00000000000000000000,0.00000000000000000000,-0.04302000000000000000,0.00000000000000000000,-0.04302000000000000000,393.29444256000000000000,OPEN,2026-05-06 08:53:09
531298197,USDT,ETHUSDT,TRADE,SELL,0.05000000000000000000,-0.15000000000000000000,2390.00000000000000000000,0.00000000000000000000,-0.04302000000000000000,0.00000000000000000000,-0.04302000000000000000,393.33746256000000000000,OPEN,2026-05-06 08:53:09
531298197,USDT,ETHUSDT,SETTLEMENT,SELL,--,-0.10000000000000000000,--,-0.00155259000000000000,0.00000000000000000000,0.00000000000000000000,-0.00155259000000000000,393.38048256000000000000,SETTLEMENT,2026-05-06 08:00:00
531298197,USDT,ETHUSDT,SETTLEMENT,SELL,--,-0.10000000000000000000,--,-0.01081268000000000000,0.00000000000000000000,0.00000000000000000000,-0.01081268000000000000,393.38203515000000000000,SETTLEMENT,2026-05-06 00:00:00
531298197,USDT,ETHUSDT,TRADE,BUY,0.05000000000000000000,-0.10000000000000000000,2355.00000000000000000000,0.00000000000000000000,-0.04239000000000000000,0.81250000000000000000,0.77011000000000000000,393.39284783000000000000,CLOSE,2026-05-05 22:41:47
531298197,USDT,ETHUSDT,TRADE,BUY,0.05000000000000000000,-0.15000000000000000000,2365.00000000000000000000,0.00000000000000000000,-0.04257000000000000000,0.31250000000000000000,0.26993000000000000000,392.62273783000000000000,CLOSE,2026-05-05 16:38:55
531298197,USDT,ETHUSDT,SETTLEMENT,SELL,--,-0.20000000000000000000,--,0.00433687000000000000,0.00000000000000000000,0.00000000000000000000,0.00433687000000000000,392.35280783000000000000,SETTLEMENT,2026-05-05 16:00:00
531298197,USDT,ETHUSDT,TRADE,SELL,0.03000000000000000000,-0.15000000000000000000,2390.00000000000000000000,0.00000000000000000000,-0.02581200000000000000,0.00000000000000000000,-0.02581200000000000000,392.39149096000000000000,OPEN,2026-05-05 13:01:20
531298197,USDT,ETHUSDT,TRADE,SELL,0.02000000000000000000,-0.12000000000000000000,2390.00000000000000000000,0.00000000000000000000,-0.01720800000000000000,0.00000000000000000000,-0.01720800000000000000,392.41730296000000000000,OPEN,2026-05-05 13:01:20
531298197,USDT,ETHUSDT,TRADE,SELL,0.05000000000000000000,-0.20000000000000000000,2390.00000000000000000000,0.00000000000000000000,-0.04302000000000000000,0.00000000000000000000,-0.04302000000000000000,392.34847096000000000000,OPEN,2026-05-05 13:01:20
531298197,USDT,ETHUSDT,SETTLEMENT,SELL,--,-0.10000000000000000000,--,0.01213550000000000000,0.00000000000000000000,0.00000000000000000000,0.01213550000000000000,392.43451096000000000000,SETTLEMENT,2026-05-05 08:00:00
531298197,USDT,ETHUSDT,SETTLEMENT,SELL,--,-0.10000000000000000000,--,-0.00351186000000000000,0.00000000000000000000,0.00000000000000000000,-0.00351186000000000000,392.42237546000000000000,SETTLEMENT,2026-05-05 00:00:00
531298197,USDT,ETHUSDT,SETTLEMENT,SELL,--,-0.10000000000000000000,--,-0.00947061000000000000,0.00000000000000000000,0.00000000000000000000,-0.00947061000000000000,392.42588732000000000000,SETTLEMENT,2026-05-04 16:00:00
531298197,USDT,ETHUSDT,TRADE,SELL,0.05000000000000000000,-0.10000000000000000000,2340.00000000000000000000,0.00000000000000000000,-0.04212000000000000000,0.00000000000000000000,-0.04212000000000000000,392.43535793000000000000,OPEN,2026-05-04 10:33:36
531298197,USDT,ETHUSDT,TRADE,BUY,0.05000000000000000000,-0.05000000000000000000,2315.00000000000000000000,0.00000000000000000000,-0.04167000000000000000,2.50000000000000000000,2.45833000000000000000,392.47747793000000000000,CLOSE,2026-05-04 10:20:06
531298197,USDT,ETHUSDT,SETTLEMENT,SELL,--,-0.10000000000000000000,--,0.00343866000000000000,0.00000000000000000000,0.00000000000000000000,0.00343866000000000000,390.01914793000000000000,SETTLEMENT,2026-05-04 08:00:00
531298197,USDT,ETHUSDT,TRADE,BUY,0.05000000000000000000,-0.10000000000000000000,2355.00000000000000000000,0.00000000000000000000,-0.04239000000000000000,0.50000000000000000000,0.45761000000000000000,390.01570927000000000000,CLOSE,2026-05-04 06:26:39
531298197,USDT,ETHUSDT,TRADE,BUY,0.05000000000000000000,-0.15000000000000000000,2365.00000000000000000000,0.00000000000000000000,-0.04257000000000000000,0.00000000000000000000,-0.04257000000000000000,389.55809927000000000000,CLOSE,2026-05-04 06:21:00
531298197,USDT,ETHUSDT,TRADE,SELL,0.05000000000000000000,-0.20000000000000000000,2390.00000000000000000000,0.00000000000000000000,-0.04302000000000000000,0.00000000000000000000,-0.04302000000000000000,389.60066927000000000000,OPEN,2026-05-04 03:21:04
531298197,USDT,ETHUSDT,TRADE,SELL,0.05000000000000000000,-0.15000000000000000000,2390.00000000000000000000,0.00000000000000000000,-0.04302000000000000000,0.00000000000000000000,-0.04302000000000000000,389.64368927000000000000,OPEN,2026-05-04 03:21:04
531298197,USDT,ETHUSDT,TRADE,SELL,0.05000000000000000000,-0.10000000000000000000,2340.00000000000000000000,0.00000000000000000000,-0.04212000000000000000,0.00000000000000000000,-0.04212000000000000000,389.68670927000000000000,OPEN,2026-05-04 01:51:16
531298197,USDT,ETHUSDT,TRADE,BUY,0.05000000000000000000,-0.05000000000000000000,2315.00000000000000000000,0.00000000000000000000,-0.04167000000000000000,1.25000000000000000000,1.20833000000000000000,389.72882927000000000000,CLOSE,2026-05-04 00:01:17
531298197,USDT,ETHUSDT,SETTLEMENT,SELL,--,-0.10000000000000000000,--,-0.00150450000000000000,0.00000000000000000000,0.00000000000000000000,-0.00150450000000000000,388.52049927000000000000,SETTLEMENT,2026-05-04 00:00:00
531298197,USDT,ETHUSDT,TRADE,SELL,0.05000000000000000000,-0.10000000000000000000,2340.00000000000000000000,0.00000000000000000000,-0.04212000000000000000,0.00000000000000000000,-0.04212000000000000000,388.52200377000000000000,OPEN,2026-05-03 22:02:59
531298197,USDT,ETHUSDT,TRADE,BUY,0.05000000000000000000,-0.05000000000000000000,2315.00000000000000000000,0.00000000000000000000,-0.04167000000000000000,1.25000000000000000000,1.20833000000000000000,388.56412377000000000000,CLOSE,2026-05-03 21:44:15
531298197,USDT,ETHUSDT,TRADE,SELL,0.05000000000000000000,-0.05000000000000000000,2340.00000000000000000000,0.00000000000000000000,-0.04212000000000000000,0.00000000000000000000,-0.04212000000000000000,387.39791377000000000000,OPEN,2026-05-03 20:35:03
531298197,USDT,ETHUSDT,TRADE,SELL,0.05000000000000000000,-0.10000000000000000000,2340.00000000000000000000,0.00000000000000000000,-0.04212000000000000000,0.00000000000000000000,-0.04212000000000000000,387.35579377000000000000,OPEN,2026-05-03 20:35:03
531298197,USDT,ETHUSDT,TRADE,BUY,0.05000000000000000000,0.00000000000000000000,2305.00000000000000000000,0.00000000000000000000,-0.04149000000000000000,1.75000000000000000000,1.70851000000000000000,387.44003377000000000000,CLOSE,2026-05-03 01:02:44
531298197,USDT,ETHUSDT,SETTLEMENT,SELL,--,-0.05000000000000000000,--,0.00052342000000000000,0.00000000000000000000,0.00000000000000000000,0.00052342000000000000,385.73152377000000000000,SETTLEMENT,2026-05-03 00:00:00
531298197,USDT,ETHUSDT,TRADE,BUY,0.05000000000000000000,-0.05000000000000000000,2315.00000000000000000000,0.00000000000000000000,-0.04167000000000000000,1.25000000000000000000,1.20833000000000000000,385.73100035000000000000,CLOSE,2026-05-02 23:51:17
531298197,USDT,ETHUSDT,TRADE,SELL,0.05000000000000000000,-0.10000000000000000000,2340.00000000000000000000,0.00000000000000000000,-0.04212000000000000000,0.00000000000000000000,-0.04212000000000000000,384.52267035000000000000,OPEN,2026-05-02 21:38:22
531298197,USDT,ETHUSDT,TRADE,SELL,0.05000000000000000000,-0.05000000000000000000,2340.00000000000000000000,0.00000000000000000000,-0.04212000000000000000,0.00000000000000000000,-0.04212000000000000000,384.56479035000000000000,OPEN,2026-05-02 21:38:22
531298197,USDT,ETHUSDT,TRADE,BUY,0.05000000000000000000,0.00000000000000000000,2305.00000000000000000000,0.00000000000000000000,-0.04149000000000000000,1.75000000000000000000,1.70851000000000000000,384.60691035000000000000,CLOSE,2026-04-29 13:24:59
531298197,USDT,ETHUSDT,TRADE,BUY,0.05000000000000000000,-0.05000000000000000000,2315.00000000000000000000,0.00000000000000000000,-0.04167000000000000000,1.25000000000000000000,1.20833000000000000000,382.89840035000000000000,CLOSE,2026-04-29 12:20:42
531298197,USDT,ETHUSDT,SETTLEMENT,SELL,--,-0.10000000000000000000,--,0.00940681000000000000,0.00000000000000000000,0.00000000000000000000,0.00940681000000000000,381.69007035000000000000,SETTLEMENT,2026-04-29 08:00:00
531298197,USDT,ETHUSDT,TRADE,SELL,0.05000000000000000000,-0.05000000000000000000,2340.00000000000000000000,0.00000000000000000000,-0.04212000000000000000,0.00000000000000000000,-0.04212000000000000000,381.72278354000000000000,OPEN,2026-04-29 04:41:12
531298197,USDT,ETHUSDT,TRADE,SELL,0.05000000000000000000,-0.10000000000000000000,2340.00000000000000000000,0.00000000000000000000,-0.04212000000000000000,0.00000000000000000000,-0.04212000000000000000,381.68066354000000000000,OPEN,2026-04-29 04:41:12
531298197,USDT,ETHUSDT,TRADE,BUY,0.05000000000000000000,0.00000000000000000000,2305.00000000000000000000,0.00000000000000000000,-0.04149000000000000000,3.00000000000000000000,2.95851000000000000000,381.76490354000000000000,CLOSE,2026-04-27 13:47:14
531298197,USDT,ETHUSDT,SETTLEMENT,SELL,--,-0.05000000000000000000,--,-0.00631135000000000000,0.00000000000000000000,0.00000000000000000000,-0.00631135000000000000,378.80639354000000000000,SETTLEMENT,2026-04-27 08:00:00
531298197,USDT,ETHUSDT,TRADE,BUY,0.05000000000000000000,-0.05000000000000000000,2315.00000000000000000000,0.00000000000000000000,-0.04167000000000000000,2.50000000000000000000,2.45833000000000000000,378.81270489000000000000,CLOSE,2026-04-27 06:31:37
531298197,USDT,ETHUSDT,TRADE,BUY,0.05000000000000000000,-0.10000000000000000000,2355.00000000000000000000,0.00000000000000000000,-0.04239000000000000000,0.50000000000000000000,0.45761000000000000000,376.35437489000000000000,CLOSE,2026-04-27 05:15:19
531298197,USDT,ETHUSDT,TRADE,BUY,0.05000000000000000000,-0.15000000000000000000,2365.00000000000000000000,0.00000000000000000000,-0.04257000000000000000,0.00000000000000000000,-0.04257000000000000000,375.89676489000000000000,CLOSE,2026-04-27 05:09:24
531298197,USDT,ETHUSDT,TRADE,SELL,0.05000000000000000000,-0.20000000000000000000,2390.00000000000000000000,0.00000000000000000000,-0.04302000000000000000,0.00000000000000000000,-0.04302000000000000000,375.93933489000000000000,OPEN,2026-04-27 00:58:26
531298197,USDT,ETHUSDT,TRADE,SELL,0.05000000000000000000,-0.15000000000000000000,2390.00000000000000000000,0.00000000000000000000,-0.04302000000000000000,0.00000000000000000000,-0.04302000000000000000,375.98235489000000000000,OPEN,2026-04-27 00:58:26
531298197,USDT,ETHUSDT,SETTLEMENT,SELL,--,-0.10000000000000000000,--,0.00018712000000000000,0.00000000000000000000,0.00000000000000000000,0.00018712000000000000,376.02537489000000000000,SETTLEMENT,2026-04-27 00:00:00
531298197,USDT,ETHUSDT,SETTLEMENT,SELL,--,-0.10000000000000000000,--,0.00366183000000000000,0.00000000000000000000,0.00000000000000000000,0.00366183000000000000,376.02518777000000000000,SETTLEMENT,2026-04-26 16:00:00
531298197,USDT,ETHUSDT,TRADE,SELL,0.05000000000000000000,-0.05000000000000000000,2340.00000000000000000000,0.00000000000000000000,-0.04212000000000000000,0.00000000000000000000,-0.04212000000000000000,376.06364594000000000000,OPEN,2026-04-26 14:19:37
531298197,USDT,ETHUSDT,TRADE,SELL,0.05000000000000000000,-0.10000000000000000000,2340.00000000000000000000,0.00000000000000000000,-0.04212000000000000000,0.00000000000000000000,-0.04212000000000000000,376.02152594000000000000,OPEN,2026-04-26 14:19:37
531298197,USDT,ETHUSDT,TRADE,BUY,0.05000000000000000000,0.00000000000000000000,2305.00000000000000000000,0.00000000000000000000,-0.04149000000000000000,1.75000000000000000000,1.70851000000000000000,376.10576594000000000000,CLOSE,2026-04-23 17:17:09
531298197,USDT,ETHUSDT,TRADE,BUY,0.05000000000000000000,-0.05000000000000000000,2315.00000000000000000000,0.00000000000000000000,-0.04167000000000000000,1.25000000000000000000,1.20833000000000000000,374.39725594000000000000,CLOSE,2026-04-23 17:05:34
531298197,USDT,ETHUSDT,SETTLEMENT,SELL,--,-0.10000000000000000000,--,-0.01173371000000000000,0.00000000000000000000,0.00000000000000000000,-0.01173371000000000000,373.18892594000000000000,SETTLEMENT,2026-04-23 16:00:00
531298197,USDT,ETHUSDT,TRADE,SELL,0.05000000000000000000,-0.10000000000000000000,2340.00000000000000000000,0.00000000000000000000,-0.04212000000000000000,0.00000000000000000000,-0.04212000000000000000,373.20065965000000000000,OPEN,2026-04-23 15:23:50
531298197,USDT,ETHUSDT,TRADE,SELL,0.05000000000000000000,-0.05000000000000000000,2340.00000000000000000000,0.00000000000000000000,-0.04212000000000000000,0.00000000000000000000,-0.04212000000000000000,373.24277965000000000000,OPEN,2026-04-23 15:23:50
531298197,USDT,ETHUSDT,TRADE,BUY,0.05000000000000000000,0.00000000000000000000,2305.00000000000000000000,0.00000000000000000000,-0.04149000000000000000,3.00000000000000000000,2.95851000000000000000,373.28489965000000000000,CLOSE,2026-04-23 10:06:36
531298197,USDT,ETHUSDT,TRADE,BUY,0.05000000000000000000,-0.05000000000000000000,2315.00000000000000000000,0.00000000000000000000,-0.04167000000000000000,2.50000000000000000000,2.45833000000000000000,370.32638965000000000000,CLOSE,2026-04-23 09:09:30
531298197,USDT,ETHUSDT,SETTLEMENT,SELL,--,-0.10000000000000000000,--,0.00400447000000000000,0.00000000000000000000,0.00000000000000000000,0.00400447000000000000,367.86805965000000000000,SETTLEMENT,2026-04-23 08:00:00
531298197,USDT,ETHUSDT,TRADE,BUY,0.05000000000000000000,-0.10000000000000000000,2355.00000000000000000000,0.00000000000000000000,-0.04239000000000000000,0.50000000000000000000,0.45761000000000000000,367.86405518000000000000,CLOSE,2026-04-23 00:15:20
531298197,USDT,ETHUSDT,TRADE,BUY,0.05000000000000000000,-0.15000000000000000000,2365.00000000000000000000,0.00000000000000000000,-0.04257000000000000000,0.00000000000000000000,-0.04257000000000000000,367.40644518000000000000,CLOSE,2026-04-23 00:10:00
531298197,USDT,ETHUSDT,SETTLEMENT,SELL,--,-0.20000000000000000000,--,-0.01831841000000000000,0.00000000000000000000,0.00000000000000000000,-0.01831841000000000000,367.44901518000000000000,SETTLEMENT,2026-04-23 00:00:00
531298197,USDT,ETHUSDT,SETTLEMENT,SELL,--,-0.20000000000000000000,--,0.00411314000000000000,0.00000000000000000000,0.00000000000000000000,0.00411314000000000000,367.46733359000000000000,SETTLEMENT,2026-04-22 16:00:00
531298197,USDT,ETHUSDT,SETTLEMENT,SELL,--,-0.20000000000000000000,--,0.02022920000000000000,0.00000000000000000000,0.00000000000000000000,0.02022920000000000000,367.46322045000000000000,SETTLEMENT,2026-04-22 08:00:00
531298197,USDT,ETHUSDT,TRADE,SELL,0.05000000000000000000,-0.20000000000000000000,2390.00000000000000000000,0.00000000000000000000,-0.04302000000000000000,0.00000000000000000000,-0.04302000000000000000,367.44299125000000000000,OPEN,2026-04-22 05:19:13
531298197,USDT,ETHUSDT,TRADE,SELL,0.05000000000000000000,-0.15000000000000000000,2390.00000000000000000000,0.00000000000000000000,-0.04302000000000000000,0.00000000000000000000,-0.04302000000000000000,367.48601125000000000000,OPEN,2026-04-22 05:19:13
531298197,USDT,ETHUSDT,TRADE,SELL,0.05000000000000000000,-0.10000000000000000000,2340.00000000000000000000,0.00000000000000000000,-0.04212000000000000000,0.00000000000000000000,-0.04212000000000000000,367.52903125000000000000,OPEN,2026-04-22 02:12:55
531298197,USDT,ETHUSDT,TRADE,SELL,0.05000000000000000000,-0.05000000000000000000,2340.00000000000000000000,0.00000000000000000000,-0.04212000000000000000,0.00000000000000000000,-0.04212000000000000000,367.57115125000000000000,OPEN,2026-04-22 02:12:55
531298197,USDT,ETHUSDT,TRADE,BUY,0.05000000000000000000,0.00000000000000000000,2305.00000000000000000000,0.00000000000000000000,-0.04149000000000000000,1.75000000000000000000,1.70851000000000000000,367.61327125000000000000,CLOSE,2026-04-20 23:28:20
531298197,USDT,ETHUSDT,TRADE,BUY,0.05000000000000000000,-0.05000000000000000000,2315.00000000000000000000,0.00000000000000000000,-0.04167000000000000000,1.25000000000000000000,1.20833000000000000000,365.90476125000000000000,CLOSE,2026-04-20 21:19:15
531298197,USDT,ETHUSDT,TRADE,SELL,0.03000000000000000000,-0.10000000000000000000,2340.00000000000000000000,0.00000000000000000000,-0.02527200000000000000,0.00000000000000000000,-0.02527200000000000000,364.69643125000000000000,OPEN,2026-04-20 18:43:09
531298197,USDT,ETHUSDT,TRADE,SELL,0.02000000000000000000,-0.07000000000000000000,2340.00000000000000000000,0.00000000000000000000,-0.01684800000000000000,0.00000000000000000000,-0.01684800000000000000,364.72170325000000000000,OPEN,2026-04-20 18:43:09
531298197,USDT,ETHUSDT,TRADE,SELL,0.05000000000000000000,-0.05000000000000000000,2340.00000000000000000000,0.00000000000000000000,-0.04212000000000000000,0.00000000000000000000,-0.04212000000000000000,364.73855125000000000000,OPEN,2026-04-20 18:43:09
531298197,USDT,ETHUSDT,TRADE,BUY,0.05000000000000000000,0.00000000000000000000,2305.00000000000000000000,0.00000000000000000000,-0.04149000000000000000,1.75000000000000000000,1.70851000000000000000,364.78067125000000000000,CLOSE,2026-04-19 16:55:08
531298197,USDT,ETHUSDT,SETTLEMENT,SELL,--,-0.05000000000000000000,--,-0.00889659000000000000,0.00000000000000000000,0.00000000000000000000,-0.00889659000000000000,363.07216125000000000000,SETTLEMENT,2026-04-19 16:00:00
531298197,USDT,ETHUSDT,TRADE,BUY,0.05000000000000000000,-0.05000000000000000000,2315.00000000000000000000,0.00000000000000000000,-0.04167000000000000000,1.25000000000000000000,1.20833000000000000000,363.08105784000000000000,CLOSE,2026-04-19 15:36:10
531298197,USDT,ETHUSDT,TRADE,SELL,0.05000000000000000000,-0.05000000000000000000,2340.00000000000000000000,0.00000000000000000000,-0.04212000000000000000,0.00000000000000000000,-0.04212000000000000000,361.91484784000000000000,OPEN,2026-04-19 13:19:09
531298197,USDT,ETHUSDT,TRADE,SELL,0.05000000000000000000,-0.10000000000000000000,2340.00000000000000000000,0.00000000000000000000,-0.04212000000000000000,0.00000000000000000000,-0.04212000000000000000,361.87272784000000000000,OPEN,2026-04-19 13:19:09
531298197,USDT,ETH-29MAY26-2400-C-USDT,TRADE,SELL,1.00000000000000000000,0.00000000000000000000,162.50000000000000000000,0.00000000000000000000,-0.69797438000000000000,162.50000000000000000000,161.80202562000000000000,361.95696784000000000000,CLOSE,2026-04-19 11:09:35
531298197,USDT,ETH-29MAY26-2300-C-USDT,TRADE,BUY,1.00000000000000000000,1.00000000000000000000,207.70000000000000000000,0.00000000000000000000,-0.69706467000000000000,-207.70000000000000000000,-208.39706467000000000000,200.15494222000000000000,OPEN,2026-04-19 11:09:04
531298197,USDT,ETH-29MAY26-2400-C-USDT,TRADE,BUY,1.00000000000000000000,1.00000000000000000000,176.90000000000000000000,0.00000000000000000000,-0.70462418000000000000,-176.90000000000000000000,-177.60462418000000000000,408.55200689000000000000,OPEN,2026-04-18 20:07:28
531298197,USDT,ETH-17APR26-2300-P-USDT,DELIVERY,SELL,1.00000000000000000000,0.00000000000000000000,2333.98896533000000000000,0.00000000000000000000,0.00000000000000000000,0.00000000000000000000,0.00000000000000000000,586.15663107000000000000,CLOSE,2026-04-17 08:00:01
531298197,USDT,ETH-17APR26-2300-P-USDT,TRADE,BUY,1.00000000000000000000,1.00000000000000000000,29.10000000000000000000,0.00000000000000000000,-0.70958514000000000000,-29.10000000000000000000,-29.80958514000000000000,586.15663107000000000000,OPEN,2026-04-14 04:13:38
531298197,USDT,ETHUSDT,TRADE,BUY,0.40000000000000000000,0.00000000000000000000,2364.91000000000000000000,0.00000000000000000000,-0.94596400000000000000,-39.96400000000000000000,-40.90996400000000000000,615.96621621000000000000,CLOSE,2026-04-14 04:11:49
531298197,USDT,ETHUSDT,SETTLEMENT,SELL,--,-0.40000000000000000000,--,0.08054114000000000000,0.00000000000000000000,0.00000000000000000000,0.08054114000000000000,656.87618021000000000000,SETTLEMENT,2026-04-14 00:00:00
531298197,USDT,ETH-24APR26-2200-C-USDT,TRADE,SELL,0.60000000000000000000,0.00000000000000000000,167.40000000000000000000,0.00000000000000000000,-0.27755111000000000000,100.44000000000000000000,100.16244889000000000000,656.79563907000000000000,CLOSE,2026-04-13 22:16:52
531298197,USDT,ETH-24APR26-2200-C-USDT,TRADE,SELL,0.60000000000000000000,0.60000000000000000000,148.80000000000000000000,0.00000000000000000000,-0.27488289000000000000,89.28000000000000000000,89.00511711000000000000,556.63319018000000000000,CLOSE,2026-04-13 22:14:28
531298197,USDT,ETHUSDT,TRADE,SELL,0.10000000000000000000,-0.40000000000000000000,2290.00000000000000000000,0.00000000000000000000,-0.08244000000000000000,0.00000000000000000000,-0.08244000000000000000,467.62807307000000000000,OPEN,2026-04-13 22:14:26
531298197,USDT,ETHUSDT,TRADE,SELL,0.10000000000000000000,-0.30000000000000000000,2290.00000000000000000000,0.00000000000000000000,-0.08244000000000000000,0.00000000000000000000,-0.08244000000000000000,467.71051307000000000000,OPEN,2026-04-13 22:14:26
531298197,USDT,ETH-24APR26-2200-C-USDT,TRADE,SELL,0.80000000000000000000,1.20000000000000000000,130.20000000000000000000,0.00000000000000000000,-0.36207646000000000000,104.16000000000000000000,103.79792354000000000000,467.79295307000000000000,CLOSE,2026-04-13 19:52:13
531298197,USDT,ETHUSDT,TRADE,SELL,0.10000000000000000000,-0.20000000000000000000,2240.00000000000000000000,0.00000000000000000000,-0.08064000000000000000,0.00000000000000000000,-0.08064000000000000000,363.99502953000000000000,OPEN,2026-04-13 17:30:13
531298197,USDT,ETHUSDT,TRADE,SELL,0.10000000000000000000,-0.10000000000000000000,2240.00000000000000000000,0.00000000000000000000,-0.08064000000000000000,0.00000000000000000000,-0.08064000000000000000,364.07566953000000000000,OPEN,2026-04-13 17:30:13
531298197,USDT,ETH-24APR26-2200-C-USDT,TRADE,BUY,0.50000000000000000000,2.00000000000000000000,70.00000000000000000000,0.00000000000000000000,-0.19769783000000000000,-35.00000000000000000000,-35.19769783000000000000,364.15630953000000000000,OPEN,2026-03-27 13:37:00
531298197,USDT,ETH-24APR26-2200-C-USDT,TRADE,BUY,0.70000000000000000000,1.40000000000000000000,101.00000000000000000000,0.00000000000000000000,-0.28763729000000000000,-70.70000000000000000000,-70.98763729000000000000,409.49509841000000000000,OPEN,2026-03-27 08:35:47
531298197,USDT,ETH-24APR26-2200-C-USDT,TRADE,BUY,0.10000000000000000000,1.50000000000000000000,101.00000000000000000000,0.00000000000000000000,-0.04109105000000000000,-10.10000000000000000000,-10.14109105000000000000,399.35400736000000000000,OPEN,2026-03-27 08:35:47
531298197,USDT,ETH-24APR26-2200-C-USDT,TRADE,BUY,0.70000000000000000000,0.70000000000000000000,101.00000000000000000000,0.00000000000000000000,-0.28763729000000000000,-70.70000000000000000000,-70.98763729000000000000,480.48273570000000000000,OPEN,2026-03-27 08:35:47
531298197,USDT,ETH-27MAR26-2000-C-USDT,DELIVERY,SELL,1.00000000000000000000,0.00000000000000000000,2068.07273426000000000000,0.00000000000000000000,-0.31021092000000000000,68.07273426000000000000,67.76252334000000000000,551.47037299000000000000,CLOSE,2026-03-27 08:00:01
531298197,USDT,ETH-27MAR26-2000-P-USDT,DELIVERY,SELL,1.00000000000000000000,0.00000000000000000000,2068.07273426000000000000,0.00000000000000000000,0.00000000000000000000,0.00000000000000000000,0.00000000000000000000,551.47037299000000000000,CLOSE,2026-03-27 08:00:01
531298197,USDT,ETHUSDT,TRADE,BUY,0.03000000000000000000,0.00000000000000000000,2065.21000000000000000000,0.00000000000000000000,-0.06195630000000000000,0.91455938000000000000,0.85260308000000000000,483.70784965000000000000,CLOSE,2026-03-27 07:57:40
531298197,USDT,ETHUSDT,TRADE,BUY,0.03000000000000000000,-0.03000000000000000000,2065.02000000000000000000,0.00000000000000000000,-0.06195060000000000000,0.92025938000000000000,0.85830878000000000000,482.85524657000000000000,CLOSE,2026-03-27 07:57:32
531298197,USDT,ETHUSDT,SETTLEMENT,SELL,--,-0.06000000000000000000,--,-0.00030642000000000000,0.00000000000000000000,0.00000000000000000000,-0.00030642000000000000,481.99693779000000000000,SETTLEMENT,2026-03-27 00:00:00
531298197,USDT,ETHUSDT,SETTLEMENT,SELL,--,-0.06000000000000000000,--,-0.00537863000000000000,0.00000000000000000000,0.00000000000000000000,-0.00537863000000000000,481.99724421000000000000,SETTLEMENT,2026-03-26 16:00:00
531298197,USDT,ETHUSDT,TRADE,BUY,0.03000000000000000000,-0.06000000000000000000,2055.00000000000000000000,0.00000000000000000000,-0.02219400000000000000,1.22085937000000000000,1.19866537000000000000,482.00262284000000000000,CLOSE,2026-03-26 15:15:19
531298197,USDT,ETHUSDT,TRADE,BUY,0.03000000000000000000,-0.09000000000000000000,2065.00000000000000000000,0.00000000000000000000,-0.02230200000000000000,0.92085937000000000000,0.89855737000000000000,480.80395747000000000000,CLOSE,2026-03-26 14:54:03
531298197,USDT,ETHUSDT,TRADE,SELL,0.03000000000000000000,-0.12000000000000000000,2090.00000000000000000000,0.00000000000000000000,-0.02257200000000000000,0.00000000000000000000,-0.02257200000000000000,479.90540010000000000000,OPEN,2026-03-26 13:45:19
531298197,USDT,ETHUSDT,TRADE,BUY,0.03000000000000000000,-0.09000000000000000000,2065.00000000000000000000,0.00000000000000000000,-0.02230200000000000000,0.97781250000000000000,0.95551050000000000000,479.92797210000000000000,CLOSE,2026-03-26 11:11:37
531298197,USDT,ETHUSDT,SETTLEMENT,SELL,--,-0.12000000000000000000,--,-0.00811174000000000000,0.00000000000000000000,0.00000000000000000000,-0.00811174000000000000,478.97246160000000000000,SETTLEMENT,2026-03-26 08:00:00
531298197,USDT,ETHUSDT,SETTLEMENT,SELL,--,-0.12000000000000000000,--,0.01195490000000000000,0.00000000000000000000,0.00000000000000000000,0.01195490000000000000,478.98057334000000000000,SETTLEMENT,2026-03-26 00:00:00
531298197,USDT,ETHUSDT,SETTLEMENT,SELL,--,-0.12000000000000000000,--,0.01365863000000000000,0.00000000000000000000,0.00000000000000000000,0.01365863000000000000,478.96861844000000000000,SETTLEMENT,2026-03-25 16:00:00
531298197,USDT,ETHUSDT,SETTLEMENT,SELL,--,-0.12000000000000000000,--,0.01793988000000000000,0.00000000000000000000,0.00000000000000000000,0.01793988000000000000,478.95495981000000000000,SETTLEMENT,2026-03-25 08:00:00
531298197,USDT,ETHUSDT,SETTLEMENT,SELL,--,-0.12000000000000000000,--,0.01538345000000000000,0.00000000000000000000,0.00000000000000000000,0.01538345000000000000,478.93701993000000000000,SETTLEMENT,2026-03-25 00:00:00
531298197,USDT,ETHUSDT,SETTLEMENT,SELL,--,-0.12000000000000000000,--,0.00861285000000000000,0.00000000000000000000,0.00000000000000000000,0.00861285000000000000,478.92163648000000000000,SETTLEMENT,2026-03-24 16:00:00
531298197,USDT,ETHUSDT,SETTLEMENT,SELL,--,-0.12000000000000000000,--,0.00129643000000000000,0.00000000000000000000,0.00000000000000000000,0.00129643000000000000,478.91302363000000000000,SETTLEMENT,2026-03-24 08:00:00
531298197,USDT,ETHUSDT,SETTLEMENT,SELL,--,-0.12000000000000000000,--,0.01247259000000000000,0.00000000000000000000,0.00000000000000000000,0.01247259000000000000,478.91172720000000000000,SETTLEMENT,2026-03-24 00:00:00
531298197,USDT,ETHUSDT,SETTLEMENT,SELL,--,-0.12000000000000000000,--,0.01653553000000000000,0.00000000000000000000,0.00000000000000000000,0.01653553000000000000,478.89925461000000000000,SETTLEMENT,2026-03-23 16:00:00
531298197,USDT,ETHUSDT,TRADE,SELL,0.03000000000000000000,-0.09000000000000000000,2090.00000000000000000000,0.00000000000000000000,-0.02257200000000000000,0.00000000000000000000,-0.02257200000000000000,478.90529108000000000000,OPEN,2026-03-23 11:05:43
531298197,USDT,ETHUSDT,TRADE,SELL,0.03000000000000000000,-0.12000000000000000000,2090.00000000000000000000,0.00000000000000000000,-0.02257200000000000000,0.00000000000000000000,-0.02257200000000000000,478.88271908000000000000,OPEN,2026-03-23 11:05:43
531298197,USDT,ETHUSDT,SETTLEMENT,SELL,--,-0.06000000000000000000,--,0.00014711000000000000,0.00000000000000000000,0.00000000000000000000,0.00014711000000000000,478.92786308000000000000,SETTLEMENT,2026-03-23 08:00:00
531298197,USDT,ETHUSDT,SETTLEMENT,SELL,--,-0.06000000000000000000,--,-0.00364812000000000000,0.00000000000000000000,0.00000000000000000000,-0.00364812000000000000,478.92771597000000000000,SETTLEMENT,2026-03-23 00:00:00
531298197,USDT,ETHUSDT,TRADE,BUY,0.03000000000000000000,-0.06000000000000000000,2055.00000000000000000000,0.00000000000000000000,-0.02219400000000000000,1.50562500000000000000,1.48343100000000000000,478.93136409000000000000,CLOSE,2026-03-22 18:36:24
531298197,USDT,ETHUSDT,TRADE,BUY,0.03000000000000000000,-0.09000000000000000000,2065.00000000000000000000,0.00000000000000000000,-0.02230200000000000000,1.20562500000000000000,1.18332300000000000000,477.44793309000000000000,CLOSE,2026-03-22 18:36:07
531298197,USDT,ETHUSDT,SETTLEMENT,SELL,--,-0.12000000000000000000,--,0.00270827000000000000,0.00000000000000000000,0.00000000000000000000,0.00270827000000000000,476.26461009000000000000,SETTLEMENT,2026-03-22 16:00:00
531298197,USDT,ETHUSDT,TRADE,SELL,0.03000000000000000000,-0.12000000000000000000,2090.00000000000000000000,0.00000000000000000000,-0.02257200000000000000,0.00000000000000000000,-0.02257200000000000000,476.26190182000000000000,OPEN,2026-03-22 13:03:13
531298197,USDT,ETHUSDT,TRADE,BUY,0.03000000000000000000,-0.09000000000000000000,2065.00000000000000000000,0.00000000000000000000,-0.02230200000000000000,1.35750000000000000000,1.33519800000000000000,476.28447382000000000000,CLOSE,2026-03-22 11:52:18
531298197,USDT,ETHUSDT,SETTLEMENT,SELL,--,-0.12000000000000000000,--,-0.00071572000000000000,0.00000000000000000000,0.00000000000000000000,-0.00071572000000000000,474.94927582000000000000,SETTLEMENT,2026-03-22 08:00:00
531298197,USDT,ETHUSDT,TRADE,SELL,0.03000000000000000000,-0.12000000000000000000,2090.00000000000000000000,0.00000000000000000000,-0.02257200000000000000,0.00000000000000000000,-0.02257200000000000000,474.94999154000000000000,OPEN,2026-03-22 00:31:12
531298197,USDT,ETHUSDT,TRADE,SELL,0.03000000000000000000,-0.09000000000000000000,2090.00000000000000000000,0.00000000000000000000,-0.02257200000000000000,0.00000000000000000000,-0.02257200000000000000,474.97256354000000000000,OPEN,2026-03-22 00:31:12
531298197,USDT,ETHUSDT,TRADE,BUY,0.03000000000000000000,-0.06000000000000000000,2055.00000000000000000000,0.00000000000000000000,-0.02219400000000000000,2.26500000000000000000,2.24280600000000000000,474.99513554000000000000,CLOSE,2026-03-22 00:01:41
531298197,USDT,ETHUSDT,TRADE,BUY,0.03000000000000000000,-0.09000000000000000000,2065.00000000000000000000,0.00000000000000000000,-0.02230200000000000000,1.96500000000000000000,1.94269800000000000000,472.75232954000000000000,CLOSE,2026-03-22 00:01:28
531298197,USDT,ETHUSDT,SETTLEMENT,SELL,--,-0.12000000000000000000,--,0.00672976000000000000,0.00000000000000000000,0.00000000000000000000,0.00672976000000000000,470.80963154000000000000,SETTLEMENT,2026-03-22 00:00:00
531298197,USDT,ETHUSDT,SETTLEMENT,SELL,--,-0.12000000000000000000,--,0.00183022000000000000,0.00000000000000000000,0.00000000000000000000,0.00183022000000000000,470.80290178000000000000,SETTLEMENT,2026-03-21 16:00:00
531298197,USDT,ETHUSDT,SETTLEMENT,SELL,--,-0.12000000000000000000,--,0.00798105000000000000,0.00000000000000000000,0.00000000000000000000,0.00798105000000000000,470.80107156000000000000,SETTLEMENT,2026-03-21 08:00:00
531298197,USDT,ETHUSDT,SETTLEMENT,SELL,--,-0.12000000000000000000,--,0.00742143000000000000,0.00000000000000000000,0.00000000000000000000,0.00742143000000000000,470.79309051000000000000,SETTLEMENT,2026-03-21 00:00:00
531298197,USDT,ETHUSDT,SETTLEMENT,SELL,--,-0.12000000000000000000,--,-0.00545451000000000000,0.00000000000000000000,0.00000000000000000000,-0.00545451000000000000,470.78566908000000000000,SETTLEMENT,2026-03-20 16:00:00
531298197,ETH,,TRANSFER_OUT,--,0.00000000000000000000,0.00000000000000000000,0.00000000000000000000,0.00000000000000000000,0.00000000000000000000,-0.00287623000000000000,-0.00287623000000000000,0.08014067000000000000,--,2026-03-20 10:20:57
531298197,TRX,,TRANSFER_OUT,--,0.00000000000000000000,0.00000000000000000000,0.00000000000000000000,0.00000000000000000000,0.00000000000000000000,-99.82000000000000000000,-99.82000000000000000000,0.00000000000000000000,--,2026-03-20 08:11:39
531298197,USDT,ETHUSDT,SETTLEMENT,SELL,--,-0.12000000000000000000,--,0.00106277000000000000,0.00000000000000000000,0.00000000000000000000,0.00106277000000000000,470.79112359000000000000,SETTLEMENT,2026-03-20 08:00:00
531298197,USDT,TRXUSDT,TRADE,BUY,-30.35000000000000000000,0.00000000000000000000,0.30350000000000000000,0.00000000000000000000,0.00000000000000000000,-30.35000000000000000000,-30.35000000000000000000,470.79006082000000000000,--,2026-03-20 07:24:19
531298197,TRX,TRXUSDT,TRADE,BUY,100.00000000000000000000,0.00000000000000000000,0.30350000000000000000,0.00000000000000000000,-0.18000000000000000000,100.00000000000000000000,99.82000000000000000000,99.82000000000000000000,--,2026-03-20 07:24:19
531298197,USDT,ETHUSDT,SETTLEMENT,SELL,--,-0.12000000000000000000,--,0.00833825000000000000,0.00000000000000000000,0.00000000000000000000,0.00833825000000000000,501.14006082000000000000,SETTLEMENT,2026-03-20 00:00:00
531298197,USDT,ETHUSDT,SETTLEMENT,SELL,--,-0.12000000000000000000,--,0.00178399000000000000,0.00000000000000000000,0.00000000000000000000,0.00178399000000000000,501.13172257000000000000,SETTLEMENT,2026-03-19 16:00:00
531298197,USDT,ETHUSDT,SETTLEMENT,SELL,--,-0.12000000000000000000,--,0.00048325000000000000,0.00000000000000000000,0.00000000000000000000,0.00048325000000000000,501.12993858000000000000,SETTLEMENT,2026-03-19 08:00:00
531298197,USDT,ETHUSDT,SETTLEMENT,SELL,--,-0.12000000000000000000,--,0.01027648000000000000,0.00000000000000000000,0.00000000000000000000,0.01027648000000000000,501.12945533000000000000,SETTLEMENT,2026-03-19 00:00:00
531298197,USDT,ETHUSDT,SETTLEMENT,SELL,--,-0.12000000000000000000,--,-0.00753791000000000000,0.00000000000000000000,0.00000000000000000000,-0.00753791000000000000,501.11917885000000000000,SETTLEMENT,2026-03-18 16:00:00
531298197,USDT,ETHUSDT,TRADE,BUY,0.03000000000000000000,-0.12000000000000000000,2305.00000000000000000000,0.00000000000000000000,-0.02489400000000000000,-5.23500000000000000000,-5.25989400000000000000,501.12671676000000000000,CLOSE,2026-03-18 11:03:09
531298197,USDT,ETHUSDT,TRADE,SELL,0.03000000000000000000,-0.15000000000000000000,2330.00000000000000000000,0.00000000000000000000,-0.02516400000000000000,0.00000000000000000000,-0.02516400000000000000,506.38661076000000000000,OPEN,2026-03-18 09:22:24
531298197,USDT,ETHUSDT,SETTLEMENT,SELL,--,-0.12000000000000000000,--,-0.00935069000000000000,0.00000000000000000000,0.00000000000000000000,-0.00935069000000000000,506.41177476000000000000,SETTLEMENT,2026-03-18 08:00:00
531298197,USDT,ETHUSDT,SETTLEMENT,SELL,--,-0.12000000000000000000,--,-0.00694529000000000000,0.00000000000000000000,0.00000000000000000000,-0.00694529000000000000,506.42112545000000000000,SETTLEMENT,2026-03-18 00:00:00
531298197,USDT,ETHUSDT,SETTLEMENT,SELL,--,-0.12000000000000000000,--,0.01381633000000000000,0.00000000000000000000,0.00000000000000000000,0.01381633000000000000,506.42807074000000000000,SETTLEMENT,2026-03-17 16:00:00
531298197,USDT,ETHUSDT,SETTLEMENT,SELL,--,-0.12000000000000000000,--,0.00889872000000000000,0.00000000000000000000,0.00000000000000000000,0.00889872000000000000,506.41425441000000000000,SETTLEMENT,2026-03-17 08:00:00
531298197,USDT,ETHUSDT,SETTLEMENT,SELL,--,-0.12000000000000000000,--,0.00951220000000000000,0.00000000000000000000,0.00000000000000000000,0.00951220000000000000,506.40535569000000000000,SETTLEMENT,2026-03-17 00:00:00
531298197,USDT,ETHUSDT,SETTLEMENT,SELL,--,-0.12000000000000000000,--,0.01006750000000000000,0.00000000000000000000,0.00000000000000000000,0.01006750000000000000,506.39584349000000000000,SETTLEMENT,2026-03-16 16:00:00
531298197,USDT,ETHUSDT,SETTLEMENT,SELL,--,-0.12000000000000000000,--,0.02697984000000000000,0.00000000000000000000,0.00000000000000000000,0.02697984000000000000,506.38577599000000000000,SETTLEMENT,2026-03-16 08:00:00
531298197,USDT,ETHUSDT,SETTLEMENT,SELL,--,-0.12000000000000000000,--,0.02033324000000000000,0.00000000000000000000,0.00000000000000000000,0.02033324000000000000,506.35879615000000000000,SETTLEMENT,2026-03-16 00:00:00
531298197,USDT,ETHUSDT,SETTLEMENT,SELL,--,-0.12000000000000000000,--,0.00202159000000000000,0.00000000000000000000,0.00000000000000000000,0.00202159000000000000,506.33846291000000000000,SETTLEMENT,2026-03-15 16:00:00
531298197,USDT,ETHUSDT,SETTLEMENT,SELL,--,-0.12000000000000000000,--,0.01968614000000000000,0.00000000000000000000,0.00000000000000000000,0.01968614000000000000,506.33644132000000000000,SETTLEMENT,2026-03-15 08:00:00
531298197,USDT,ETHUSDT,SETTLEMENT,SELL,--,-0.12000000000000000000,--,-0.00959773000000000000,0.00000000000000000000,0.00000000000000000000,-0.00959773000000000000,506.31675518000000000000,SETTLEMENT,2026-03-15 00:00:00
531298197,USDT,ETHUSDT,TRADE,SELL,0.03000000000000000000,-0.12000000000000000000,2090.00000000000000000000,0.00000000000000000000,-0.02257200000000000000,0.00000000000000000000,-0.02257200000000000000,506.32635291000000000000,OPEN,2026-03-14 23:02:53
531298197,USDT,ETHUSDT,SETTLEMENT,SELL,--,-0.09000000000000000000,--,-0.01102181000000000000,0.00000000000000000000,0.00000000000000000000,-0.01102181000000000000,506.34892491000000000000,SETTLEMENT,2026-03-14 16:00:00
531298197,USDT,ETHUSDT,TRADE,BUY,0.03000000000000000000,-0.09000000000000000000,2065.00000000000000000000,0.00000000000000000000,-0.02230200000000000000,0.37500000000000000000,0.35269800000000000000,506.35994672000000000000,CLOSE,2026-03-14 09:48:02
531298197,USDT,ETHUSDT,SETTLEMENT,SELL,--,-0.12000000000000000000,--,-0.00420315000000000000,0.00000000000000000000,0.00000000000000000000,-0.00420315000000000000,506.00724872000000000000,SETTLEMENT,2026-03-14 08:00:00
531298197,USDT,ETHUSDT,SETTLEMENT,SELL,--,-0.12000000000000000000,--,0.00274032000000000000,0.00000000000000000000,0.00000000000000000000,0.00274032000000000000,506.01145187000000000000,SETTLEMENT,2026-03-14 00:00:00
531298197,USDT,ETHUSDT,SETTLEMENT,SELL,--,-0.12000000000000000000,--,0.01342678000000000000,0.00000000000000000000,0.00000000000000000000,0.01342678000000000000,506.00871155000000000000,SETTLEMENT,2026-03-13 16:00:00
531298197,USDT,ETHUSDT,SETTLEMENT,SELL,--,-0.12000000000000000000,--,0.01110531000000000000,0.00000000000000000000,0.00000000000000000000,0.01110531000000000000,505.99528477000000000000,SETTLEMENT,2026-03-13 08:00:00
531298197,USDT,ETHUSDT,SETTLEMENT,SELL,--,-0.12000000000000000000,--,0.00672543000000000000,0.00000000000000000000,0.00000000000000000000,0.00672543000000000000,505.98417946000000000000,SETTLEMENT,2026-03-13 00:00:00
531298197,USDT,ETHUSDT,TRADE,SELL,0.03000000000000000000,-0.09000000000000000000,2090.00000000000000000000,0.00000000000000000000,-0.02257200000000000000,0.00000000000000000000,-0.02257200000000000000,506.00002603000000000000,OPEN,2026-03-12 23:21:39
531298197,USDT,ETHUSDT,TRADE,SELL,0.03000000000000000000,-0.12000000000000000000,2090.00000000000000000000,0.00000000000000000000,-0.02257200000000000000,0.00000000000000000000,-0.02257200000000000000,505.97745403000000000000,OPEN,2026-03-12 23:21:39
531298197,USDT,ETHUSDT,SETTLEMENT,SELL,--,-0.06000000000000000000,--,0.00553180000000000000,0.00000000000000000000,0.00000000000000000000,0.00553180000000000000,506.02259803000000000000,SETTLEMENT,2026-03-12 16:00:00
531298197,USDT,ETHUSDT,TRADE,BUY,0.03000000000000000000,-0.06000000000000000000,2055.00000000000000000000,0.00000000000000000000,-0.02219400000000000000,0.30000000000000000000,0.27780600000000000000,506.01706623000000000000,CLOSE,2026-03-12 14:31:04
531298197,USDT,ETHUSDT,TRADE,BUY,0.03000000000000000000,-0.09000000000000000000,2065.00000000000000000000,0.00000000000000000000,-0.02230200000000000000,0.00000000000000000000,-0.02230200000000000000,505.73926023000000000000,CLOSE,2026-03-12 14:27:28
531298197,USDT,ETHUSDT,TRADE,SELL,0.03000000000000000000,-0.09000000000000000000,2090.00000000000000000000,0.00000000000000000000,-0.02257200000000000000,0.00000000000000000000,-0.02257200000000000000,505.78413423000000000000,OPEN,2026-03-12 14:15:07
531298197,USDT,ETHUSDT,TRADE,SELL,0.03000000000000000000,-0.12000000000000000000,2090.00000000000000000000,0.00000000000000000000,-0.02257200000000000000,0.00000000000000000000,-0.02257200000000000000,505.76156223000000000000,OPEN,2026-03-12 14:15:07
531298197,USDT,ETHUSDT,SETTLEMENT,SELL,--,-0.06000000000000000000,--,-0.00632671000000000000,0.00000000000000000000,0.00000000000000000000,-0.00632671000000000000,505.80670623000000000000,SETTLEMENT,2026-03-12 08:00:00
531298197,USDT,ETHUSDT,SETTLEMENT,SELL,--,-0.06000000000000000000,--,0.00260996000000000000,0.00000000000000000000,0.00000000000000000000,0.00260996000000000000,505.81303294000000000000,SETTLEMENT,2026-03-12 00:00:00
531298197,USDT,ETHUSDT,SETTLEMENT,SELL,--,-0.06000000000000000000,--,0.01229442000000000000,0.00000000000000000000,0.00000000000000000000,0.01229442000000000000,505.81042298000000000000,SETTLEMENT,2026-03-11 16:00:00
531298197,USDT,ETHUSDT,TRADE,SELL,0.03000000000000000000,-0.06000000000000000000,2040.00000000000000000000,0.00000000000000000000,-0.02203200000000000000,0.00000000000000000000,-0.02203200000000000000,505.79812856000000000000,OPEN,2026-03-11 13:17:28
531298197,USDT,ETHUSDT,SETTLEMENT,SELL,--,-0.03000000000000000000,--,-0.00118389000000000000,0.00000000000000000000,0.00000000000000000000,-0.00118389000000000000,505.82016056000000000000,SETTLEMENT,2026-03-11 08:00:00
531298197,USDT,ETHUSDT,TRADE,BUY,0.03000000000000000000,-0.03000000000000000000,2015.00000000000000000000,0.00000000000000000000,-0.02176200000000000000,0.75000000000000000000,0.72823800000000000000,505.82134445000000000000,CLOSE,2026-03-11 05:42:33
531298197,USDT,ETHUSDT,SETTLEMENT,SELL,--,-0.06000000000000000000,--,0.00124576000000000000,0.00000000000000000000,0.00000000000000000000,0.00124576000000000000,505.09310645000000000000,SETTLEMENT,2026-03-11 00:00:00
531298197,USDT,ETHUSDT,SETTLEMENT,SELL,--,-0.06000000000000000000,--,0.00980107000000000000,0.00000000000000000000,0.00000000000000000000,0.00980107000000000000,505.09186069000000000000,SETTLEMENT,2026-03-10 16:00:00
531298197,USDT,ETHUSDT,TRADE,SELL,0.03000000000000000000,-0.06000000000000000000,2040.00000000000000000000,0.00000000000000000000,-0.02203200000000000000,0.00000000000000000000,-0.02203200000000000000,505.08205962000000000000,OPEN,2026-03-10 14:40:06
531298197,USDT,ETHUSDT,TRADE,BUY,0.03000000000000000000,-0.03000000000000000000,2015.00000000000000000000,0.00000000000000000000,-0.02176200000000000000,0.75000000000000000000,0.72823800000000000000,505.10409162000000000000,CLOSE,2026-03-10 14:09:27
531298197,USDT,ETHUSDT,SETTLEMENT,SELL,--,-0.06000000000000000000,--,0.01048026000000000000,0.00000000000000000000,0.00000000000000000000,0.01048026000000000000,504.37585362000000000000,SETTLEMENT,2026-03-10 08:00:00
531298197,USDT,ETHUSDT,TRADE,SELL,0.03000000000000000000,-0.06000000000000000000,2040.00000000000000000000,0.00000000000000000000,-0.02203200000000000000,0.00000000000000000000,-0.02203200000000000000,504.36537336000000000000,OPEN,2026-03-10 02:35:49
531298197,USDT,ETHUSDT,TRADE,SELL,0.03000000000000000000,-0.03000000000000000000,2040.00000000000000000000,0.00000000000000000000,-0.02203200000000000000,0.00000000000000000000,-0.02203200000000000000,504.38740536000000000000,OPEN,2026-03-10 02:35:49
531298197,USDT,ETHUSDT,TRADE,BUY,0.03000000000000000000,0.00000000000000000000,2005.00000000000000000000,0.00000000000000000000,-0.02165400000000000000,1.05000000000000000000,1.02834600000000000000,504.40943736000000000000,CLOSE,2026-03-09 22:50:16
531298197,USDT,ETHUSDT,TRADE,BUY,0.03000000000000000000,-0.03000000000000000000,2015.00000000000000000000,0.00000000000000000000,-0.02176200000000000000,0.75000000000000000000,0.72823800000000000000,503.38109136000000000000,CLOSE,2026-03-09 22:35:57
531298197,USDT,ETHUSDT,TRADE,SELL,0.03000000000000000000,-0.03000000000000000000,2040.00000000000000000000,0.00000000000000000000,-0.02203200000000000000,0.00000000000000000000,-0.02203200000000000000,502.67488536000000000000,OPEN,2026-03-09 19:25:30
531298197,USDT,ETHUSDT,TRADE,SELL,0.03000000000000000000,-0.06000000000000000000,2040.00000000000000000000,0.00000000000000000000,-0.02203200000000000000,0.00000000000000000000,-0.02203200000000000000,502.65285336000000000000,OPEN,2026-03-09 19:25:30
531298197,USDT,ETHUSDT,TRADE,SELL,0.03000000000000000000,0.00000000000000000000,1995.00000000000000000000,0.00000000000000000000,-0.02154600000000000000,1.80000000000000000000,1.77845400000000000000,502.69691736000000000000,CLOSE,2026-03-09 03:11:33
531298197,USDT,ETHUSDT,TRADE,SELL,0.03000000000000000000,0.03000000000000000000,1985.00000000000000000000,0.00000000000000000000,-0.02143800000000000000,1.50000000000000000000,1.47856200000000000000,500.91846336000000000000,CLOSE,2026-03-09 03:10:28
531298197,USDT,ETHUSDT,SETTLEMENT,BUY,--,0.06000000000000000000,--,0.01777792000000000000,0.00000000000000000000,0.00000000000000000000,0.01777792000000000000,499.43990136000000000000,SETTLEMENT,2026-03-09 00:00:00
531298197,USDT,ETHUSDT,TRADE,SELL,0.03000000000000000000,0.06000000000000000000,1945.00000000000000000000,0.00000000000000000000,-0.02100600000000000000,0.30000000000000000000,0.27899400000000000000,499.42212344000000000000,CLOSE,2026-03-08 22:37:47
531298197,USDT,ETHUSDT,TRADE,SELL,0.03000000000000000000,0.09000000000000000000,1935.00000000000000000000,0.00000000000000000000,-0.02089800000000000000,0.00000000000000000000,-0.02089800000000000000,499.14312944000000000000,CLOSE,2026-03-08 22:36:57
531298197,USDT,ETHUSDT,TRADE,BUY,0.03000000000000000000,0.12000000000000000000,1910.00000000000000000000,0.00000000000000000000,-0.02062800000000000000,0.00000000000000000000,-0.02062800000000000000,499.16402744000000000000,OPEN,2026-03-08 22:05:19
531298197,USDT,ETHUSDT,TRADE,BUY,0.03000000000000000000,0.09000000000000000000,1910.00000000000000000000,0.00000000000000000000,-0.02062800000000000000,0.00000000000000000000,-0.02062800000000000000,499.18465544000000000000,OPEN,2026-03-08 22:05:19
531298197,USDT,ETHUSDT,SETTLEMENT,BUY,--,0.06000000000000000000,--,0.00711489000000000000,0.00000000000000000000,0.00000000000000000000,0.00711489000000000000,499.20528344000000000000,SETTLEMENT,2026-03-08 16:00:00
531298197,USDT,ETHUSDT,SETTLEMENT,BUY,--,0.06000000000000000000,--,0.00823163000000000000,0.00000000000000000000,0.00000000000000000000,0.00823163000000000000,499.19816855000000000000,SETTLEMENT,2026-03-08 08:00:00
531298197,USDT,ETHUSDT,SETTLEMENT,BUY,--,0.06000000000000000000,--,0.00403115000000000000,0.00000000000000000000,0.00000000000000000000,0.00403115000000000000,499.18993692000000000000,SETTLEMENT,2026-03-08 00:00:00
531298197,USDT,ETHUSDT,TRADE,BUY,0.03000000000000000000,0.03000000000000000000,1960.00000000000000000000,0.00000000000000000000,-0.02116800000000000000,0.00000000000000000000,-0.02116800000000000000,499.20707377000000000000,OPEN,2026-03-07 19:27:30
531298197,USDT,ETHUSDT,TRADE,BUY,0.03000000000000000000,0.06000000000000000000,1960.00000000000000000000,0.00000000000000000000,-0.02116800000000000000,0.00000000000000000000,-0.02116800000000000000,499.18590577000000000000,OPEN,2026-03-07 19:27:30
531298197,USDT,ETHUSDT,TRADE,SELL,0.03000000000000000000,0.00000000000000000000,1995.00000000000000000000,0.00000000000000000000,-0.02154600000000000000,1.05000000000000000000,1.02845400000000000000,499.22824177000000000000,CLOSE,2026-03-07 03:14:30
531298197,USDT,ETHUSDT,SETTLEMENT,BUY,--,0.03000000000000000000,--,0.00101577000000000000,0.00000000000000000000,0.00000000000000000000,0.00101577000000000000,498.19978777000000000000,SETTLEMENT,2026-03-07 00:00:00
531298197,USDT,ETHUSDT,TRADE,SELL,0.03000000000000000000,0.03000000000000000000,1985.00000000000000000000,0.00000000000000000000,-0.02143800000000000000,0.75000000000000000000,0.72856200000000000000,498.19877200000000000000,CLOSE,2026-03-06 19:13:48
531298197,USDT,ETHUSDT,TRADE,BUY,0.03000000000000000000,0.06000000000000000000,1960.00000000000000000000,0.00000000000000000000,-0.02116800000000000000,0.00000000000000000000,-0.02116800000000000000,497.47021000000000000000,OPEN,2026-03-06 17:36:59
531298197,USDT,ETHUSDT,TRADE,BUY,0.03000000000000000000,0.03000000000000000000,1960.00000000000000000000,0.00000000000000000000,-0.02116800000000000000,0.00000000000000000000,-0.02116800000000000000,497.49137800000000000000,OPEN,2026-03-06 17:36:59
531298197,USDT,ETHUSDT,TRADE,BUY,0.03000000000000000000,0.00000000000000000000,2005.00000000000000000000,0.00000000000000000000,-0.02165400000000000000,2.47089844000000000000,2.44924444000000000000,497.51254600000000000000,CLOSE,2026-03-06 14:09:56
531298197,USDT,ETHUSDT,TRADE,BUY,0.03000000000000000000,-0.03000000000000000000,2015.00000000000000000000,0.00000000000000000000,-0.02176200000000000000,2.17089844000000000000,2.14913644000000000000,495.06330156000000000000,CLOSE,2026-03-06 14:00:36
531298197,USDT,ETHUSDT,TRADE,BUY,0.03000000000000000000,-0.06000000000000000000,2055.00000000000000000000,0.00000000000000000000,-0.02219400000000000000,0.97089844000000000000,0.94870444000000000000,492.91416512000000000000,CLOSE,2026-03-06 09:17:45
531298197,USDT,ETHUSDT,SETTLEMENT,SELL,--,-0.09000000000000000000,--,0.01045210000000000000,0.00000000000000000000,0.00000000000000000000,0.01045210000000000000,491.96546068000000000000,SETTLEMENT,2026-03-06 08:00:00
531298197,USDT,ETHUSDT,TRADE,BUY,0.03000000000000000000,-0.09000000000000000000,2065.00000000000000000000,0.00000000000000000000,-0.02230200000000000000,0.67089843000000000000,0.64859643000000000000,491.95500858000000000000,CLOSE,2026-03-06 04:40:51
531298197,USDT,ETHUSDT,TRADE,SELL,0.03000000000000000000,-0.12000000000000000000,2090.00000000000000000000,0.00000000000000000000,-0.02257200000000000000,0.00000000000000000000,-0.02257200000000000000,491.30641215000000000000,OPEN,2026-03-06 01:51:47
531298197,USDT,ETHUSDT,TRADE,BUY,0.03000000000000000000,-0.09000000000000000000,2065.00000000000000000000,0.00000000000000000000,-0.02230200000000000000,0.64453125000000000000,0.62222925000000000000,491.32898415000000000000,CLOSE,2026-03-06 01:26:54
531298197,USDT,ETHUSDT,SETTLEMENT,SELL,--,-0.12000000000000000000,--,0.01480778000000000000,0.00000000000000000000,0.00000000000000000000,0.01480778000000000000,490.70675490000000000000,SETTLEMENT,2026-03-06 00:00:00
531298197,USDT,ETHUSDT,TRADE,SELL,0.03000000000000000000,-0.12000000000000000000,2090.00000000000000000000,0.00000000000000000000,-0.02257200000000000000,0.00000000000000000000,-0.02257200000000000000,490.69194712000000000000,OPEN,2026-03-05 19:20:23
531298197,USDT,ETHUSDT,TRADE,SELL,0.03000000000000000000,-0.09000000000000000000,2090.00000000000000000000,0.00000000000000000000,-0.02257200000000000000,0.00000000000000000000,-0.02257200000000000000,490.71451912000000000000,OPEN,2026-03-05 19:20:23
531298197,USDT,ETHUSDT,TRADE,BUY,0.03000000000000000000,-0.06000000000000000000,2055.00000000000000000000,0.00000000000000000000,-0.02219400000000000000,0.83906250000000000000,0.81686850000000000000,490.73709112000000000000,CLOSE,2026-03-05 17:50:46
531298197,USDT,ETHUSDT,TRADE,BUY,0.03000000000000000000,-0.09000000000000000000,2065.00000000000000000000,0.00000000000000000000,-0.02230200000000000000,0.53906250000000000000,0.51676050000000000000,489.92022262000000000000,CLOSE,2026-03-05 17:31:13
531298197,USDT,ETHUSDT,TRADE,SELL,0.03000000000000000000,-0.12000000000000000000,2090.00000000000000000000,0.00000000000000000000,-0.02257200000000000000,0.00000000000000000000,-0.02257200000000000000,489.40346212000000000000,OPEN,2026-03-05 17:03:29
531298197,USDT,ETHUSDT,TRADE,BUY,0.03000000000000000000,-0.09000000000000000000,2065.00000000000000000000,0.00000000000000000000,-0.02230200000000000000,0.46875000000000000000,0.44644800000000000000,489.42603412000000000000,CLOSE,2026-03-05 16:06:08
531298197,USDT,ETHUSDT,SETTLEMENT,SELL,--,-0.12000000000000000000,--,-0.00746941000000000000,0.00000000000000000000,0.00000000000000000000,-0.00746941000000000000,488.97958612000000000000,SETTLEMENT,2026-03-05 16:00:00
531298197,USDT,ETHUSDT,SETTLEMENT,SELL,--,-0.12000000000000000000,--,0.00003029000000000000,0.00000000000000000000,0.00000000000000000000,0.00003029000000000000,488.98705553000000000000,SETTLEMENT,2026-03-05 08:00:00
531298197,USDT,ETHUSDT,SETTLEMENT,SELL,--,-0.12000000000000000000,--,0.00771153000000000000,0.00000000000000000000,0.00000000000000000000,0.00771153000000000000,488.98702524000000000000,SETTLEMENT,2026-03-05 00:00:00
531298197,USDT,ETHUSDT,SETTLEMENT,SELL,--,-0.12000000000000000000,--,0.02579340000000000000,0.00000000000000000000,0.00000000000000000000,0.02579340000000000000,488.97931371000000000000,SETTLEMENT,2026-03-04 16:00:00
531298197,USDT,ETHUSDT,TRADE,SELL,0.03000000000000000000,-0.12000000000000000000,2090.00000000000000000000,0.00000000000000000000,-0.02257200000000000000,0.00000000000000000000,-0.02257200000000000000,488.95352031000000000000,OPEN,2026-03-04 15:00:01
531298197,USDT,ETHUSDT,TRADE,BUY,0.03000000000000000000,-0.09000000000000000000,2065.00000000000000000000,0.00000000000000000000,-0.02230200000000000000,0.37500000000000000000,0.35269800000000000000,488.97609231000000000000,CLOSE,2026-03-04 14:45:00
531298197,USDT,ETHUSDT,TRADE,SELL,0.03000000000000000000,-0.12000000000000000000,2090.00000000000000000000,0.00000000000000000000,-0.02257200000000000000,0.00000000000000000000,-0.02257200000000000000,488.62339431000000000000,OPEN,2026-03-04 14:31:00
531298197,USDT,ETHUSDT,TRADE,SELL,0.03000000000000000000,-0.09000000000000000000,2090.00000000000000000000,0.00000000000000000000,-0.02257200000000000000,0.00000000000000000000,-0.02257200000000000000,488.64596631000000000000,OPEN,2026-03-04 14:31:00
531298197,USDT,ETHUSDT,TRADE,BUY,0.03000000000000000000,-0.06000000000000000000,2055.00000000000000000000,0.00000000000000000000,-0.02219400000000000000,0.30000000000000000000,0.27780600000000000000,488.66853831000000000000,CLOSE,2026-03-04 11:34:21
531298197,USDT,ETHUSDT,TRADE,BUY,0.03000000000000000000,-0.09000000000000000000,2065.00000000000000000000,0.00000000000000000000,-0.02230200000000000000,0.00000000000000000000,-0.02230200000000000000,488.39073231000000000000,CLOSE,2026-03-04 11:34:20
531298197,USDT,ETHUSDT,TRADE,SELL,0.03000000000000000000,-0.09000000000000000000,2090.00000000000000000000,0.00000000000000000000,-0.02257200000000000000,0.00000000000000000000,-0.02257200000000000000,488.43560631000000000000,OPEN,2026-03-04 10:09:10
531298197,USDT,ETHUSDT,TRADE,SELL,0.03000000000000000000,-0.12000000000000000000,2090.00000000000000000000,0.00000000000000000000,-0.02257200000000000000,0.00000000000000000000,-0.02257200000000000000,488.41303431000000000000,OPEN,2026-03-04 10:09:10
531298197,USDT,ETHUSDT,TRADE,SELL,0.03000000000000000000,-0.06000000000000000000,2040.00000000000000000000,0.00000000000000000000,-0.02203200000000000000,0.00000000000000000000,-0.02203200000000000000,488.45817831000000000000,OPEN,2026-03-04 08:46:11
531298197,USDT,ETHUSDT,TRADE,SELL,0.03000000000000000000,-0.03000000000000000000,2040.00000000000000000000,0.00000000000000000000,-0.02203200000000000000,0.00000000000000000000,-0.02203200000000000000,488.48021031000000000000,OPEN,2026-03-04 08:46:11
531298197,USDT,ETHUSDT,TRADE,SELL,0.03000000000000000000,0.00000000000000000000,1995.00000000000000000000,0.00000000000000000000,-0.02154600000000000000,1.05000000000000000000,1.02845400000000000000,488.50224231000000000000,CLOSE,2026-03-04 07:47:03
531298197,USDT,ETHUSDT,TRADE,SELL,0.03000000000000000000,0.03000000000000000000,1985.00000000000000000000,0.00000000000000000000,-0.02143800000000000000,0.75000000000000000000,0.72856200000000000000,487.47378831000000000000,CLOSE,2026-03-04 06:44:58
531298197,USDT,ETHUSDT,TRADE,BUY,0.03000000000000000000,0.03000000000000000000,1960.00000000000000000000,0.00000000000000000000,-0.02116800000000000000,0.00000000000000000000,-0.02116800000000000000,486.76639431000000000000,OPEN,2026-03-04 03:31:28
531298197,USDT,ETHUSDT,TRADE,BUY,0.03000000000000000000,0.06000000000000000000,1960.00000000000000000000,0.00000000000000000000,-0.02116800000000000000,0.00000000000000000000,-0.02116800000000000000,486.74522631000000000000,OPEN,2026-03-04 03:31:28
531298197,USDT,ETHUSDT,TRADE,SELL,0.03000000000000000000,0.00000000000000000000,1995.00000000000000000000,0.00000000000000000000,-0.02154600000000000000,1.05000000000000000000,1.02845400000000000000,486.78756231000000000000,CLOSE,2026-03-03 23:11:11
531298197,USDT,ETHUSDT,TRADE,SELL,0.03000000000000000000,0.03000000000000000000,1985.00000000000000000000,0.00000000000000000000,-0.02143800000000000000,0.75000000000000000000,0.72856200000000000000,485.75910831000000000000,CLOSE,2026-03-03 22:41:27
531298197,USDT,ETHUSDT,TRADE,BUY,0.03000000000000000000,0.06000000000000000000,1960.00000000000000000000,0.00000000000000000000,-0.02116800000000000000,0.00000000000000000000,-0.02116800000000000000,485.03054631000000000000,OPEN,2026-03-03 21:27:14
531298197,USDT,ETHUSDT,TRADE,BUY,0.03000000000000000000,0.03000000000000000000,1960.00000000000000000000,0.00000000000000000000,-0.02116800000000000000,0.00000000000000000000,-0.02116800000000000000,485.05171431000000000000,OPEN,2026-03-03 21:27:14
531298197,USDT,ETHUSDT,TRADE,SELL,0.03000000000000000000,0.00000000000000000000,1995.00000000000000000000,0.00000000000000000000,-0.02154600000000000000,1.05000000000000000000,1.02845400000000000000,485.07288231000000000000,CLOSE,2026-03-03 18:32:48
531298197,USDT,ETHUSDT,TRADE,SELL,0.03000000000000000000,0.03000000000000000000,1985.00000000000000000000,0.00000000000000000000,-0.02143800000000000000,0.75000000000000000000,0.72856200000000000000,484.04442831000000000000,CLOSE,2026-03-03 18:01:13
531298197,USDT,ETHUSDT,TRADE,BUY,0.03000000000000000000,0.06000000000000000000,1960.00000000000000000000,0.00000000000000000000,-0.02116800000000000000,0.00000000000000000000,-0.02116800000000000000,483.31586631000000000000,OPEN,2026-03-03 17:12:14
531298197,USDT,ETHUSDT,TRADE,SELL,0.03000000000000000000,0.03000000000000000000,1985.00000000000000000000,0.00000000000000000000,-0.02143800000000000000,0.75000000000000000000,0.72856200000000000000,483.33703431000000000000,CLOSE,2026-03-03 16:46:56
531298197,USDT,ETHUSDT,TRADE,BUY,0.03000000000000000000,0.06000000000000000000,1960.00000000000000000000,0.00000000000000000000,-0.02116800000000000000,0.00000000000000000000,-0.02116800000000000000,482.60847231000000000000,OPEN,2026-03-03 16:42:21
531298197,USDT,ETHUSDT,TRADE,BUY,0.03000000000000000000,0.03000000000000000000,1960.00000000000000000000,0.00000000000000000000,-0.02116800000000000000,0.00000000000000000000,-0.02116800000000000000,482.62964031000000000000,OPEN,2026-03-03 16:42:21
531298197,USDT,ETHUSDT,TRADE,SELL,0.03000000000000000000,0.00000000000000000000,1995.00000000000000000000,0.00000000000000000000,-0.02154600000000000000,1.05000000000000000000,1.02845400000000000000,482.65080831000000000000,CLOSE,2026-03-03 16:09:33
531298197,USDT,ETHUSDT,TRADE,SELL,0.03000000000000000000,0.03000000000000000000,1985.00000000000000000000,0.00000000000000000000,-0.02143800000000000000,0.75000000000000000000,0.72856200000000000000,481.62235431000000000000,CLOSE,2026-03-03 16:08:53
531298197,USDT,ETHUSDT,SETTLEMENT,BUY,--,0.06000000000000000000,--,0.00634037000000000000,0.00000000000000000000,0.00000000000000000000,0.00634037000000000000,480.89379231000000000000,SETTLEMENT,2026-03-03 16:00:00
531298197,USDT,ETHUSDT,TRADE,BUY,0.03000000000000000000,0.06000000000000000000,1960.00000000000000000000,0.00000000000000000000,-0.02116800000000000000,0.00000000000000000000,-0.02116800000000000000,480.88745194000000000000,OPEN,2026-03-03 13:01:45
531298197,USDT,ETHUSDT,TRADE,SELL,0.03000000000000000000,0.03000000000000000000,1985.00000000000000000000,0.00000000000000000000,-0.02143800000000000000,0.75000000000000000000,0.72856200000000000000,480.90861994000000000000,CLOSE,2026-03-03 12:12:19
531298197,USDT,ETHUSDT,TRADE,BUY,0.03000000000000000000,0.06000000000000000000,1960.00000000000000000000,0.00000000000000000000,-0.02116800000000000000,0.00000000000000000000,-0.02116800000000000000,480.18005794000000000000,OPEN,2026-03-03 08:44:10
531298197,USDT,ETHUSDT,TRADE,BUY,0.03000000000000000000,0.03000000000000000000,1960.00000000000000000000,0.00000000000000000000,-0.02116800000000000000,0.00000000000000000000,-0.02116800000000000000,480.20122594000000000000,OPEN,2026-03-03 08:44:10
531298197,USDT,ETHUSDT,TRADE,BUY,0.03000000000000000000,0.00000000000000000000,2005.00000000000000000000,0.00000000000000000000,-0.02165400000000000000,1.05000000000000000000,1.02834600000000000000,480.22239394000000000000,CLOSE,2026-03-03 02:02:48
531298197,USDT,ETHUSDT,TRADE,BUY,0.03000000000000000000,-0.03000000000000000000,2015.00000000000000000000,0.00000000000000000000,-0.02176200000000000000,0.75000000000000000000,0.72823800000000000000,479.19404794000000000000,CLOSE,2026-03-03 02:00:12
531298197,USDT,ETHUSDT,SETTLEMENT,SELL,--,-0.06000000000000000000,--,0.01215876000000000000,0.00000000000000000000,0.00000000000000000000,0.01215876000000000000,478.46580994000000000000,SETTLEMENT,2026-03-03 00:00:00
531298197,USDT,ETHUSDT,SETTLEMENT,SELL,--,-0.06000000000000000000,--,0.00346248000000000000,0.00000000000000000000,0.00000000000000000000,0.00346248000000000000,478.45365118000000000000,SETTLEMENT,2026-03-02 16:00:00
531298197,USDT,ETHUSDT,TRADE,SELL,0.03000000000000000000,-0.06000000000000000000,2040.00000000000000000000,0.00000000000000000000,-0.02203200000000000000,0.00000000000000000000,-0.02203200000000000000,478.45018870000000000000,OPEN,2026-03-02 15:20:46
531298197,USDT,ETHUSDT,TRADE,SELL,0.03000000000000000000,-0.03000000000000000000,2040.00000000000000000000,0.00000000000000000000,-0.02203200000000000000,0.00000000000000000000,-0.02203200000000000000,478.47222070000000000000,OPEN,2026-03-02 15:20:46
531298197,USDT,ETHUSDT,TRADE,SELL,0.03000000000000000000,0.00000000000000000000,1995.00000000000000000000,0.00000000000000000000,-0.02154600000000000000,1.42500000000000000000,1.40345400000000000000,478.49425270000000000000,CLOSE,2026-03-02 15:07:07
531298197,USDT,ETHUSDT,TRADE,SELL,0.03000000000000000000,0.03000000000000000000,1985.00000000000000000000,0.00000000000000000000,-0.02143800000000000000,1.12500000000000000000,1.10356200000000000000,477.09079870000000000000,CLOSE,2026-03-02 15:01:51
531298197,USDT,ETHUSDT,SETTLEMENT,BUY,--,0.06000000000000000000,--,-0.00332845000000000000,0.00000000000000000000,0.00000000000000000000,-0.00332845000000000000,475.98723670000000000000,SETTLEMENT,2026-03-02 08:00:00
531298197,USDT,ETHUSDT,TRADE,BUY,0.03000000000000000000,0.06000000000000000000,1960.00000000000000000000,0.00000000000000000000,-0.02116800000000000000,0.00000000000000000000,-0.02116800000000000000,475.99056515000000000000,OPEN,2026-03-02 01:49:04
531298197,USDT,ETHUSDT,TRADE,SELL,0.03000000000000000000,0.03000000000000000000,1985.00000000000000000000,0.00000000000000000000,-0.02143800000000000000,1.50000000000000000000,1.47856200000000000000,476.01173315000000000000,CLOSE,2026-03-02 01:11:01
531298197,USDT,ETHUSDT,SETTLEMENT,BUY,--,0.06000000000000000000,--,-0.00049322000000000000,0.00000000000000000000,0.00000000000000000000,-0.00049322000000000000,474.53317115000000000000,SETTLEMENT,2026-03-02 00:00:00
531298197,USDT,ETHUSDT,TRADE,SELL,0.03000000000000000000,0.06000000000000000000,1945.00000000000000000000,0.00000000000000000000,-0.02100600000000000000,0.30000000000000000000,0.27899400000000000000,474.53366437000000000000,CLOSE,2026-03-01 22:13:04
531298197,USDT,ETHUSDT,TRADE,SELL,0.03000000000000000000,0.09000000000000000000,1935.00000000000000000000,0.00000000000000000000,-0.02089800000000000000,0.00000000000000000000,-0.02089800000000000000,474.25467037000000000000,CLOSE,2026-03-01 22:13:02
531298197,USDT,ETHUSDT,TRADE,BUY,0.03000000000000000000,0.12000000000000000000,1910.00000000000000000000,0.00000000000000000000,-0.02062800000000000000,0.00000000000000000000,-0.02062800000000000000,474.27556837000000000000,OPEN,2026-03-01 20:40:03
531298197,USDT,ETHUSDT,TRADE,BUY,0.03000000000000000000,0.09000000000000000000,1910.00000000000000000000,0.00000000000000000000,-0.02062800000000000000,0.00000000000000000000,-0.02062800000000000000,474.29619637000000000000,OPEN,2026-03-01 20:40:03
531298197,USDT,ETHUSDT,TRADE,BUY,0.03000000000000000000,0.03000000000000000000,1960.00000000000000000000,0.00000000000000000000,-0.02116800000000000000,0.00000000000000000000,-0.02116800000000000000,474.33799237000000000000,OPEN,2026-03-01 19:17:10
531298197,USDT,ETHUSDT,TRADE,BUY,0.03000000000000000000,0.06000000000000000000,1960.00000000000000000000,0.00000000000000000000,-0.02116800000000000000,0.00000000000000000000,-0.02116800000000000000,474.31682437000000000000,OPEN,2026-03-01 19:17:10
531298197,USDT,ETHUSDT,TRADE,SELL,0.03000000000000000000,0.00000000000000000000,1995.00000000000000000000,0.00000000000000000000,-0.02154600000000000000,1.05000000000000000000,1.02845400000000000000,474.35916037000000000000,CLOSE,2026-03-01 18:07:57
531298197,USDT,ETHUSDT,TRADE,SELL,0.03000000000000000000,0.03000000000000000000,1985.00000000000000000000,0.00000000000000000000,-0.02143800000000000000,0.75000000000000000000,0.72856200000000000000,473.33070637000000000000,CLOSE,2026-03-01 18:04:42
531298197,USDT,ETHUSDT,TRADE,BUY,0.03000000000000000000,0.06000000000000000000,1960.00000000000000000000,0.00000000000000000000,-0.02116800000000000000,0.00000000000000000000,-0.02116800000000000000,472.60214437000000000000,OPEN,2026-03-01 16:51:24
531298197,USDT,ETHUSDT,TRADE,BUY,0.03000000000000000000,0.03000000000000000000,1960.00000000000000000000,0.00000000000000000000,-0.02116800000000000000,0.00000000000000000000,-0.02116800000000000000,472.62331237000000000000,OPEN,2026-03-01 16:51:24
531298197,USDT,ETHUSDT,TRADE,BUY,0.03000000000000000000,0.00000000000000000000,2005.00000000000000000000,0.00000000000000000000,-0.02165400000000000000,1.05000000000000000000,1.02834600000000000000,472.64448037000000000000,CLOSE,2026-03-01 04:16:24
531298197,USDT,ETHUSDT,TRADE,BUY,0.03000000000000000000,-0.03000000000000000000,2015.00000000000000000000,0.00000000000000000000,-0.02176200000000000000,0.75000000000000000000,0.72823800000000000000,471.61613437000000000000,CLOSE,2026-03-01 04:14:20
531298197,USDT,ETHUSDT,TRADE,SELL,0.03000000000000000000,-0.03000000000000000000,2040.00000000000000000000,0.00000000000000000000,-0.02203200000000000000,0.00000000000000000000,-0.02203200000000000000,470.90992837000000000000,OPEN,2026-03-01 02:03:40
531298197,USDT,ETHUSDT,TRADE,SELL,0.03000000000000000000,-0.06000000000000000000,2040.00000000000000000000,0.00000000000000000000,-0.02203200000000000000,0.00000000000000000000,-0.02203200000000000000,470.88789637000000000000,OPEN,2026-03-01 02:03:40
531298197,USDT,ETHUSDT,TRADE,SELL,0.03000000000000000000,0.00000000000000000000,1995.00000000000000000000,0.00000000000000000000,-0.02154600000000000000,1.98750000000000000000,1.96595400000000000000,470.93196037000000000000,CLOSE,2026-03-01 01:50:21
531298197,USDT,ETHUSDT,TRADE,SELL,0.03000000000000000000,0.03000000000000000000,1985.00000000000000000000,0.00000000000000000000,-0.02143800000000000000,1.68750000000000000000,1.66606200000000000000,468.96600637000000000000,CLOSE,2026-03-01 01:49:33
531298197,USDT,ETHUSDT,SETTLEMENT,BUY,--,0.06000000000000000000,--,-0.00396703000000000000,0.00000000000000000000,0.00000000000000000000,-0.00396703000000000000,467.29994437000000000000,SETTLEMENT,2026-03-01 00:00:00
531298197,USDT,ETHUSDT,TRADE,SELL,0.03000000000000000000,0.06000000000000000000,1945.00000000000000000000,0.00000000000000000000,-0.02100600000000000000,0.48750000000000000000,0.46649400000000000000,467.30391140000000000000,CLOSE,2026-02-28 18:55:02
531298197,USDT,ETHUSDT,TRADE,SELL,0.03000000000000000000,0.09000000000000000000,1935.00000000000000000000,0.00000000000000000000,-0.02089800000000000000,0.18750000000000000000,0.16660200000000000000,466.83741740000000000000,CLOSE,2026-02-28 18:53:48
531298197,USDT,ETHUSDT,SETTLEMENT,BUY,--,0.12000000000000000000,--,0.00647711000000000000,0.00000000000000000000,0.00000000000000000000,0.00647711000000000000,466.67081540000000000000,SETTLEMENT,2026-02-28 16:00:00
531298197,USDT,ETHUSDT,SETTLEMENT,BUY,--,0.12000000000000000000,--,0.01752543000000000000,0.00000000000000000000,0.00000000000000000000,0.01752543000000000000,466.66433829000000000000,SETTLEMENT,2026-02-28 08:00:00
531298197,USDT,ETHUSDT,TRADE,BUY,0.03000000000000000000,0.12000000000000000000,1910.00000000000000000000,0.00000000000000000000,-0.02062800000000000000,0.00000000000000000000,-0.02062800000000000000,466.64681286000000000000,OPEN,2026-02-28 06:14:36
531298197,USDT,ETHUSDT,TRADE,SELL,0.03000000000000000000,0.09000000000000000000,1935.00000000000000000000,0.00000000000000000000,-0.02089800000000000000,0.00000000000000000000,-0.02089800000000000000,466.66744086000000000000,CLOSE,2026-02-28 00:11:50
531298197,USDT,ETHUSDT,SETTLEMENT,BUY,--,0.12000000000000000000,--,0.01452452000000000000,0.00000000000000000000,0.00000000000000000000,0.01452452000000000000,466.68833886000000000000,SETTLEMENT,2026-02-28 00:00:00
531298197,USDT,ETHUSDT,TRADE,BUY,0.03000000000000000000,0.12000000000000000000,1910.00000000000000000000,0.00000000000000000000,-0.02062800000000000000,0.00000000000000000000,-0.02062800000000000000,466.67381434000000000000,OPEN,2026-02-27 17:28:11
531298197,USDT,ETHUSDT,TRADE,BUY,0.03000000000000000000,0.09000000000000000000,1910.00000000000000000000,0.00000000000000000000,-0.02062800000000000000,0.00000000000000000000,-0.02062800000000000000,466.69444234000000000000,OPEN,2026-02-27 17:28:11
531298197,USDT,ETHUSDT,SETTLEMENT,BUY,--,0.06000000000000000000,--,0.00287462000000000000,0.00000000000000000000,0.00000000000000000000,0.00287462000000000000,466.71507034000000000000,SETTLEMENT,2026-02-27 16:00:00
531298197,USDT,ETHUSDT,TRADE,BUY,0.03000000000000000000,0.06000000000000000000,1960.00000000000000000000,0.00000000000000000000,-0.02116800000000000000,0.00000000000000000000,-0.02116800000000000000,466.71219572000000000000,OPEN,2026-02-27 11:39:57
531298197,USDT,ETHUSDT,TRADE,BUY,0.03000000000000000000,0.03000000000000000000,1960.00000000000000000000,0.00000000000000000000,-0.02116800000000000000,0.00000000000000000000,-0.02116800000000000000,466.73336372000000000000,OPEN,2026-02-27 11:39:57
531298197,USDT,ETHUSDT,TRADE,BUY,0.03000000000000000000,0.00000000000000000000,2005.00000000000000000000,0.00000000000000000000,-0.02165400000000000000,1.05000000000000000000,1.02834600000000000000,466.75453172000000000000,CLOSE,2026-02-27 10:03:28
531298197,USDT,ETHUSDT,TRADE,BUY,0.03000000000000000000,-0.03000000000000000000,2015.00000000000000000000,0.00000000000000000000,-0.02176200000000000000,0.75000000000000000000,0.72823800000000000000,465.72618572000000000000,CLOSE,2026-02-27 09:45:11
531298197,USDT,ETH-27FEB26-2100-C-USDT,DELIVERY,SELL,0.50000000000000000000,0.00000000000000000000,2028.57321571000000000000,0.00000000000000000000,0.00000000000000000000,0.00000000000000000000,0.00000000000000000000,464.99794772000000000000,CLOSE,2026-02-27 08:00:02
531298197,USDT,ETHUSDT,SETTLEMENT,SELL,--,-0.06000000000000000000,--,0.00495877000000000000,0.00000000000000000000,0.00000000000000000000,0.00495877000000000000,464.99794772000000000000,SETTLEMENT,2026-02-27 08:00:00
531298197,USDT,ETHUSDT,TRADE,SELL,0.03000000000000000000,-0.03000000000000000000,2040.00000000000000000000,0.00000000000000000000,-0.02203200000000000000,0.00000000000000000000,-0.02203200000000000000,465.01502095000000000000,OPEN,2026-02-27 03:56:47
531298197,USDT,ETHUSDT,TRADE,SELL,0.03000000000000000000,-0.06000000000000000000,2040.00000000000000000000,0.00000000000000000000,-0.02203200000000000000,0.00000000000000000000,-0.02203200000000000000,464.99298895000000000000,OPEN,2026-02-27 03:56:47
531298197,USDT,ETHUSDT,TRADE,BUY,0.03000000000000000000,0.00000000000000000000,2005.00000000000000000000,0.00000000000000000000,-0.02165400000000000000,1.05000000000000000000,1.02834600000000000000,465.03705295000000000000,CLOSE,2026-02-27 01:07:11
531298197,USDT,ETHUSDT,TRADE,BUY,0.03000000000000000000,-0.03000000000000000000,2015.00000000000000000000,0.00000000000000000000,-0.02176200000000000000,0.75000000000000000000,0.72823800000000000000,464.00870695000000000000,CLOSE,2026-02-27 00:38:00
531298197,USDT,ETHUSDT,SETTLEMENT,SELL,--,-0.06000000000000000000,--,0.00238591000000000000,0.00000000000000000000,0.00000000000000000000,0.00238591000000000000,463.28046895000000000000,SETTLEMENT,2026-02-27 00:00:00
531298197,USDT,BTC-25DEC26-85000-C-USDT,TRADE,BUY,0.05000000000000000000,0.05000000000000000000,7300.00000000000000000000,0.00000000000000000000,-0.67709453000000000000,-365.00000000000000000000,-365.67709453000000000000,463.27808304000000000000,OPEN,2026-02-26 20:10:17
531298197,USDT,BTC-25DEC26-120000-C-USDT,TRADE,SELL,0.05000000000000000000,-0.05000000000000000000,1400.00000000000000000000,0.00000000000000000000,-0.67709453000000000000,70.00000000000000000000,69.32290547000000000000,828.95517757000000000000,OPEN,2026-02-26 20:10:17
531298197,USDT,ETHUSDT,TRADE,SELL,0.03000000000000000000,-0.03000000000000000000,2040.00000000000000000000,0.00000000000000000000,-0.02203200000000000000,0.00000000000000000000,-0.02203200000000000000,759.65430410000000000000,OPEN,2026-02-26 20:03:34
531298197,USDT,ETHUSDT,TRADE,SELL,0.03000000000000000000,-0.06000000000000000000,2040.00000000000000000000,0.00000000000000000000,-0.02203200000000000000,0.00000000000000000000,-0.02203200000000000000,759.63227210000000000000,OPEN,2026-02-26 20:03:34
531298197,USDT,ETHUSDT,TRADE,BUY,0.03000000000000000000,0.00000000000000000000,2005.00000000000000000000,0.00000000000000000000,-0.02165400000000000000,1.80000000000000000000,1.77834600000000000000,759.67633610000000000000,CLOSE,2026-02-26 16:45:19
531298197,USDT,ETHUSDT,SETTLEMENT,SELL,--,-0.03000000000000000000,--,0.00517875000000000000,0.00000000000000000000,0.00000000000000000000,0.00517875000000000000,757.89799010000000000000,SETTLEMENT,2026-02-26 16:00:00
531298197,USDT,ETHUSDT,TRADE,BUY,0.03000000000000000000,-0.03000000000000000000,2015.00000000000000000000,0.00000000000000000000,-0.02176200000000000000,1.50000000000000000000,1.47823800000000000000,757.89281135000000000000,CLOSE,2026-02-26 15:34:24
531298197,USDT,ETHUSDT,SETTLEMENT,SELL,--,-0.06000000000000000000,--,0.01231638000000000000,0.00000000000000000000,0.00000000000000000000,0.01231638000000000000,756.41457335000000000000,SETTLEMENT,2026-02-26 08:00:00
531298197,USDT,ETHUSDT,SETTLEMENT,SELL,--,-0.06000000000000000000,--,0.01234104000000000000,0.00000000000000000000,0.00000000000000000000,0.01234104000000000000,756.40225697000000000000,SETTLEMENT,2026-02-26 00:00:00
531298197,USDT,ETHUSDT,TRADE,BUY,0.03000000000000000000,-0.06000000000000000000,2055.00000000000000000000,0.00000000000000000000,-0.02219400000000000000,0.30000000000000000000,0.27780600000000000000,756.38991593000000000000,CLOSE,2026-02-25 23:39:33
531298197,USDT,ETHUSDT,TRADE,BUY,0.03000000000000000000,-0.09000000000000000000,2065.00000000000000000000,0.00000000000000000000,-0.02230200000000000000,0.00000000000000000000,-0.02230200000000000000,756.11210993000000000000,CLOSE,2026-02-25 23:32:19
531298197,USDT,ETHUSDT,TRADE,SELL,0.03000000000000000000,-0.12000000000000000000,2090.00000000000000000000,0.00000000000000000000,-0.02257200000000000000,0.00000000000000000000,-0.02257200000000000000,756.13441193000000000000,OPEN,2026-02-25 21:34:51
531298197,USDT,ETHUSDT,TRADE,SELL,0.03000000000000000000,-0.09000000000000000000,2090.00000000000000000000,0.00000000000000000000,-0.02257200000000000000,0.00000000000000000000,-0.02257200000000000000,756.15698393000000000000,OPEN,2026-02-25 21:34:51
531298197,USDT,ETHUSDT,TRADE,SELL,0.03000000000000000000,-0.03000000000000000000,2040.00000000000000000000,0.00000000000000000000,-0.02203200000000000000,0.00000000000000000000,-0.02203200000000000000,756.20158793000000000000,OPEN,2026-02-25 16:25:08
531298197,USDT,ETHUSDT,TRADE,SELL,0.03000000000000000000,-0.06000000000000000000,2040.00000000000000000000,0.00000000000000000000,-0.02203200000000000000,0.00000000000000000000,-0.02203200000000000000,756.17955593000000000000,OPEN,2026-02-25 16:25:08
531298197,USDT,ETHUSDT,TRADE,SELL,0.03000000000000000000,0.00000000000000000000,1995.00000000000000000000,0.00000000000000000000,-0.02154600000000000000,2.17500000000000000000,2.15345400000000000000,756.22361993000000000000,CLOSE,2026-02-25 14:52:03
531298197,USDT,ETHUSDT,TRADE,SELL,0.03000000000000000000,0.03000000000000000000,1985.00000000000000000000,0.00000000000000000000,-0.02143800000000000000,1.87500000000000000000,1.85356200000000000000,754.07016593000000000000,CLOSE,2026-02-25 14:47:05
531298197,USDT,ETHUSDT,TRADE,SELL,0.03000000000000000000,0.06000000000000000000,1945.00000000000000000000,0.00000000000000000000,-0.02100600000000000000,0.67500000000000000000,0.65399400000000000000,752.21660393000000000000,CLOSE,2026-02-25 12:50:05
531298197,USDT,ETHUSDT,TRADE,SELL,0.03000000000000000000,0.09000000000000000000,1935.00000000000000000000,0.00000000000000000000,-0.02089800000000000000,0.37500000000000000000,0.35410200000000000000,751.56260993000000000000,CLOSE,2026-02-25 12:19:14
531298197,USDT,ETHUSDT,SETTLEMENT,BUY,--,0.12000000000000000000,--,-0.02017763000000000000,0.00000000000000000000,0.00000000000000000000,-0.02017763000000000000,751.20850793000000000000,SETTLEMENT,2026-02-25 08:00:00
531298197,USDT,ETHUSDT,TRADE,BUY,0.03000000000000000000,0.09000000000000000000,1910.00000000000000000000,0.00000000000000000000,-0.02062800000000000000,0.00000000000000000000,-0.02062800000000000000,751.24931356000000000000,OPEN,2026-02-25 03:19:44
531298197,USDT,ETHUSDT,TRADE,BUY,0.03000000000000000000,0.12000000000000000000,1910.00000000000000000000,0.00000000000000000000,-0.02062800000000000000,0.00000000000000000000,-0.02062800000000000000,751.22868556000000000000,OPEN,2026-02-25 03:19:44
531298197,USDT,ETHUSDT,TRADE,SELL,0.03000000000000000000,0.06000000000000000000,1945.00000000000000000000,0.00000000000000000000,-0.02100600000000000000,0.30000000000000000000,0.27899400000000000000,751.26994156000000000000,CLOSE,2026-02-25 02:07:16
531298197,USDT,ETHUSDT,TRADE,SELL,0.03000000000000000000,0.09000000000000000000,1935.00000000000000000000,0.00000000000000000000,-0.02089800000000000000,0.00000000000000000000,-0.02089800000000000000,750.99094756000000000000,CLOSE,2026-02-25 02:07:14
531298197,USDT,ETHUSDT,SETTLEMENT,BUY,--,0.12000000000000000000,--,0.00108170000000000000,0.00000000000000000000,0.00000000000000000000,0.00108170000000000000,751.01184556000000000000,SETTLEMENT,2026-02-25 00:00:00
531298197,USDT,ETHUSDT,SETTLEMENT,BUY,--,0.12000000000000000000,--,0.00233326000000000000,0.00000000000000000000,0.00000000000000000000,0.00233326000000000000,751.01076386000000000000,SETTLEMENT,2026-02-24 16:00:00
531298197,USDT,ETHUSDT,TRADE,BUY,-149.99550000000000000000,0.00000000000000000000,1805.00000000000000000000,0.00000000000000000000,0.00000000000000000000,-149.99550000000000000000,-149.99550000000000000000,751.00843060000000000000,--,2026-02-24 13:32:57
531298197,ETH,ETHUSDT,TRADE,BUY,0.08310000000000000000,0.00000000000000000000,1805.00000000000000000000,0.00000000000000000000,-0.00008310000000000000,0.08310000000000000000,0.08301690000000000000,0.08301690000000000000,--,2026-02-24 13:32:57
531298197,USDT,ETHUSDT,SETTLEMENT,BUY,--,0.12000000000000000000,--,0.02615087000000000000,0.00000000000000000000,0.00000000000000000000,0.02615087000000000000,901.00393060000000000000,SETTLEMENT,2026-02-24 08:00:00
531298197,USDT,ETHUSDT,SETTLEMENT,BUY,--,0.12000000000000000000,--,0.00500740000000000000,0.00000000000000000000,0.00000000000000000000,0.00500740000000000000,900.97777973000000000000,SETTLEMENT,2026-02-24 00:00:00
531298197,USDT,ETHUSDT,SETTLEMENT,BUY,--,0.12000000000000000000,--,-0.00557459000000000000,0.00000000000000000000,0.00000000000000000000,-0.00557459000000000000,900.97277233000000000000,SETTLEMENT,2026-02-23 16:00:00
531298197,USDT,ETHUSDT,SETTLEMENT,BUY,--,0.12000000000000000000,--,0.04708289000000000000,0.00000000000000000000,0.00000000000000000000,0.04708289000000000000,900.97834692000000000000,SETTLEMENT,2026-02-23 08:00:00
531298197,USDT,ETH-6MAR26-1800-P-USDT,TRADE,BUY,0.10000000000000000000,0.00000000000000000000,61.60000000000000000000,0.00000000000000000000,-0.05594310000000000000,-6.16000000000000000000,-6.21594310000000000000,900.93126403000000000000,CLOSE,2026-02-23 05:57:09
531298197,USDT,BTCUSDT,TRADE,BUY,-49.98884500000000000000,0.00000000000000000000,65005.00000000000000000000,0.00000000000000000000,0.00000000000000000000,-49.98884500000000000000,-49.98884500000000000000,907.14720713000000000000,--,2026-02-23 01:23:00
531298197,BTC,BTCUSDT,TRADE,BUY,0.00076900000000000000,0.00000000000000000000,65005.00000000000000000000,0.00000000000000000000,-0.00000076900000000000,0.00076900000000000000,0.00076823100000000000,0.00149492100000000000,--,2026-02-23 01:23:00
531298197,USDT,ETHUSDT,TRADE,BUY,0.03000000000000000000,0.09000000000000000000,1910.00000000000000000000,0.00000000000000000000,-0.02062800000000000000,0.00000000000000000000,-0.02062800000000000000,957.15668013000000000000,OPEN,2026-02-23 01:02:00
531298197,USDT,ETHUSDT,TRADE,BUY,0.03000000000000000000,0.12000000000000000000,1910.00000000000000000000,0.00000000000000000000,-0.02062800000000000000,0.00000000000000000000,-0.02062800000000000000,957.13605213000000000000,OPEN,2026-02-23 01:02:00
531298197,USDT,ETHUSDT,SETTLEMENT,BUY,--,0.06000000000000000000,--,0.00550711000000000000,0.00000000000000000000,0.00000000000000000000,0.00550711000000000000,957.17730813000000000000,SETTLEMENT,2026-02-23 00:00:00
531298197,USDT,ETHUSDT,SETTLEMENT,BUY,--,0.06000000000000000000,--,0.00653938000000000000,0.00000000000000000000,0.00000000000000000000,0.00653938000000000000,957.17180102000000000000,SETTLEMENT,2026-02-22 16:00:00
531298197,USDT,ETHUSDT,TRADE,BUY,0.03000000000000000000,0.03000000000000000000,1960.00000000000000000000,0.00000000000000000000,-0.02116800000000000000,0.00000000000000000000,-0.02116800000000000000,957.18642964000000000000,OPEN,2026-02-22 13:33:32
531298197,USDT,ETHUSDT,TRADE,BUY,0.03000000000000000000,0.06000000000000000000,1960.00000000000000000000,0.00000000000000000000,-0.02116800000000000000,0.00000000000000000000,-0.02116800000000000000,957.16526164000000000000,OPEN,2026-02-22 13:33:32
531298197,USDT,ETHUSDT,TRADE,SELL,0.06000000000000000000,0.00000000000000000000,1979.15000000000000000000,0.00000000000000000000,-0.11874900000000000000,-1.67100000000000000000,-1.78974900000000000000,957.20759764000000000000,CLOSE,2026-02-22 11:50:11
531298197,USDT,ETHUSDT,TRADE,SELL,0.06000000000000000000,0.06000000000000000000,1979.15000000000000000000,0.00000000000000000000,-0.11874900000000000000,-1.67100000000000000000,-1.78974900000000000000,958.99734664000000000000,CLOSE,2026-02-22 11:50:01
531298197,USDT,ETH-27MAR26-2000-C-USDT,TRADE,BUY,0.80000000000000000000,1.00000000000000000000,149.40000000000000000000,0.00000000000000000000,-0.47536943000000000000,-119.52000000000000000000,-119.99536943000000000000,960.78709564000000000000,OPEN,2026-02-22 11:05:38
531298197,USDT,ETH-27MAR26-2000-P-USDT,TRADE,BUY,1.00000000000000000000,1.00000000000000000000,162.00000000000000000000,0.00000000000000000000,-0.39615747000000000000,-162.00000000000000000000,-162.39615747000000000000,1080.78246507000000000000,OPEN,2026-02-22 11:04:14
531298197,USDT,ETH-27FEB26-2100-P-USDT,TRADE,SELL,0.50000000000000000000,0.00000000000000000000,137.00000000000000000000,0.00000000000000000000,-0.19778927000000000000,68.50000000000000000000,68.30221073000000000000,1243.17862254000000000000,CLOSE,2026-02-22 10:53:29
531298197,USDT,ETHUSDT,SETTLEMENT,BUY,--,0.12000000000000000000,--,0.00439194000000000000,0.00000000000000000000,0.00000000000000000000,0.00439194000000000000,1174.87641181000000000000,SETTLEMENT,2026-02-22 08:00:00
531298197,USDT,ETHUSDT,SETTLEMENT,BUY,--,0.12000000000000000000,--,-0.01937854000000000000,0.00000000000000000000,0.00000000000000000000,-0.01937854000000000000,1174.87201987000000000000,SETTLEMENT,2026-02-22 00:00:00
531298197,USDT,ETHUSDT,SETTLEMENT,BUY,--,0.12000000000000000000,--,-0.02384976000000000000,0.00000000000000000000,0.00000000000000000000,-0.02384976000000000000,1174.89139841000000000000,SETTLEMENT,2026-02-21 16:00:00
531298197,USDT,ETHUSDT,SETTLEMENT,BUY,--,0.12000000000000000000,--,-0.01644070000000000000,0.00000000000000000000,0.00000000000000000000,-0.01644070000000000000,1174.91524817000000000000,SETTLEMENT,2026-02-21 08:00:00
531298197,USDT,ETHUSDT,SETTLEMENT,BUY,--,0.12000000000000000000,--,-0.01752143000000000000,0.00000000000000000000,0.00000000000000000000,-0.01752143000000000000,1174.93168887000000000000,SETTLEMENT,2026-02-21 00:00:00
531298197,USDT,ETHUSDT,SETTLEMENT,BUY,--,0.12000000000000000000,--,0.01235141000000000000,0.00000000000000000000,0.00000000000000000000,0.01235141000000000000,1174.94921030000000000000,SETTLEMENT,2026-02-20 16:00:00
531298197,USDT,ETHUSDT,SETTLEMENT,BUY,--,0.12000000000000000000,--,-0.00219438000000000000,0.00000000000000000000,0.00000000000000000000,-0.00219438000000000000,1174.93685889000000000000,SETTLEMENT,2026-02-20 08:00:00
531298197,USDT,ETHUSDT,TRADE,SELL,0.03000000000000000000,0.12000000000000000000,1955.00000000000000000000,0.00000000000000000000,-0.02111400000000000000,-1.56000000000000000000,-1.58111400000000000000,1174.93905327000000000000,CLOSE,2026-02-20 00:15:08
531298197,USDT,ETHUSDT,SETTLEMENT,BUY,--,0.15000000000000000000,--,-0.01015818000000000000,0.00000000000000000000,0.00000000000000000000,-0.01015818000000000000,1176.52016727000000000000,SETTLEMENT,2026-02-20 00:00:00
531298197,USDT,ETHUSDT,SETTLEMENT,BUY,--,0.15000000000000000000,--,0.01461036000000000000,0.00000000000000000000,0.00000000000000000000,0.01461036000000000000,1176.53032545000000000000,SETTLEMENT,2026-02-19 16:00:00
531298197,USDT,ETHUSDT,TRADE,BUY,0.03000000000000000000,0.15000000000000000000,1920.00000000000000000000,0.00000000000000000000,-0.02073600000000000000,0.00000000000000000000,-0.02073600000000000000,1176.51571509000000000000,OPEN,2026-02-19 13:40:11
531298197,USDT,ETHUSDT,SETTLEMENT,BUY,--,0.12000000000000000000,--,-0.01158433000000000000,0.00000000000000000000,0.00000000000000000000,-0.01158433000000000000,1176.53645109000000000000,SETTLEMENT,2026-02-19 08:00:00
531298197,USDT,ETHUSDT,SETTLEMENT,BUY,--,0.12000000000000000000,--,0.01495248000000000000,0.00000000000000000000,0.00000000000000000000,0.01495248000000000000,1176.54803542000000000000,SETTLEMENT,2026-02-19 00:00:00
531298197,USDT,ETHUSDT,SETTLEMENT,BUY,--,0.12000000000000000000,--,0.01036317000000000000,0.00000000000000000000,0.00000000000000000000,0.01036317000000000000,1176.53308294000000000000,SETTLEMENT,2026-02-18 16:00:00
531298197,USDT,ETHUSDT,TRADE,BUY,0.03000000000000000000,0.12000000000000000000,2010.00000000000000000000,0.00000000000000000000,-0.02170800000000000000,0.00000000000000000000,-0.02170800000000000000,1176.52271977000000000000,OPEN,2026-02-18 10:24:29
531298197,USDT,ETHUSDT,TRADE,SELL,0.03000000000000000000,0.09000000000000000000,2035.00000000000000000000,0.00000000000000000000,-0.02197800000000000000,0.00000000000000000000,-0.02197800000000000000,1176.54442777000000000000,CLOSE,2026-02-18 08:25:37
531298197,USDT,ETHUSDT,SETTLEMENT,BUY,--,0.12000000000000000000,--,-0.00755523000000000000,0.00000000000000000000,0.00000000000000000000,-0.00755523000000000000,1176.56640577000000000000,SETTLEMENT,2026-02-18 08:00:00
531298197,USDT,ETHUSDT,SETTLEMENT,BUY,--,0.12000000000000000000,--,-0.01651119000000000000,0.00000000000000000000,0.00000000000000000000,-0.01651119000000000000,1176.57396100000000000000,SETTLEMENT,2026-02-18 00:00:00
531298197,USDT,ETHUSDT,SETTLEMENT,BUY,--,0.12000000000000000000,--,0.01295415000000000000,0.00000000000000000000,0.00000000000000000000,0.01295415000000000000,1176.59047219000000000000,SETTLEMENT,2026-02-17 16:00:00
531298197,USDT,ETHUSDT,SETTLEMENT,BUY,--,0.12000000000000000000,--,0.00595898000000000000,0.00000000000000000000,0.00000000000000000000,0.00595898000000000000,1176.57751804000000000000,SETTLEMENT,2026-02-17 08:00:00
531298197,USDT,ETHUSDT,SETTLEMENT,BUY,--,0.12000000000000000000,--,-0.01440605000000000000,0.00000000000000000000,0.00000000000000000000,-0.01440605000000000000,1176.57155906000000000000,SETTLEMENT,2026-02-17 00:00:00
531298197,USDT,ETHUSDT,SETTLEMENT,BUY,--,0.12000000000000000000,--,-0.00156522000000000000,0.00000000000000000000,0.00000000000000000000,-0.00156522000000000000,1176.58596511000000000000,SETTLEMENT,2026-02-16 16:00:00
531298197,BTC,BTCUSDT,TRADE,BUY,0.00072800000000000000,0.00000000000000000000,68636.00000000000000000000,0.00000000000000000000,-0.00000131040000000000,0.00072800000000000000,0.00072668960000000000,0.00072669000000000000,--,2026-02-16 08:04:52
531298197,USDT,BTCUSDT,TRADE,BUY,-49.96700800000000000000,0.00000000000000000000,68636.00000000000000000000,0.00000000000000000000,0.00000000000000000000,-49.96700800000000000000,-49.96700800000000000000,1176.58753033000000000000,--,2026-02-16 08:04:52
531298197,USDT,ETHUSDT,SETTLEMENT,BUY,--,0.12000000000000000000,--,0.00553204000000000000,0.00000000000000000000,0.00000000000000000000,0.00553204000000000000,1226.55453833000000000000,SETTLEMENT,2026-02-16 08:00:00
531298197,USDT,ETHUSDT,SETTLEMENT,BUY,--,0.12000000000000000000,--,0.00437947000000000000,0.00000000000000000000,0.00000000000000000000,0.00437947000000000000,1226.54900629000000000000,SETTLEMENT,2026-02-16 00:00:00
531298197,USDT,ETHUSDT,SETTLEMENT,BUY,--,0.12000000000000000000,--,0.00868979000000000000,0.00000000000000000000,0.00000000000000000000,0.00868979000000000000,1226.54462682000000000000,SETTLEMENT,2026-02-15 16:00:00
531298197,USDT,ETHUSDT,TRADE,BUY,0.03000000000000000000,0.12000000000000000000,2010.00000000000000000000,0.00000000000000000000,-0.02170800000000000000,0.00000000000000000000,-0.02170800000000000000,1226.53593703000000000000,OPEN,2026-02-15 12:59:54
531298197,USDT,ETHUSDT,TRADE,BUY,0.03000000000000000000,0.09000000000000000000,2010.00000000000000000000,0.00000000000000000000,-0.02170800000000000000,0.00000000000000000000,-0.02170800000000000000,1226.55764503000000000000,OPEN,2026-02-15 12:59:54
531298197,USDT,ETHUSDT,TRADE,BUY,0.03000000000000000000,0.03000000000000000000,2060.00000000000000000000,0.00000000000000000000,-0.02224800000000000000,0.00000000000000000000,-0.02224800000000000000,1226.60160103000000000000,OPEN,2026-02-15 08:32:51
531298197,USDT,ETHUSDT,TRADE,BUY,0.03000000000000000000,0.06000000000000000000,2060.00000000000000000000,0.00000000000000000000,-0.02224800000000000000,0.00000000000000000000,-0.02224800000000000000,1226.57935303000000000000,OPEN,2026-02-15 08:32:51
531298197,USDT,ETHUSDT,TRADE,SELL,0.03000000000000000000,0.00000000000000000000,2095.00000000000000000000,0.00000000000000000000,-0.02262600000000000000,1.05000000000000000000,1.02737400000000000000,1226.62384903000000000000,CLOSE,2026-02-15 05:46:04
531298197,USDT,ETHUSDT,TRADE,SELL,0.03000000000000000000,0.03000000000000000000,2085.00000000000000000000,0.00000000000000000000,-0.02251800000000000000,0.75000000000000000000,0.72748200000000000000,1225.59647503000000000000,CLOSE,2026-02-15 04:13:50
531298197,USDT,ETHUSDT,TRADE,BUY,0.03000000000000000000,0.03000000000000000000,2060.00000000000000000000,0.00000000000000000000,-0.02224800000000000000,0.00000000000000000000,-0.02224800000000000000,1224.89124103000000000000,OPEN,2026-02-15 01:28:44
531298197,USDT,ETHUSDT,TRADE,BUY,0.03000000000000000000,0.06000000000000000000,2060.00000000000000000000,0.00000000000000000000,-0.02224800000000000000,0.00000000000000000000,-0.02224800000000000000,1224.86899303000000000000,OPEN,2026-02-15 01:28:44
531298197,ETH,,TRANSFER_OUT,--,0.00000000000000000000,0.00000000000000000000,0.00000000000000000000,0.00000000000000000000,0.00000000000000000000,-0.07866126000000000000,-0.07866126000000000000,0.00000000000000000000,--,2026-02-14 20:45:54
531298197,USDT,ETHUSDT,TRADE,SELL,0.03000000000000000000,0.00000000000000000000,2095.00000000000000000000,0.00000000000000000000,-0.02262600000000000000,2.86500000000000000000,2.84237400000000000000,1224.91348903000000000000,CLOSE,2026-02-14 11:21:19
531298197,USDT,ETHUSDT,TRADE,SELL,0.03000000000000000000,0.03000000000000000000,2085.00000000000000000000,0.00000000000000000000,-0.02251800000000000000,2.56500000000000000000,2.54248200000000000000,1222.07111503000000000000,CLOSE,2026-02-14 08:06:53
531298197,USDT,ETHUSDT,SETTLEMENT,BUY,--,0.06000000000000000000,--,0.00413510000000000000,0.00000000000000000000,0.00000000000000000000,0.00413510000000000000,1219.52863303000000000000,SETTLEMENT,2026-02-14 08:00:00
531298197,USDT,ETHUSDT,SETTLEMENT,BUY,--,0.06000000000000000000,--,0.00120031000000000000,0.00000000000000000000,0.00000000000000000000,0.00120031000000000000,1219.52449793000000000000,SETTLEMENT,2026-02-14 00:00:00
531298197,USDT,ETHUSDT,SETTLEMENT,BUY,--,0.06000000000000000000,--,-0.01220508000000000000,0.00000000000000000000,0.00000000000000000000,-0.01220508000000000000,1219.52329762000000000000,SETTLEMENT,2026-02-13 16:00:00
531298197,USDT,ETHUSDT,TRADE,SELL,0.03000000000000000000,0.06000000000000000000,2045.00000000000000000000,0.00000000000000000000,-0.02208600000000000000,1.36500000000000000000,1.34291400000000000000,1219.53550270000000000000,CLOSE,2026-02-13 15:32:47
531298197,USDT,ETHUSDT,TRADE,SELL,0.03000000000000000000,0.09000000000000000000,2035.00000000000000000000,0.00000000000000000000,-0.02197800000000000000,1.06500000000000000000,1.04302200000000000000,1218.19258870000000000000,CLOSE,2026-02-13 15:26:38
531298197,USDT,ETHUSDT,SETTLEMENT,BUY,--,0.12000000000000000000,--,0.00018572000000000000,0.00000000000000000000,0.00000000000000000000,0.00018572000000000000,1217.14956670000000000000,SETTLEMENT,2026-02-13 08:00:00
531298197,USDT,ETHUSDT,TRADE,SELL,0.03000000000000000000,0.12000000000000000000,1955.00000000000000000000,0.00000000000000000000,-0.02111400000000000000,-1.33500000000000000000,-1.35611400000000000000,1217.14938098000000000000,CLOSE,2026-02-13 03:30:34
531298197,USDT,ETHUSDT,SETTLEMENT,BUY,--,0.15000000000000000000,--,0.01963824000000000000,0.00000000000000000000,0.00000000000000000000,0.01963824000000000000,1218.50549498000000000000,SETTLEMENT,2026-02-13 00:00:00
531298197,ETH,ETHUSDT,TRADE,BUY,0.07874000000000000000,0.00000000000000000000,1905.00000000000000000000,0.00000000000000000000,-0.00007874000000000000,0.07874000000000000000,0.07866126000000000000,0.07866126000000000000,--,2026-02-12 16:28:53
531298197,USDT,ETHUSDT,TRADE,BUY,-149.99970000000000000000,0.00000000000000000000,1905.00000000000000000000,0.00000000000000000000,0.00000000000000000000,-149.99970000000000000000,-149.99970000000000000000,1218.48585674000000000000,--,2026-02-12 16:28:53
531298197,USDT,ETHUSDT,TRADE,BUY,0.03000000000000000000,0.15000000000000000000,1920.00000000000000000000,0.00000000000000000000,-0.02073600000000000000,0.00000000000000000000,-0.02073600000000000000,1368.48555674000000000000,OPEN,2026-02-12 16:11:24
531298197,USDT,ETHUSDT,SETTLEMENT,BUY,--,0.12000000000000000000,--,-0.00815722000000000000,0.00000000000000000000,0.00000000000000000000,-0.00815722000000000000,1368.50629274000000000000,SETTLEMENT,2026-02-12 16:00:00
531298197,USDT,ETH-6MAR26-1800-P-USDT,TRADE,SELL,0.10000000000000000000,-0.10000000000000000000,67.60000000000000000000,0.00000000000000000000,-0.05880433000000000000,6.76000000000000000000,6.70119567000000000000,1368.51444996000000000000,OPEN,2026-02-12 08:32:40
531298197,USDT,,TRANSFER_IN,--,0.00000000000000000000,0.00000000000000000000,0.00000000000000000000,0.00000000000000000000,0.00000000000000000000,1250.00000000000000000000,1250.00000000000000000000,1361.81325429000000000000,--,2026-02-12 08:17:36
531298197,USDT,ETHUSDT,SETTLEMENT,BUY,--,0.12000000000000000000,--,-0.01979111000000000000,0.00000000000000000000,0.00000000000000000000,-0.01979111000000000000,111.81325429000000000000,SETTLEMENT,2026-02-12 08:00:00
531298197,USDT,ETHUSDT,SETTLEMENT,BUY,--,0.12000000000000000000,--,0.00394106000000000000,0.00000000000000000000,0.00000000000000000000,0.00394106000000000000,111.83304540000000000000,SETTLEMENT,2026-02-12 00:00:00
531298197,USDT,ETHUSDT,SETTLEMENT,BUY,--,0.12000000000000000000,--,0.01932931000000000000,0.00000000000000000000,0.00000000000000000000,0.01932931000000000000,111.82910434000000000000,SETTLEMENT,2026-02-11 16:00:00
531298197,USDT,ETHUSDT,SETTLEMENT,BUY,--,0.12000000000000000000,--,0.01057593000000000000,0.00000000000000000000,0.00000000000000000000,0.01057593000000000000,111.80977503000000000000,SETTLEMENT,2026-02-11 08:00:00
531298197,USDT,ETHUSDT,SETTLEMENT,BUY,--,0.12000000000000000000,--,0.00054584000000000000,0.00000000000000000000,0.00000000000000000000,0.00054584000000000000,111.79919910000000000000,SETTLEMENT,2026-02-11 00:00:00
531298197,USDT,ETHUSDT,TRADE,BUY,0.03000000000000000000,0.09000000000000000000,2010.00000000000000000000,0.00000000000000000000,-0.02170800000000000000,0.00000000000000000000,-0.02170800000000000000,111.82036126000000000000,OPEN,2026-02-10 18:25:45
531298197,USDT,ETHUSDT,TRADE,BUY,0.03000000000000000000,0.12000000000000000000,2010.00000000000000000000,0.00000000000000000000,-0.02170800000000000000,0.00000000000000000000,-0.02170800000000000000,111.79865326000000000000,OPEN,2026-02-10 18:25:45
531298197,USDT,ETHUSDT,TRADE,SELL,0.03000000000000000000,0.06000000000000000000,2045.00000000000000000000,0.00000000000000000000,-0.02208600000000000000,0.48750000000000000000,0.46541400000000000000,111.84206926000000000000,CLOSE,2026-02-10 17:41:38
531298197,USDT,ETHUSDT,TRADE,SELL,0.03000000000000000000,0.09000000000000000000,2035.00000000000000000000,0.00000000000000000000,-0.02197800000000000000,0.18750000000000000000,0.16552200000000000000,111.37665526000000000000,CLOSE,2026-02-10 16:14:19
531298197,USDT,ETHUSDT,SETTLEMENT,BUY,--,0.12000000000000000000,--,0.00870463000000000000,0.00000000000000000000,0.00000000000000000000,0.00870463000000000000,111.21113326000000000000,SETTLEMENT,2026-02-10 16:00:00
531298197,USDT,ETHUSDT,TRADE,BUY,0.03000000000000000000,0.12000000000000000000,2010.00000000000000000000,0.00000000000000000000,-0.02170800000000000000,0.00000000000000000000,-0.02170800000000000000,111.20242863000000000000,OPEN,2026-02-10 14:38:05
531298197,USDT,ETHUSDT,TRADE,SELL,0.03000000000000000000,0.09000000000000000000,2035.00000000000000000000,0.00000000000000000000,-0.02197800000000000000,0.00000000000000000000,-0.02197800000000000000,111.22413663000000000000,CLOSE,2026-02-10 14:17:25
531298197,USDT,ETHUSDT,SETTLEMENT,BUY,--,0.12000000000000000000,--,-0.00381855000000000000,0.00000000000000000000,0.00000000000000000000,-0.00381855000000000000,111.24611463000000000000,SETTLEMENT,2026-02-10 08:00:00
531298197,USDT,ETHUSDT,TRADE,BUY,0.03000000000000000000,0.09000000000000000000,2010.00000000000000000000,0.00000000000000000000,-0.02170800000000000000,0.00000000000000000000,-0.02170800000000000000,111.27164118000000000000,OPEN,2026-02-10 06:47:26
531298197,USDT,ETHUSDT,TRADE,BUY,0.03000000000000000000,0.12000000000000000000,2010.00000000000000000000,0.00000000000000000000,-0.02170800000000000000,0.00000000000000000000,-0.02170800000000000000,111.24993318000000000000,OPEN,2026-02-10 06:47:26
531298197,USDT,ETHUSDT,TRADE,BUY,0.03000000000000000000,0.03000000000000000000,2060.00000000000000000000,0.00000000000000000000,-0.02224800000000000000,0.00000000000000000000,-0.02224800000000000000,111.31559718000000000000,OPEN,2026-02-10 03:30:37
531298197,USDT,ETHUSDT,TRADE,BUY,0.03000000000000000000,0.06000000000000000000,2060.00000000000000000000,0.00000000000000000000,-0.02224800000000000000,0.00000000000000000000,-0.02224800000000000000,111.29334918000000000000,OPEN,2026-02-10 03:30:37
531298197,USDT,ETHUSDT,TRADE,BUY,0.03000000000000000000,0.00000000000000000000,2105.00000000000000000000,0.00000000000000000000,-0.02273400000000000000,1.05000000000000000000,1.02726600000000000000,111.33784518000000000000,CLOSE,2026-02-09 21:32:13
531298197,USDT,ETHUSDT,TRADE,BUY,0.03000000000000000000,-0.03000000000000000000,2115.00000000000000000000,0.00000000000000000000,-0.02284200000000000000,0.75000000000000000000,0.72715800000000000000,110.31057918000000000000,CLOSE,2026-02-09 21:08:08
531298197,USDT,ETHUSDT,TRADE,SELL,0.03000000000000000000,-0.06000000000000000000,2140.00000000000000000000,0.00000000000000000000,-0.02311200000000000000,0.00000000000000000000,-0.02311200000000000000,109.58342118000000000000,OPEN,2026-02-09 20:08:39
531298197,USDT,ETHUSDT,TRADE,BUY,0.03000000000000000000,-0.03000000000000000000,2115.00000000000000000000,0.00000000000000000000,-0.02284200000000000000,0.75000000000000000000,0.72715800000000000000,109.60653318000000000000,CLOSE,2026-02-09 18:21:17
531298197,USDT,ETHUSDT,TRADE,SELL,0.03000000000000000000,-0.06000000000000000000,2140.00000000000000000000,0.00000000000000000000,-0.02311200000000000000,0.00000000000000000000,-0.02311200000000000000,108.87937518000000000000,OPEN,2026-02-09 18:03:48
531298197,USDT,ETHUSDT,TRADE,SELL,0.03000000000000000000,-0.03000000000000000000,2140.00000000000000000000,0.00000000000000000000,-0.02311200000000000000,0.00000000000000000000,-0.02311200000000000000,108.90248718000000000000,OPEN,2026-02-09 18:03:48
531298197,USDT,ETHUSDT,TRADE,SELL,0.03000000000000000000,0.00000000000000000000,2095.00000000000000000000,0.00000000000000000000,-0.02262600000000000000,1.80000000000000000000,1.77737400000000000000,108.92559918000000000000,CLOSE,2026-02-09 16:45:11
531298197,USDT,ETHUSDT,TRADE,SELL,0.03000000000000000000,0.03000000000000000000,2085.00000000000000000000,0.00000000000000000000,-0.02251800000000000000,1.50000000000000000000,1.47748200000000000000,107.14822518000000000000,CLOSE,2026-02-09 16:44:25
531298197,USDT,ETHUSDT,SETTLEMENT,BUY,--,0.06000000000000000000,--,-0.00271318000000000000,0.00000000000000000000,0.00000000000000000000,-0.00271318000000000000,105.67074318000000000000,SETTLEMENT,2026-02-09 16:00:00
531298197,USDT,ETHUSDT,TRADE,SELL,0.03000000000000000000,0.06000000000000000000,2045.00000000000000000000,0.00000000000000000000,-0.02208600000000000000,0.30000000000000000000,0.27791400000000000000,105.67345636000000000000,CLOSE,2026-02-09 14:40:07
531298197,USDT,ETHUSDT,TRADE,SELL,0.03000000000000000000,0.09000000000000000000,2035.00000000000000000000,0.00000000000000000000,-0.02197800000000000000,0.00000000000000000000,-0.02197800000000000000,105.39554236000000000000,CLOSE,2026-02-09 14:37:41
531298197,USDT,ETHUSDT,TRADE,BUY,0.03000000000000000000,0.12000000000000000000,2010.00000000000000000000,0.00000000000000000000,-0.02170800000000000000,0.00000000000000000000,-0.02170800000000000000,105.41752036000000000000,OPEN,2026-02-09 14:11:31
531298197,USDT,ETHUSDT,TRADE,BUY,0.03000000000000000000,0.09000000000000000000,2010.00000000000000000000,0.00000000000000000000,-0.02170800000000000000,0.00000000000000000000,-0.02170800000000000000,105.43922836000000000000,OPEN,2026-02-09 14:11:31
531298197,USDT,ETHUSDT,TRADE,BUY,0.03000000000000000000,0.06000000000000000000,2060.00000000000000000000,0.00000000000000000000,-0.02224800000000000000,0.00000000000000000000,-0.02224800000000000000,105.46093636000000000000,OPEN,2026-02-09 08:21:14
531298197,USDT,ETHUSDT,TRADE,BUY,0.03000000000000000000,0.03000000000000000000,2060.00000000000000000000,0.00000000000000000000,-0.02224800000000000000,0.00000000000000000000,-0.02224800000000000000,105.48318436000000000000,OPEN,2026-02-09 08:21:14
531298197,USDT,ETHUSDT,TRADE,SELL,0.03000000000000000000,0.00000000000000000000,2095.00000000000000000000,0.00000000000000000000,-0.02262600000000000000,1.05000000000000000000,1.02737400000000000000,105.50543236000000000000,CLOSE,2026-02-09 03:34:38
531298197,USDT,ETHUSDT,TRADE,SELL,0.03000000000000000000,0.03000000000000000000,2085.00000000000000000000,0.00000000000000000000,-0.02251800000000000000,0.75000000000000000000,0.72748200000000000000,104.47805836000000000000,CLOSE,2026-02-09 02:41:08
531298197,USDT,ETHUSDT,TRADE,BUY,0.03000000000000000000,0.06000000000000000000,2060.00000000000000000000,0.00000000000000000000,-0.02224800000000000000,0.00000000000000000000,-0.02224800000000000000,103.75057636000000000000,OPEN,2026-02-09 01:42:06
531298197,USDT,ETHUSDT,TRADE,BUY,0.03000000000000000000,0.03000000000000000000,2060.00000000000000000000,0.00000000000000000000,-0.02224800000000000000,0.00000000000000000000,-0.02224800000000000000,103.77282436000000000000,OPEN,2026-02-09 01:42:06
531298197,USDT,ETHUSDT,TRADE,BUY,0.03000000000000000000,0.00000000000000000000,2105.00000000000000000000,0.00000000000000000000,-0.02273400000000000000,1.05000000000000000000,1.02726600000000000000,103.79507236000000000000,CLOSE,2026-02-08 23:22:57
531298197,USDT,ETHUSDT,TRADE,BUY,0.03000000000000000000,-0.03000000000000000000,2115.00000000000000000000,0.00000000000000000000,-0.02284200000000000000,0.75000000000000000000,0.72715800000000000000,102.76780636000000000000,CLOSE,2026-02-08 23:12:30
531298197,USDT,ETHUSDT,TRADE,SELL,0.03000000000000000000,-0.03000000000000000000,2140.00000000000000000000,0.00000000000000000000,-0.02311200000000000000,0.00000000000000000000,-0.02311200000000000000,102.06376036000000000000,OPEN,2026-02-08 23:06:40
531298197,USDT,ETHUSDT,TRADE,SELL,0.03000000000000000000,-0.06000000000000000000,2140.00000000000000000000,0.00000000000000000000,-0.02311200000000000000,0.00000000000000000000,-0.02311200000000000000,102.04064836000000000000,OPEN,2026-02-08 23:06:40
531298197,USDT,ETHUSDT,TRADE,BUY,0.03000000000000000000,0.00000000000000000000,2105.00000000000000000000,0.00000000000000000000,-0.02273400000000000000,1.05000000000000000000,1.02726600000000000000,102.08687236000000000000,CLOSE,2026-02-08 15:26:15
531298197,USDT,ETHUSDT,TRADE,BUY,0.03000000000000000000,-0.03000000000000000000,2115.00000000000000000000,0.00000000000000000000,-0.02284200000000000000,0.75000000000000000000,0.72715800000000000000,101.05960636000000000000,CLOSE,2026-02-08 14:22:10
531298197,USDT,ETHUSDT,TRADE,SELL,0.03000000000000000000,-0.03000000000000000000,2140.00000000000000000000,0.00000000000000000000,-0.02311200000000000000,0.00000000000000000000,-0.02311200000000000000,100.35556036000000000000,OPEN,2026-02-08 12:37:47
531298197,USDT,ETHUSDT,TRADE,SELL,0.03000000000000000000,-0.06000000000000000000,2140.00000000000000000000,0.00000000000000000000,-0.02311200000000000000,0.00000000000000000000,-0.02311200000000000000,100.33244836000000000000,OPEN,2026-02-08 12:37:47
531298197,USDT,ETHUSDT,TRADE,SELL,0.03000000000000000000,0.00000000000000000000,2095.00000000000000000000,0.00000000000000000000,-0.02262600000000000000,1.95307500000000000000,1.93044900000000000000,100.37867236000000000000,CLOSE,2026-02-07 18:22:33
531298197,USDT,ETHUSDT,TRADE,SELL,0.03000000000000000000,0.03000000000000000000,2085.00000000000000000000,0.00000000000000000000,-0.02251800000000000000,1.65307500000000000000,1.63055700000000000000,98.44822336000000000000,CLOSE,2026-02-07 18:21:31
531298197,USDT,ETHUSDT,TRADE,SELL,0.03000000000000000000,0.06000000000000000000,2059.79000000000000000000,0.00000000000000000000,-0.06179370000000000000,0.89677500000000000000,0.83498130000000000000,96.81766636000000000000,CLOSE,2026-02-07 16:17:28
531298197,USDT,ETHUSDT,TRADE,SELL,0.01000000000000000000,0.11000000000000000000,2050.39000000000000000000,0.00000000000000000000,-0.02050390000000000000,0.20492500000000000000,0.18442110000000000000,95.61404266000000000000,CLOSE,2026-02-07 16:17:24
531298197,USDT,ETHUSDT,TRADE,SELL,0.02000000000000000000,0.09000000000000000000,2050.38000000000000000000,0.00000000000000000000,-0.04100760000000000000,0.40965000000000000000,0.36864240000000000000,95.98268506000000000000,CLOSE,2026-02-07 16:17:24
531298197,USDT,ETHUSDT,TRADE,BUY,0.03000000000000000000,0.09000000000000000000,2010.00000000000000000000,0.00000000000000000000,-0.02170800000000000000,0.00000000000000000000,-0.02170800000000000000,95.45132956000000000000,OPEN,2026-02-07 16:17:15
531298197,USDT,ETHUSDT,TRADE,BUY,0.03000000000000000000,0.12000000000000000000,2010.00000000000000000000,0.00000000000000000000,-0.02170800000000000000,0.00000000000000000000,-0.02170800000000000000,95.42962156000000000000,OPEN,2026-02-07 16:17:15
531298197,USDT,ETHUSDT,TRADE,BUY,0.03000000000000000000,0.06000000000000000000,2039.59000000000000000000,0.00000000000000000000,-0.06118770000000000000,0.00000000000000000000,-0.06118770000000000000,95.47303756000000000000,OPEN,2026-02-07 16:16:49
531298197,USDT,ETHUSDT,TRADE,BUY,0.03000000000000000000,0.03000000000000000000,2060.00000000000000000000,0.00000000000000000000,-0.02224800000000000000,0.00000000000000000000,-0.02224800000000000000,95.53422526000000000000,OPEN,2026-02-07 16:16:41
531298197,USDT,ETHUSDT,TRADE,SELL,0.03000000000000000000,0.00000000000000000000,2095.00000000000000000000,0.00000000000000000000,-0.02262600000000000000,1.17480000000000000000,1.15217400000000000000,95.55647326000000000000,CLOSE,2026-02-07 16:16:37
531298197,USDT,ETHUSDT,TRADE,SELL,0.03000000000000000000,0.03000000000000000000,2085.00000000000000000000,0.00000000000000000000,-0.02251800000000000000,0.87480000000000000000,0.85228200000000000000,94.40429926000000000000,CLOSE,2026-02-07 16:16:36
531298197,USDT,ETHUSDT,TRADE,BUY,0.03000000000000000000,0.06000000000000000000,2060.00000000000000000000,0.00000000000000000000,-0.02224800000000000000,0.00000000000000000000,-0.02224800000000000000,93.55201726000000000000,OPEN,2026-02-07 16:15:41
531298197,USDT,ETHUSDT,TRADE,SELL,0.03000000000000000000,0.03000000000000000000,2085.00000000000000000000,0.00000000000000000000,-0.02251800000000000000,0.99960000000000000000,0.97708200000000000000,93.57426526000000000000,CLOSE,2026-02-07 16:15:40
531298197,USDT,ETHUSDT,TRADE,BUY,0.03000000000000000000,0.06000000000000000000,2049.41000000000000000000,0.00000000000000000000,-0.06148230000000000000,0.00000000000000000000,-0.06148230000000000000,92.59718326000000000000,OPEN,2026-02-07 16:15:23
531298197,USDT,ETHUSDT,TRADE,BUY,0.03000000000000000000,0.03000000000000000000,2053.95000000000000000000,0.00000000000000000000,-0.06161850000000000000,0.00000000000000000000,-0.06161850000000000000,92.65866556000000000000,OPEN,2026-02-07 16:15:22
531298197,USDT,ETHUSDT,TRADE,SELL,0.03000000000000000000,0.00000000000000000000,2095.00000000000000000000,0.00000000000000000000,-0.02262600000000000000,1.38333333000000000000,1.36070733000000000000,92.72028406000000000000,CLOSE,2026-02-07 16:15:18
531298197,USDT,ETHUSDT,TRADE,SELL,0.03000000000000000000,0.03000000000000000000,2085.00000000000000000000,0.00000000000000000000,-0.02251800000000000000,1.08333333000000000000,1.06081533000000000000,91.35957673000000000000,CLOSE,2026-02-07 16:15:17
531298197,USDT,ETHUSDT,TRADE,BUY,0.03000000000000000000,0.06000000000000000000,2060.00000000000000000000,0.00000000000000000000,-0.02224800000000000000,0.00000000000000000000,-0.02224800000000000000,90.29876140000000000000,OPEN,2026-02-07 16:14:15
531298197,USDT,ETHUSDT,TRADE,SELL,0.03000000000000000000,0.03000000000000000000,2066.56000000000000000000,0.00000000000000000000,-0.06199680000000000000,0.86346667000000000000,0.80146987000000000000,90.32100940000000000000,CLOSE,2026-02-07 16:14:12
531298197,USDT,ETHUSDT,TRADE,SELL,0.03000000000000000000,0.06000000000000000000,2095.00000000000000000000,0.00000000000000000000,-0.02262600000000000000,1.71666667000000000000,1.69404067000000000000,89.51953953000000000000,CLOSE,2026-02-07 16:14:01
531298197,USDT,ETHUSDT,TRADE,BUY,0.03000000000000000000,0.09000000000000000000,2060.00000000000000000000,0.00000000000000000000,-0.02224800000000000000,0.00000000000000000000,-0.02224800000000000000,87.82549886000000000000,OPEN,2026-02-07 16:14:00
531298197,USDT,ETHUSDT,TRADE,SELL,0.03000000000000000000,0.06000000000000000000,2053.23000000000000000000,0.00000000000000000000,-0.06159690000000000000,0.79690000000000000000,0.73530310000000000000,87.84774686000000000000,CLOSE,2026-02-07 16:14:00
531298197,USDT,ETHUSDT,TRADE,BUY,0.03000000000000000000,0.09000000000000000000,2010.00000000000000000000,0.00000000000000000000,-0.02170800000000000000,0.00000000000000000000,-0.02170800000000000000,87.11244376000000000000,OPEN,2026-02-07 16:13:55
531298197,USDT,ETHUSDT,TRADE,BUY,0.03000000000000000000,0.06000000000000000000,2010.00000000000000000000,0.00000000000000000000,-0.02170800000000000000,0.00000000000000000000,-0.02170800000000000000,87.13415176000000000000,OPEN,2026-02-07 16:13:55
531298197,USDT,ETHUSDT,TRADE,SELL,0.03000000000000000000,0.03000000000000000000,2085.00000000000000000000,0.00000000000000000000,-0.02251800000000000000,0.75000000000000000000,0.72748200000000000000,87.15585976000000000000,CLOSE,2026-02-07 16:13:48
531298197,USDT,ETHUSDT,TRADE,BUY,0.03000000000000000000,0.06000000000000000000,2060.00000000000000000000,0.00000000000000000000,-0.02224800000000000000,0.00000000000000000000,-0.02224800000000000000,86.42837776000000000000,OPEN,2026-02-07 16:13:21
531298197,USDT,ETHUSDT,TRADE,BUY,0.03000000000000000000,0.03000000000000000000,2060.00000000000000000000,0.00000000000000000000,-0.02224800000000000000,0.00000000000000000000,-0.02224800000000000000,86.45062576000000000000,OPEN,2026-02-07 16:13:21
531298197,USDT,ETHUSDT,TRADE,SELL,0.03000000000000000000,0.03000000000000000000,2082.50000000000000000000,0.00000000000000000000,-0.06247500000000000000,1.84059166000000000000,1.77811666000000000000,84.27990810000000000000,CLOSE,2026-02-07 16:13:17
531298197,USDT,ETHUSDT,TRADE,SELL,0.03000000000000000000,0.00000000000000000000,2095.00000000000000000000,0.00000000000000000000,-0.02262600000000000000,2.21559166000000000000,2.19296566000000000000,86.47287376000000000000,CLOSE,2026-02-07 16:13:17
531298197,USDT,ETHUSDT,TRADE,SELL,0.03000000000000000000,0.06000000000000000000,2085.00000000000000000000,0.00000000000000000000,-0.02251800000000000000,1.91559167000000000000,1.89307367000000000000,82.50179144000000000000,CLOSE,2026-02-07 16:13:17
531298197,USDT,ETHUSDT,TRADE,SELL,0.03000000000000000000,0.09000000000000000000,2035.00000000000000000000,0.00000000000000000000,-0.02197800000000000000,0.41559167000000000000,0.39361367000000000000,80.60871777000000000000,CLOSE,2026-02-07 16:13:05
531298197,USDT,ETHUSDT,TRADE,BUY,0.03000000000000000000,0.12000000000000000000,2026.81000000000000000000,0.00000000000000000000,-0.06080430000000000000,0.00000000000000000000,-0.06080430000000000000,80.21510410000000000000,OPEN,2026-02-07 16:13:05
531298197,USDT,ETHUSDT,TRADE,BUY,0.03000000000000000000,0.06000000000000000000,2010.00000000000000000000,0.00000000000000000000,-0.02170800000000000000,0.00000000000000000000,-0.02170800000000000000,80.29761640000000000000,OPEN,2026-02-07 16:13:04
531298197,USDT,ETHUSDT,TRADE,BUY,0.03000000000000000000,0.09000000000000000000,2010.00000000000000000000,0.00000000000000000000,-0.02170800000000000000,0.00000000000000000000,-0.02170800000000000000,80.27590840000000000000,OPEN,2026-02-07 16:13:04
531298197,USDT,ETHUSDT,TRADE,SELL,0.03000000000000000000,0.03000000000000000000,2085.00000000000000000000,0.00000000000000000000,-0.02251800000000000000,1.41666666000000000000,1.39414866000000000000,80.31932440000000000000,CLOSE,2026-02-07 16:13:01
531298197,USDT,ETHUSDT,TRADE,SELL,0.03000000000000000000,0.06000000000000000000,2056.81000000000000000000,0.00000000000000000000,-0.06170430000000000000,0.57096667000000000000,0.50926237000000000000,78.92517574000000000000,CLOSE,2026-02-07 16:12:42
531298197,USDT,ETHUSDT,TRADE,BUY,0.03000000000000000000,0.09000000000000000000,2060.00000000000000000000,0.00000000000000000000,-0.02224800000000000000,0.00000000000000000000,-0.02224800000000000000,78.41591337000000000000,OPEN,2026-02-07 16:12:34
531298197,USDT,ETHUSDT,TRADE,SELL,0.02000000000000000000,0.06000000000000000000,2060.06000000000000000000,0.00000000000000000000,-0.04120120000000000000,0.66786667000000000000,0.62666547000000000000,78.43816137000000000000,CLOSE,2026-02-07 16:12:33
531298197,USDT,ETHUSDT,TRADE,SELL,0.01000000000000000000,0.08000000000000000000,2060.16000000000000000000,0.00000000000000000000,-0.02060160000000000000,0.33493334000000000000,0.31433174000000000000,77.81149590000000000000,CLOSE,2026-02-07 16:12:33
531298197,USDT,ETHUSDT,TRADE,BUY,0.03000000000000000000,0.09000000000000000000,2010.00000000000000000000,0.00000000000000000000,-0.02170800000000000000,0.00000000000000000000,-0.02170800000000000000,77.49716416000000000000,OPEN,2026-02-07 16:12:30
531298197,USDT,ETHUSDT,TRADE,BUY,0.03000000000000000000,0.06000000000000000000,2010.00000000000000000000,0.00000000000000000000,-0.02170800000000000000,0.00000000000000000000,-0.02170800000000000000,77.51887216000000000000,OPEN,2026-02-07 16:12:30
531298197,USDT,ETHUSDT,TRADE,BUY,0.03000000000000000000,0.03000000000000000000,2060.00000000000000000000,0.00000000000000000000,-0.02224800000000000000,0.00000000000000000000,-0.02224800000000000000,77.54058016000000000000,OPEN,2026-02-07 16:12:26
531298197,USDT,ETHUSDT,TRADE,SELL,0.03000000000000000000,0.00000000000000000000,2085.00000000000000000000,0.00000000000000000000,-0.02251800000000000000,0.75000000000000000000,0.72748200000000000000,77.56282816000000000000,CLOSE,2026-02-07 16:12:26
531298197,USDT,ETHUSDT,TRADE,BUY,0.03000000000000000000,0.03000000000000000000,2060.00000000000000000000,0.00000000000000000000,-0.02224800000000000000,0.00000000000000000000,-0.02224800000000000000,76.83534616000000000000,OPEN,2026-02-07 16:12:11
531298197,USDT,ETHUSDT,TRADE,SELL,0.03000000000000000000,0.00000000000000000000,2095.00000000000000000000,0.00000000000000000000,-0.02262600000000000000,1.12680000000000000000,1.10417400000000000000,76.85759416000000000000,CLOSE,2026-02-07 16:12:08
531298197,USDT,ETHUSDT,TRADE,SELL,0.03000000000000000000,0.03000000000000000000,2085.00000000000000000000,0.00000000000000000000,-0.02251800000000000000,0.82680000000000000000,0.80428200000000000000,75.75342016000000000000,CLOSE,2026-02-07 16:11:59
531298197,USDT,ETHUSDT,TRADE,BUY,0.03000000000000000000,0.06000000000000000000,2054.88000000000000000000,0.00000000000000000000,-0.06164640000000000000,0.00000000000000000000,-0.06164640000000000000,74.94913816000000000000,OPEN,2026-02-07 16:11:43
531298197,USDT,ETHUSDT,TRADE,BUY,0.03000000000000000000,0.03000000000000000000,2060.00000000000000000000,0.00000000000000000000,-0.02224800000000000000,0.00000000000000000000,-0.02224800000000000000,75.01078456000000000000,OPEN,2026-02-07 16:11:41
531298197,USDT,ETHUSDT,TRADE,SELL,0.03000000000000000000,0.00000000000000000000,2085.00000000000000000000,0.00000000000000000000,-0.02251800000000000000,1.05840000000000000000,1.03588200000000000000,75.03303256000000000000,CLOSE,2026-02-07 16:11:39
531298197,USDT,ETHUSDT,TRADE,BUY,0.03000000000000000000,0.03000000000000000000,2049.72000000000000000000,0.00000000000000000000,-0.06149160000000000000,0.00000000000000000000,-0.06149160000000000000,73.99715056000000000000,OPEN,2026-02-07 16:11:24
531298197,USDT,ETHUSDT,TRADE,SELL,0.03000000000000000000,0.00000000000000000000,2095.00000000000000000000,0.00000000000000000000,-0.02262600000000000000,1.05000000000000000000,1.02737400000000000000,74.05864216000000000000,CLOSE,2026-02-07 16:11:22
531298197,USDT,ETHUSDT,TRADE,SELL,0.03000000000000000000,0.03000000000000000000,2085.00000000000000000000,0.00000000000000000000,-0.02251800000000000000,0.75000000000000000000,0.72748200000000000000,73.03126816000000000000,CLOSE,2026-02-07 16:11:21
531298197,USDT,ETHUSDT,TRADE,BUY,0.03000000000000000000,0.06000000000000000000,2060.00000000000000000000,0.00000000000000000000,-0.02224800000000000000,0.00000000000000000000,-0.02224800000000000000,72.30378616000000000000,OPEN,2026-02-07 16:11:15
531298197,USDT,ETHUSDT,TRADE,BUY,0.03000000000000000000,0.03000000000000000000,2060.00000000000000000000,0.00000000000000000000,-0.02224800000000000000,0.00000000000000000000,-0.02224800000000000000,72.32603416000000000000,OPEN,2026-02-07 16:11:15
531298197,USDT,ETHUSDT,TRADE,SELL,0.03000000000000000000,0.00000000000000000000,2070.31000000000000000000,0.00000000000000000000,-0.06210930000000000000,1.05930000000000000000,0.99719070000000000000,72.34828216000000000000,CLOSE,2026-02-07 16:11:14
531298197,USDT,ETHUSDT,TRADE,SELL,0.03000000000000000000,0.03000000000000000000,2095.00000000000000000000,0.00000000000000000000,-0.02262600000000000000,1.80000000000000000000,1.77737400000000000000,71.35109146000000000000,CLOSE,2026-02-07 16:11:11
531298197,USDT,ETHUSDT,TRADE,SELL,0.03000000000000000000,0.06000000000000000000,2082.07000000000000000000,0.00000000000000000000,-0.06246210000000000000,1.41210000000000000000,1.34963790000000000000,69.57371746000000000000,CLOSE,2026-02-07 16:11:09
531298197,USDT,ETHUSDT,TRADE,SELL,0.03000000000000000000,0.09000000000000000000,2085.00000000000000000000,0.00000000000000000000,-0.02251800000000000000,1.50000000000000000000,1.47748200000000000000,68.22407956000000000000,CLOSE,2026-02-07 16:11:08
531298197,USDT,ETHUSDT,TRADE,BUY,0.03000000000000000000,0.09000000000000000000,2010.00000000000000000000,0.00000000000000000000,-0.02170800000000000000,0.00000000000000000000,-0.02170800000000000000,66.76830556000000000000,OPEN,2026-02-07 16:11:00
531298197,USDT,ETHUSDT,TRADE,BUY,0.03000000000000000000,0.12000000000000000000,2010.00000000000000000000,0.00000000000000000000,-0.02170800000000000000,0.00000000000000000000,-0.02170800000000000000,66.74659756000000000000,OPEN,2026-02-07 16:11:00
531298197,USDT,ETHUSDT,TRADE,BUY,0.03000000000000000000,0.06000000000000000000,2060.00000000000000000000,0.00000000000000000000,-0.02224800000000000000,0.00000000000000000000,-0.02224800000000000000,66.79001356000000000000,OPEN,2026-02-07 16:09:40
531298197,USDT,ETHUSDT,TRADE,BUY,0.03000000000000000000,0.03000000000000000000,2060.00000000000000000000,0.00000000000000000000,-0.02224800000000000000,0.00000000000000000000,-0.02224800000000000000,66.81226156000000000000,OPEN,2026-02-07 16:09:40
531298197,USDT,ETHUSDT,TRADE,SELL,0.03000000000000000000,0.00000000000000000000,2069.27000000000000000000,0.00000000000000000000,-0.06207810000000000000,1.38442500000000000000,1.32234690000000000000,66.83450956000000000000,CLOSE,2026-02-07 16:09:37
531298197,USDT,ETHUSDT,TRADE,SELL,0.03000000000000000000,0.03000000000000000000,2099.84000000000000000000,0.00000000000000000000,-0.06299520000000000000,2.30152500000000000000,2.23852980000000000000,65.51216266000000000000,CLOSE,2026-02-07 16:09:35
531298197,USDT,ETHUSDT,TRADE,SELL,0.03000000000000000000,0.09000000000000000000,2085.00000000000000000000,0.00000000000000000000,-0.02251800000000000000,1.85632500000000000000,1.83380700000000000000,61.13993386000000000000,CLOSE,2026-02-07 16:09:32
531298197,USDT,ETHUSDT,TRADE,SELL,0.03000000000000000000,0.06000000000000000000,2095.00000000000000000000,0.00000000000000000000,-0.02262600000000000000,2.15632500000000000000,2.13369900000000000000,63.27363286000000000000,CLOSE,2026-02-07 16:09:32
531298197,USDT,ETHUSDT,TRADE,BUY,0.03000000000000000000,0.12000000000000000000,2010.00000000000000000000,0.00000000000000000000,-0.02170800000000000000,0.00000000000000000000,-0.02170800000000000000,59.30612686000000000000,OPEN,2026-02-07 16:09:30
531298197,USDT,ETHUSDT,TRADE,BUY,0.03000000000000000000,0.09000000000000000000,2010.00000000000000000000,0.00000000000000000000,-0.02170800000000000000,0.00000000000000000000,-0.02170800000000000000,59.32783486000000000000,OPEN,2026-02-07 16:09:30
531298197,USDT,ETHUSDT,TRADE,BUY,0.03000000000000000000,0.06000000000000000000,2037.49000000000000000000,0.00000000000000000000,-0.06112470000000000000,0.00000000000000000000,-0.06112470000000000000,59.34954286000000000000,OPEN,2026-02-07 16:09:26
531298197,USDT,ETHUSDT,TRADE,SELL,0.03000000000000000000,0.03000000000000000000,2085.00000000000000000000,0.00000000000000000000,-0.02251800000000000000,1.50000000000000000000,1.47748200000000000000,59.41066756000000000000,CLOSE,2026-02-07 16:09:15
531298197,USDT,ETHUSDT,TRADE,SELL,0.03000000000000000000,0.09000000000000000000,2069.29000000000000000000,0.00000000000000000000,-0.06207870000000000000,1.02870000000000000000,0.96662130000000000000,56.89403686000000000000,CLOSE,2026-02-07 16:09:11
531298197,USDT,ETHUSDT,TRADE,SELL,0.03000000000000000000,0.06000000000000000000,2071.71000000000000000000,0.00000000000000000000,-0.06215130000000000000,1.10130000000000000000,1.03914870000000000000,57.93318556000000000000,CLOSE,2026-02-07 16:09:11
531298197,USDT,ETHUSDT,TRADE,BUY,0.03000000000000000000,0.12000000000000000000,2010.00000000000000000000,0.00000000000000000000,-0.02170800000000000000,0.00000000000000000000,-0.02170800000000000000,55.92741556000000000000,OPEN,2026-02-07 16:09:05
531298197,USDT,ETHUSDT,TRADE,BUY,0.03000000000000000000,0.09000000000000000000,2010.00000000000000000000,0.00000000000000000000,-0.02170800000000000000,0.00000000000000000000,-0.02170800000000000000,55.94912356000000000000,OPEN,2026-02-07 16:09:05
531298197,USDT,ETHUSDT,TRADE,BUY,0.03000000000000000000,0.06000000000000000000,2060.00000000000000000000,0.00000000000000000000,-0.02224800000000000000,0.00000000000000000000,-0.02224800000000000000,55.97083156000000000000,OPEN,2026-02-07 16:08:58
531298197,USDT,ETHUSDT,TRADE,BUY,0.03000000000000000000,0.03000000000000000000,2060.00000000000000000000,0.00000000000000000000,-0.02224800000000000000,0.00000000000000000000,-0.02224800000000000000,55.99307956000000000000,OPEN,2026-02-07 16:08:58
531298197,USDT,ETHUSDT,TRADE,SELL,0.03000000000000000000,0.03000000000000000000,2085.00000000000000000000,0.00000000000000000000,-0.02251800000000000000,0.75000000000000000000,0.72748200000000000000,54.98795356000000000000,CLOSE,2026-02-07 16:08:51
531298197,USDT,ETHUSDT,TRADE,SELL,0.03000000000000000000,0.00000000000000000000,2095.00000000000000000000,0.00000000000000000000,-0.02262600000000000000,1.05000000000000000000,1.02737400000000000000,56.01532756000000000000,CLOSE,2026-02-07 16:08:51
531298197,USDT,ETHUSDT,TRADE,BUY,0.03000000000000000000,0.06000000000000000000,2060.00000000000000000000,0.00000000000000000000,-0.02224800000000000000,0.00000000000000000000,-0.02224800000000000000,54.26047156000000000000,OPEN,2026-02-07 16:08:27
531298197,USDT,ETHUSDT,TRADE,BUY,0.03000000000000000000,0.03000000000000000000,2060.00000000000000000000,0.00000000000000000000,-0.02224800000000000000,0.00000000000000000000,-0.02224800000000000000,54.28271956000000000000,OPEN,2026-02-07 16:08:27
531298197,USDT,ETHUSDT,TRADE,BUY,0.03000000000000000000,0.00000000000000000000,2105.00000000000000000000,0.00000000000000000000,-0.02273400000000000000,1.05000000000000000000,1.02726600000000000000,54.30496756000000000000,CLOSE,2026-02-07 16:05:51
531298197,USDT,ETHUSDT,TRADE,BUY,0.03000000000000000000,-0.03000000000000000000,2114.30000000000000000000,0.00000000000000000000,-0.06342900000000000000,0.77100000000000000000,0.70757100000000000000,53.27770156000000000000,CLOSE,2026-02-07 16:05:45
531298197,USDT,ETHUSDT,TRADE,SELL,0.03000000000000000000,-0.06000000000000000000,2140.00000000000000000000,0.00000000000000000000,-0.02311200000000000000,0.00000000000000000000,-0.02311200000000000000,52.57013056000000000000,OPEN,2026-02-07 16:05:42
531298197,USDT,ETHUSDT,TRADE,SELL,0.03000000000000000000,-0.03000000000000000000,2140.00000000000000000000,0.00000000000000000000,-0.02311200000000000000,0.00000000000000000000,-0.02311200000000000000,52.59324256000000000000,OPEN,2026-02-07 16:05:42
531298197,USDT,ETHUSDT,TRADE,SELL,0.03000000000000000000,0.00000000000000000000,2095.00000000000000000000,0.00000000000000000000,-0.02262600000000000000,2.59295625000000000000,2.57033025000000000000,52.61635456000000000000,CLOSE,2026-02-07 16:05:36
531298197,USDT,ETHUSDT,TRADE,SELL,0.03000000000000000000,0.03000000000000000000,2085.00000000000000000000,0.00000000000000000000,-0.02251800000000000000,2.29295625000000000000,2.27043825000000000000,50.04602431000000000000,CLOSE,2026-02-07 16:05:35
531298197,USDT,ETHUSDT,TRADE,SELL,0.03000000000000000000,0.06000000000000000000,2045.00000000000000000000,0.00000000000000000000,-0.02208600000000000000,1.09295625000000000000,1.07087025000000000000,47.77558606000000000000,CLOSE,2026-02-07 16:05:25
531298197,USDT,ETHUSDT,TRADE,SELL,0.03000000000000000000,0.09000000000000000000,2035.00000000000000000000,0.00000000000000000000,-0.02197800000000000000,0.79295625000000000000,0.77097825000000000000,46.70471581000000000000,CLOSE,2026-02-07 16:05:24
531298197,USDT,ETHUSDT,TRADE,BUY,0.03000000000000000000,0.12000000000000000000,1990.21000000000000000000,0.00000000000000000000,-0.05970630000000000000,0.00000000000000000000,-0.05970630000000000000,45.93373756000000000000,OPEN,2026-02-07 16:05:19
531298197,USDT,ETHUSDT,TRADE,SELL,0.03000000000000000000,0.09000000000000000000,2035.00000000000000000000,0.00000000000000000000,-0.02197800000000000000,0.60937500000000000000,0.58739700000000000000,45.99344386000000000000,CLOSE,2026-02-07 16:05:16
531298197,USDT,ETHUSDT,TRADE,BUY,0.03000000000000000000,0.09000000000000000000,2010.00000000000000000000,0.00000000000000000000,-0.02170800000000000000,0.00000000000000000000,-0.02170800000000000000,45.42775486000000000000,OPEN,2026-02-07 16:05:14
531298197,USDT,ETHUSDT,TRADE,BUY,0.03000000000000000000,0.12000000000000000000,2010.00000000000000000000,0.00000000000000000000,-0.02170800000000000000,0.00000000000000000000,-0.02170800000000000000,45.40604686000000000000,OPEN,2026-02-07 16:05:14
531298197,USDT,ETHUSDT,SETTLEMENT,BUY,--,0.06000000000000000000,--,-0.00088862000000000000,0.00000000000000000000,0.00000000000000000000,-0.00088862000000000000,45.44946286000000000000,SETTLEMENT,2026-02-07 16:00:00
531298197,USDT,ETHUSDT,TRADE,SELL,0.03000000000000000000,0.06000000000000000000,2045.00000000000000000000,0.00000000000000000000,-0.02208600000000000000,0.76875000000000000000,0.74666400000000000000,45.45035148000000000000,CLOSE,2026-02-07 15:21:17
531298197,USDT,ETHUSDT,TRADE,SELL,0.03000000000000000000,0.09000000000000000000,2035.00000000000000000000,0.00000000000000000000,-0.02197800000000000000,0.46875000000000000000,0.44677200000000000000,44.70368748000000000000,CLOSE,2026-02-07 15:05:17
531298197,USDT,ETHUSDT,TRADE,BUY,0.03000000000000000000,0.09000000000000000000,2010.00000000000000000000,0.00000000000000000000,-0.02170800000000000000,0.00000000000000000000,-0.02170800000000000000,44.27862348000000000000,OPEN,2026-02-07 14:48:45
531298197,USDT,ETHUSDT,TRADE,BUY,0.03000000000000000000,0.12000000000000000000,2010.00000000000000000000,0.00000000000000000000,-0.02170800000000000000,0.00000000000000000000,-0.02170800000000000000,44.25691548000000000000,OPEN,2026-02-07 14:48:45
531298197,USDT,ETHUSDT,TRADE,SELL,0.03000000000000000000,0.06000000000000000000,2045.00000000000000000000,0.00000000000000000000,-0.02208600000000000000,0.48750000000000000000,0.46541400000000000000,44.30033148000000000000,CLOSE,2026-02-07 12:09:05
531298197,USDT,ETHUSDT,TRADE,SELL,0.03000000000000000000,0.09000000000000000000,2035.00000000000000000000,0.00000000000000000000,-0.02197800000000000000,0.18750000000000000000,0.16552200000000000000,43.83491748000000000000,CLOSE,2026-02-07 12:07:01
531298197,USDT,ETHUSDT,TRADE,BUY,0.03000000000000000000,0.12000000000000000000,2010.00000000000000000000,0.00000000000000000000,-0.02170800000000000000,0.00000000000000000000,-0.02170800000000000000,43.66939548000000000000,OPEN,2026-02-07 09:33:01
531298197,USDT,ETHUSDT,SETTLEMENT,BUY,--,0.09000000000000000000,--,-0.00595481000000000000,0.00000000000000000000,0.00000000000000000000,-0.00595481000000000000,43.69110348000000000000,SETTLEMENT,2026-02-07 08:00:00
531298197,USDT,ETHUSDT,TRADE,SELL,0.03000000000000000000,0.09000000000000000000,2035.00000000000000000000,0.00000000000000000000,-0.02197800000000000000,0.00000000000000000000,-0.02197800000000000000,43.69705829000000000000,CLOSE,2026-02-07 07:41:44
531298197,USDT,ETHUSDT,TRADE,BUY,0.03000000000000000000,0.09000000000000000000,2010.00000000000000000000,0.00000000000000000000,-0.02170800000000000000,0.00000000000000000000,-0.02170800000000000000,43.74074429000000000000,OPEN,2026-02-07 07:15:19
531298197,USDT,ETHUSDT,TRADE,BUY,0.03000000000000000000,0.12000000000000000000,2010.00000000000000000000,0.00000000000000000000,-0.02170800000000000000,0.00000000000000000000,-0.02170800000000000000,43.71903629000000000000,OPEN,2026-02-07 07:15:19
531298197,USDT,ETHUSDT,TRADE,BUY,0.03000000000000000000,0.03000000000000000000,2060.00000000000000000000,0.00000000000000000000,-0.02224800000000000000,0.00000000000000000000,-0.02224800000000000000,43.78470029000000000000,OPEN,2026-02-07 06:56:31
531298197,USDT,ETHUSDT,TRADE,BUY,0.03000000000000000000,0.06000000000000000000,2060.00000000000000000000,0.00000000000000000000,-0.02224800000000000000,0.00000000000000000000,-0.02224800000000000000,43.76245229000000000000,OPEN,2026-02-07 06:56:31
531298197,USDT,ETHUSDT,TRADE,SELL,0.03000000000000000000,0.00000000000000000000,2095.00000000000000000000,0.00000000000000000000,-0.02262600000000000000,1.14375000000000000000,1.12112400000000000000,43.80694829000000000000,CLOSE,2026-02-07 04:04:39
531298197,USDT,ETHUSDT,TRADE,SELL,0.03000000000000000000,0.03000000000000000000,2085.00000000000000000000,0.00000000000000000000,-0.02251800000000000000,0.84375000000000000000,0.82123200000000000000,42.68582429000000000000,CLOSE,2026-02-07 03:53:05
531298197,USDT,ETHUSDT,SETTLEMENT,BUY,--,0.06000000000000000000,--,-0.01048902000000000000,0.00000000000000000000,0.00000000000000000000,-0.01048902000000000000,41.86459229000000000000,SETTLEMENT,2026-02-07 00:00:00
531298197,USDT,ETHUSDT,TRADE,BUY,0.03000000000000000000,0.06000000000000000000,2060.00000000000000000000,0.00000000000000000000,-0.02224800000000000000,0.00000000000000000000,-0.02224800000000000000,41.87508131000000000000,OPEN,2026-02-06 23:17:34
531298197,USDT,ETHUSDT,TRADE,SELL,0.03000000000000000000,0.03000000000000000000,2085.00000000000000000000,0.00000000000000000000,-0.02251800000000000000,0.93750000000000000000,0.91498200000000000000,41.89732931000000000000,CLOSE,2026-02-06 22:38:35
531298197,USDT,ETHUSDT,TRADE,BUY,0.03000000000000000000,0.06000000000000000000,2060.00000000000000000000,0.00000000000000000000,-0.02224800000000000000,0.00000000000000000000,-0.02224800000000000000,40.98234731000000000000,OPEN,2026-02-06 20:55:32
531298197,USDT,ETHUSDT,TRADE,SELL,0.03000000000000000000,0.03000000000000000000,2085.00000000000000000000,0.00000000000000000000,-0.02251800000000000000,1.12500000000000000000,1.10248200000000000000,41.00459531000000000000,CLOSE,2026-02-06 20:35:42
531298197,USDT,ETHUSDT,TRADE,BUY,0.03000000000000000000,0.06000000000000000000,2060.00000000000000000000,0.00000000000000000000,-0.02224800000000000000,0.00000000000000000000,-0.02224800000000000000,39.90211331000000000000,OPEN,2026-02-06 17:53:54
531298197,USDT,ETHUSDT,TRADE,SELL,0.01000000000000000000,0.05000000000000000000,2085.00000000000000000000,0.00000000000000000000,-0.00750600000000000000,0.50000000000000000000,0.49249400000000000000,38.93937331000000000000,CLOSE,2026-02-06 17:32:54
531298197,USDT,ETHUSDT,TRADE,SELL,0.02000000000000000000,0.03000000000000000000,2085.00000000000000000000,0.00000000000000000000,-0.01501200000000000000,1.00000000000000000000,0.98498800000000000000,39.92436131000000000000,CLOSE,2026-02-06 17:32:54
531298197,USDT,ETHUSDT,TRADE,SELL,0.03000000000000000000,0.06000000000000000000,2045.00000000000000000000,0.00000000000000000000,-0.02208600000000000000,0.30000000000000000000,0.27791400000000000000,38.44687931000000000000,CLOSE,2026-02-06 16:53:26
531298197,USDT,ETHUSDT,TRADE,SELL,0.03000000000000000000,0.09000000000000000000,2035.00000000000000000000,0.00000000000000000000,-0.02197800000000000000,0.00000000000000000000,-0.02197800000000000000,38.16896531000000000000,CLOSE,2026-02-06 16:28:17
531298197,USDT,ETHUSDT,SETTLEMENT,BUY,--,0.12000000000000000000,--,-0.02063923000000000000,0.00000000000000000000,0.00000000000000000000,-0.02063923000000000000,38.19094331000000000000,SETTLEMENT,2026-02-06 16:00:00
531298197,USDT,ETHUSDT,SETTLEMENT,BUY,--,0.12000000000000000000,--,-0.00416333000000000000,0.00000000000000000000,0.00000000000000000000,-0.00416333000000000000,38.21158254000000000000,SETTLEMENT,2026-02-06 08:00:00
531298197,USDT,ETHUSDT,SETTLEMENT,BUY,--,0.12000000000000000000,--,0.01910287000000000000,0.00000000000000000000,0.00000000000000000000,0.01910287000000000000,38.21574587000000000000,SETTLEMENT,2026-02-06 00:00:00
531298197,USDT,ETHUSDT,SETTLEMENT,BUY,--,0.12000000000000000000,--,-0.00642184000000000000,0.00000000000000000000,0.00000000000000000000,-0.00642184000000000000,38.19664300000000000000,SETTLEMENT,2026-02-05 16:00:00
531298197,USDT,ETH-27MAR26-2000-C-USDT,TRADE,BUY,0.20000000000000000000,0.20000000000000000000,210.00000000000000000000,0.00000000000000000000,-0.07859471000000000000,-42.00000000000000000000,-42.07859471000000000000,38.20306484000000000000,OPEN,2026-02-05 15:23:21
531298197,USDT,ETHUSDT,TRADE,BUY,0.03000000000000000000,0.12000000000000000000,2010.00000000000000000000,0.00000000000000000000,-0.02170800000000000000,0.00000000000000000000,-0.02170800000000000000,80.28165955000000000000,OPEN,2026-02-05 15:07:25
531298197,USDT,ETHUSDT,TRADE,BUY,0.03000000000000000000,0.09000000000000000000,2010.00000000000000000000,0.00000000000000000000,-0.02170800000000000000,0.00000000000000000000,-0.02170800000000000000,80.30336755000000000000,OPEN,2026-02-05 15:07:25
531298197,USDT,ETHUSDT,TRADE,BUY,0.03000000000000000000,0.03000000000000000000,2060.00000000000000000000,0.00000000000000000000,-0.02224800000000000000,0.00000000000000000000,-0.02224800000000000000,80.34732355000000000000,OPEN,2026-02-05 14:55:26
531298197,USDT,ETHUSDT,TRADE,BUY,0.03000000000000000000,0.06000000000000000000,2060.00000000000000000000,0.00000000000000000000,-0.02224800000000000000,0.00000000000000000000,-0.02224800000000000000,80.32507555000000000000,OPEN,2026-02-05 14:55:26
531298197,USDT,ETHUSDT,TRADE,SELL,0.03000000000000000000,0.00000000000000000000,2095.00000000000000000000,0.00000000000000000000,-0.02262600000000000000,1.05000000000000000000,1.02737400000000000000,80.36957155000000000000,CLOSE,2026-02-05 14:35:14
531298197,USDT,ETHUSDT,TRADE,SELL,0.03000000000000000000,0.03000000000000000000,2085.00000000000000000000,0.00000000000000000000,-0.02251800000000000000,0.75000000000000000000,0.72748200000000000000,79.34219755000000000000,CLOSE,2026-02-05 14:31:31
531298197,USDT,ETHUSDT,TRADE,BUY,0.03000000000000000000,0.06000000000000000000,2060.00000000000000000000,0.00000000000000000000,-0.02224800000000000000,0.00000000000000000000,-0.02224800000000000000,78.61471555000000000000,OPEN,2026-02-05 14:15:57
531298197,USDT,ETHUSDT,TRADE,SELL,0.03000000000000000000,0.03000000000000000000,2085.00000000000000000000,0.00000000000000000000,-0.02251800000000000000,0.75000000000000000000,0.72748200000000000000,78.63696355000000000000,CLOSE,2026-02-05 14:02:32
531298197,USDT,ETHUSDT,TRADE,BUY,0.03000000000000000000,0.03000000000000000000,2060.00000000000000000000,0.00000000000000000000,-0.02224800000000000000,0.00000000000000000000,-0.02224800000000000000,77.93172955000000000000,OPEN,2026-02-05 12:15:59
531298197,USDT,ETHUSDT,TRADE,BUY,0.03000000000000000000,0.06000000000000000000,2060.00000000000000000000,0.00000000000000000000,-0.02224800000000000000,0.00000000000000000000,-0.02224800000000000000,77.90948155000000000000,OPEN,2026-02-05 12:15:59
531298197,USDT,ETHUSDT,TRADE,SELL,0.03000000000000000000,0.00000000000000000000,2095.00000000000000000000,0.00000000000000000000,-0.02262600000000000000,1.05000000000000000000,1.02737400000000000000,77.95397755000000000000,CLOSE,2026-02-05 11:40:59
531298197,USDT,ETHUSDT,TRADE,SELL,0.03000000000000000000,0.03000000000000000000,2085.00000000000000000000,0.00000000000000000000,-0.02251800000000000000,0.75000000000000000000,0.72748200000000000000,76.92660355000000000000,CLOSE,2026-02-05 11:39:01
531298197,USDT,ETHUSDT,TRADE,BUY,0.03000000000000000000,0.06000000000000000000,2060.00000000000000000000,0.00000000000000000000,-0.02224800000000000000,0.00000000000000000000,-0.02224800000000000000,76.19912155000000000000,OPEN,2026-02-05 11:24:37
531298197,USDT,ETHUSDT,TRADE,BUY,0.03000000000000000000,0.03000000000000000000,2060.00000000000000000000,0.00000000000000000000,-0.02224800000000000000,0.00000000000000000000,-0.02224800000000000000,76.22136955000000000000,OPEN,2026-02-05 11:24:37
531298197,USDT,ETHUSDT,TRADE,BUY,0.03000000000000000000,0.00000000000000000000,2105.00000000000000000000,0.00000000000000000000,-0.02273400000000000000,1.05000000000000000000,1.02726600000000000000,76.24361755000000000000,CLOSE,2026-02-05 10:52:22
531298197,USDT,ETHUSDT,TRADE,BUY,0.03000000000000000000,-0.03000000000000000000,2115.00000000000000000000,0.00000000000000000000,-0.02284200000000000000,0.75000000000000000000,0.72715800000000000000,75.21635155000000000000,CLOSE,2026-02-05 10:48:08
531298197,USDT,ETHUSDT,TRADE,SELL,0.03000000000000000000,-0.06000000000000000000,2140.00000000000000000000,0.00000000000000000000,-0.02311200000000000000,0.00000000000000000000,-0.02311200000000000000,74.48919355000000000000,OPEN,2026-02-05 09:08:12
531298197,USDT,ETHUSDT,TRADE,SELL,0.03000000000000000000,-0.03000000000000000000,2140.00000000000000000000,0.00000000000000000000,-0.02311200000000000000,0.00000000000000000000,-0.02311200000000000000,74.51230555000000000000,OPEN,2026-02-05 09:08:12
531298197,USDT,ETH-27FEB26-2100-P-USDT,TRADE,BUY,0.50000000000000000000,0.50000000000000000000,155.20000000000000000000,0.00000000000000000000,-0.31592680000000000000,-77.60000000000000000000,-77.91592680000000000000,74.53541755000000000000,OPEN,2026-02-05 05:00:29
531298197,USDT,ETH-27FEB26-2100-C-USDT,TRADE,BUY,0.30000000000000000000,0.50000000000000000000,175.80000000000000000000,0.00000000000000000000,-0.19090954000000000000,-52.74000000000000000000,-52.93090954000000000000,152.45134435000000000000,OPEN,2026-02-05 04:44:12
531298197,USDT,ETHUSDT,TRADE,BUY,0.01000000000000000000,0.00000000000000000000,2105.00000000000000000000,0.00000000000000000000,-0.00757800000000000000,0.35000000000000000000,0.34242200000000000000,205.38225389000000000000,CLOSE,2026-02-05 03:16:15
531298197,USDT,ETHUSDT,TRADE,BUY,0.01000000000000000000,-0.01000000000000000000,2115.00000000000000000000,0.00000000000000000000,-0.00761400000000000000,0.25000000000000000000,0.24238600000000000000,205.03983189000000000000,CLOSE,2026-02-05 03:06:18
531298197,USDT,ETHUSDT,TRADE,SELL,0.01000000000000000000,-0.02000000000000000000,2140.00000000000000000000,0.00000000000000000000,-0.00770400000000000000,0.00000000000000000000,-0.00770400000000000000,204.79744589000000000000,OPEN,2026-02-05 02:30:53
531298197,USDT,ETHUSDT,TRADE,BUY,0.01000000000000000000,-0.01000000000000000000,2115.00000000000000000000,0.00000000000000000000,-0.00761400000000000000,0.25000000000000000000,0.24238600000000000000,204.80514989000000000000,CLOSE,2026-02-05 02:16:59
531298197,USDT,ETHUSDT,SETTLEMENT,SELL,--,-0.02000000000000000000,--,0.00429462000000000000,0.00000000000000000000,0.00000000000000000000,0.00429462000000000000,204.56276389000000000000,SETTLEMENT,2026-02-05 00:00:00
531298197,USDT,ETHUSDT,TRADE,SELL,0.01000000000000000000,-0.02000000000000000000,2140.00000000000000000000,0.00000000000000000000,-0.00770400000000000000,0.00000000000000000000,-0.00770400000000000000,204.55846927000000000000,OPEN,2026-02-04 23:17:13
531298197,USDT,ETHUSDT,TRADE,BUY,0.01000000000000000000,-0.01000000000000000000,2115.00000000000000000000,0.00000000000000000000,-0.00761400000000000000,0.25000000000000000000,0.24238600000000000000,204.56617327000000000000,CLOSE,2026-02-04 22:57:49
531298197,USDT,ETHUSDT,TRADE,SELL,0.01000000000000000000,-0.02000000000000000000,2140.00000000000000000000,0.00000000000000000000,-0.00770400000000000000,0.00000000000000000000,-0.00770400000000000000,204.32378727000000000000,OPEN,2026-02-04 22:21:57
531298197,USDT,ETHUSDT,TRADE,SELL,0.01000000000000000000,-0.01000000000000000000,2140.00000000000000000000,0.00000000000000000000,-0.00770400000000000000,0.00000000000000000000,-0.00770400000000000000,204.33149127000000000000,OPEN,2026-02-04 22:21:57
531298197,USDT,ETHUSDT,TRADE,BUY,0.01000000000000000000,0.00000000000000000000,2105.00000000000000000000,0.00000000000000000000,-0.00757800000000000000,0.68405000000000000000,0.67647200000000000000,204.33919527000000000000,CLOSE,2026-02-04 22:04:08
531298197,USDT,ETHUSDT,TRADE,BUY,0.01000000000000000000,-0.01000000000000000000,2115.00000000000000000000,0.00000000000000000000,-0.00761400000000000000,0.58405000000000000000,0.57643600000000000000,203.66272327000000000000,CLOSE,2026-02-04 21:48:58
531298197,USDT,ETHUSDT,TRADE,SELL,0.01000000000000000000,-0.02000000000000000000,2174.03000000000000000000,0.00000000000000000000,-0.02174030000000000000,0.00000000000000000000,-0.02174030000000000000,203.08628727000000000000,OPEN,2026-02-04 20:42:31
531298197,USDT,ETHUSDT,TRADE,SELL,0.01000000000000000000,-0.01000000000000000000,2172.78000000000000000000,0.00000000000000000000,-0.02172780000000000000,0.00000000000000000000,-0.02172780000000000000,203.10802757000000000000,OPEN,2026-02-04 20:41:22
531298197,USDT,ETH-27FEB26-2300-C-USDT,TRADE,SELL,0.20000000000000000000,0.00000000000000000000,103.30000000000000000000,0.00000000000000000000,-0.12979849000000000000,20.66000000000000000000,20.53020151000000000000,203.12975537000000000000,CLOSE,2026-02-04 20:32:34
531298197,USDT,ETH-27FEB26-2100-C-USDT,TRADE,BUY,0.20000000000000000000,0.20000000000000000000,155.00000000000000000000,0.00000000000000000000,-0.08338722000000000000,-31.00000000000000000000,-31.08338722000000000000,182.59955386000000000000,OPEN,2026-02-04 18:16:07
531298197,USDT,ETHUSDT,TRADE,BUY,0.01000000000000000000,0.00000000000000000000,2305.00000000000000000000,0.00000000000000000000,-0.00829800000000000000,0.35000000000000000000,0.34170200000000000000,213.68294108000000000000,CLOSE,2026-02-03 20:32:22
531298197,USDT,ETHUSDT,TRADE,SELL,0.01000000000000000000,-0.01000000000000000000,2340.00000000000000000000,0.00000000000000000000,-0.00842400000000000000,0.00000000000000000000,-0.00842400000000000000,213.34123908000000000000,OPEN,2026-02-03 20:32:08
531298197,USDT,ETHUSDT,TRADE,BUY,0.01000000000000000000,0.00000000000000000000,2305.00000000000000000000,0.00000000000000000000,-0.00829800000000000000,0.35000000000000000000,0.34170200000000000000,213.34966308000000000000,CLOSE,2026-02-03 06:07:14
531298197,USDT,ETHUSDT,TRADE,SELL,0.01000000000000000000,-0.01000000000000000000,2340.00000000000000000000,0.00000000000000000000,-0.00842400000000000000,0.00000000000000000000,-0.00842400000000000000,213.00796108000000000000,OPEN,2026-02-03 03:56:58
531298197,USDT,ETHUSDT,TRADE,BUY,0.01000000000000000000,0.00000000000000000000,2305.00000000000000000000,0.00000000000000000000,-0.00829800000000000000,0.60000000000000000000,0.59170200000000000000,213.01638508000000000000,CLOSE,2026-02-03 02:49:03
531298197,USDT,ETHUSDT,SETTLEMENT,SELL,--,-0.01000000000000000000,--,-0.00202574000000000000,0.00000000000000000000,0.00000000000000000000,-0.00202574000000000000,212.42468308000000000000,SETTLEMENT,2026-02-03 00:00:00
531298197,USDT,ETHUSDT,TRADE,BUY,0.01000000000000000000,-0.01000000000000000000,2355.00000000000000000000,0.00000000000000000000,-0.00847800000000000000,0.10000000000000000000,0.09152200000000000000,212.42670882000000000000,CLOSE,2026-02-02 16:50:04
531298197,USDT,ETHUSDT,SETTLEMENT,SELL,--,-0.02000000000000000000,--,-0.00441622000000000000,0.00000000000000000000,0.00000000000000000000,-0.00441622000000000000,212.33518682000000000000,SETTLEMENT,2026-02-02 16:00:00
531298197,USDT,ETHUSDT,TRADE,SELL,0.01000000000000000000,-0.02000000000000000000,2390.00000000000000000000,0.00000000000000000000,-0.00860400000000000000,0.00000000000000000000,-0.00860400000000000000,212.33960304000000000000,OPEN,2026-02-02 15:40:09
531298197,USDT,ETHUSDT,TRADE,SELL,0.01000000000000000000,-0.01000000000000000000,2340.00000000000000000000,0.00000000000000000000,-0.00842400000000000000,0.00000000000000000000,-0.00842400000000000000,212.34820704000000000000,OPEN,2026-02-02 14:30:29
531298197,USDT,ETH-27FEB26-2400-C-USDT,TRADE,SELL,0.20000000000000000000,0.00000000000000000000,94.60000000000000000000,0.00000000000000000000,-0.08920029000000000000,18.92000000000000000000,18.83079971000000000000,212.35663104000000000000,CLOSE,2026-02-02 04:01:24
531298197,USDT,ETH-27FEB26-2300-C-USDT,TRADE,BUY,0.20000000000000000000,0.20000000000000000000,150.00000000000000000000,0.00000000000000000000,-0.09091269000000000000,-30.00000000000000000000,-30.09091269000000000000,193.52583133000000000000,OPEN,2026-02-01 23:05:50
531298197,USDT,ETHUSDT,TRADE,BUY,0.01000000000000000000,0.00000000000000000000,2405.00000000000000000000,0.00000000000000000000,-0.00865800000000000000,0.35000000000000000000,0.34134200000000000000,223.61674402000000000000,CLOSE,2026-02-01 07:06:26
531298197,USDT,ETHUSDT,SETTLEMENT,SELL,--,-0.01000000000000000000,--,-0.00115304000000000000,0.00000000000000000000,0.00000000000000000000,-0.00115304000000000000,223.27540202000000000000,SETTLEMENT,2026-02-01 00:00:00
531298197,USDT,ETHUSDT,TRADE,SELL,0.01000000000000000000,-0.01000000000000000000,2440.00000000000000000000,0.00000000000000000000,-0.00878400000000000000,0.00000000000000000000,-0.00878400000000000000,223.27655506000000000000,OPEN,2026-01-31 23:19:59
531298197,USDT,ETH-27FEB26-2600-C-USDT,TRADE,SELL,0.20000000000000000000,0.00000000000000000000,95.00000000000000000000,0.00000000000000000000,-0.14578520000000000000,19.00000000000000000000,18.85421480000000000000,223.28533906000000000000,CLOSE,2026-01-31 19:16:14
531298197,USDT,ETH-27FEB26-2400-C-USDT,TRADE,BUY,0.20000000000000000000,0.20000000000000000000,179.30000000000000000000,0.00000000000000000000,-0.14513291000000000000,-35.86000000000000000000,-36.00513291000000000000,204.43112426000000000000,OPEN,2026-01-31 19:15:59
531298197,USDT,ETH-27FEB26-2800-C-USDT,TRADE,SELL,0.20000000000000000000,0.00000000000000000000,76.40000000000000000000,0.00000000000000000000,-0.15266966000000000000,15.28000000000000000000,15.12733034000000000000,240.43625717000000000000,CLOSE,2026-01-31 15:07:52
531298197,USDT,ETH-27FEB26-2600-C-USDT,TRADE,BUY,0.20000000000000000000,0.20000000000000000000,150.00000000000000000000,0.00000000000000000000,-0.10278085000000000000,-30.00000000000000000000,-30.10278085000000000000,225.30892683000000000000,OPEN,2026-01-31 14:26:18
531298197,USDT,ETHUSDT,TRADE,BUY,0.01000000000000000000,0.00000000000000000000,2805.00000000000000000000,0.00000000000000000000,-0.01009800000000000000,0.35000000000000000000,0.33990200000000000000,255.41170768000000000000,CLOSE,2026-01-29 18:21:36
531298197,USDT,ETHUSDT,TRADE,SELL,0.01000000000000000000,-0.01000000000000000000,2840.00000000000000000000,0.00000000000000000000,-0.01022400000000000000,0.00000000000000000000,-0.01022400000000000000,255.07180568000000000000,OPEN,2026-01-29 17:01:05
531298197,USDT,ETHUSDT,TRADE,BUY,0.01000000000000000000,0.00000000000000000000,2805.00000000000000000000,0.00000000000000000000,-0.01009800000000000000,0.35000000000000000000,0.33990200000000000000,255.08202968000000000000,CLOSE,2026-01-29 15:40:48
531298197,USDT,ETHUSDT,TRADE,SELL,0.01000000000000000000,-0.01000000000000000000,2840.00000000000000000000,0.00000000000000000000,-0.01022400000000000000,0.00000000000000000000,-0.01022400000000000000,254.74212768000000000000,OPEN,2026-01-29 15:29:01
531298197,USDT,ETHUSDT,TRADE,BUY,0.01000000000000000000,0.00000000000000000000,2805.00000000000000000000,0.00000000000000000000,-0.01009800000000000000,1.73709491000000000000,1.72699691000000000000,254.75235168000000000000,CLOSE,2026-01-29 15:17:51
531298197,USDT,ETHUSDT,TRADE,BUY,0.01000000000000000000,-0.01000000000000000000,2855.00000000000000000000,0.00000000000000000000,-0.01027800000000000000,1.23709491000000000000,1.22681691000000000000,253.02535477000000000000,CLOSE,2026-01-29 15:03:26
531298197,USDT,ETHUSDT,TRADE,BUY,0.01000000000000000000,-0.02000000000000000000,2880.00000000000000000000,0.00000000000000000000,-0.01036800000000000000,0.98709491000000000000,0.97672691000000000000,251.79853786000000000000,CLOSE,2026-01-29 14:58:05
531298197,USDT,ETHUSDT,TRADE,BUY,0.01000000000000000000,-0.03000000000000000000,2915.00000000000000000000,0.00000000000000000000,-0.01049400000000000000,0.63709491000000000000,0.62660091000000000000,250.82181095000000000000,CLOSE,2026-01-29 14:30:00
531298197,USDT,ETHUSDT,SETTLEMENT,SELL,--,-0.04000000000000000000,--,0.00493726000000000000,0.00000000000000000000,0.00000000000000000000,0.00493726000000000000,250.19521004000000000000,SETTLEMENT,2026-01-29 08:00:00
531298197,USDT,ETHUSDT,TRADE,BUY,0.01000000000000000000,-0.04000000000000000000,2950.00000000000000000000,0.00000000000000000000,-0.01062000000000000000,0.28709491000000000000,0.27647491000000000000,250.19027278000000000000,CLOSE,2026-01-29 02:48:59
531298197,USDT,ETHUSDT,TRADE,BUY,0.01000000000000000000,-0.05000000000000000000,2985.00000000000000000000,0.00000000000000000000,-0.01074600000000000000,-0.06290510000000000000,-0.07365110000000000000,249.91379787000000000000,CLOSE,2026-01-29 02:31:45
531298197,USDT,ETHUSDT,SETTLEMENT,SELL,--,-0.06000000000000000000,--,0.01228377000000000000,0.00000000000000000000,0.00000000000000000000,0.01228377000000000000,249.98744897000000000000,SETTLEMENT,2026-01-29 00:00:00
531298197,USDT,ETHUSDT,TRADE,SELL,0.01000000000000000000,-0.06000000000000000000,3020.00000000000000000000,0.00000000000000000000,-0.01087200000000000000,0.00000000000000000000,-0.01087200000000000000,249.97516520000000000000,OPEN,2026-01-28 17:50:13
531298197,USDT,ETHUSDT,SETTLEMENT,SELL,--,-0.05000000000000000000,--,0.00942193000000000000,0.00000000000000000000,0.00000000000000000000,0.00942193000000000000,249.98603720000000000000,SETTLEMENT,2026-01-28 16:00:00
531298197,USDT,ETHUSDT,TRADE,BUY,0.01000000000000000000,-0.05000000000000000000,2985.00000000000000000000,0.00000000000000000000,-0.01074600000000000000,-0.14548611000000000000,-0.15623211000000000000,249.97661527000000000000,CLOSE,2026-01-28 15:15:57
531298197,USDT,ETHUSDT,TRADE,SELL,0.01000000000000000000,-0.06000000000000000000,3020.00000000000000000000,0.00000000000000000000,-0.01087200000000000000,0.00000000000000000000,-0.01087200000000000000,250.13284738000000000000,OPEN,2026-01-28 10:00:01
531298197,USDT,ETHUSDT,TRADE,BUY,0.01000000000000000000,-0.05000000000000000000,2985.00000000000000000000,0.00000000000000000000,-0.01074600000000000000,-0.24458334000000000000,-0.25532934000000000000,250.14371938000000000000,CLOSE,2026-01-28 09:20:54
531298197,USDT,ETHUSDT,SETTLEMENT,SELL,--,-0.06000000000000000000,--,0.00681106000000000000,0.00000000000000000000,0.00000000000000000000,0.00681106000000000000,250.39904872000000000000,SETTLEMENT,2026-01-28 08:00:00
531298197,USDT,ETHUSDT,SETTLEMENT,SELL,--,-0.06000000000000000000,--,0.01505569000000000000,0.00000000000000000000,0.00000000000000000000,0.01505569000000000000,250.39223766000000000000,SETTLEMENT,2026-01-28 00:00:00
531298197,USDT,ETHUSDT,TRADE,SELL,0.01000000000000000000,-0.06000000000000000000,3020.00000000000000000000,0.00000000000000000000,-0.01087200000000000000,0.00000000000000000000,-0.01087200000000000000,250.37718197000000000000,OPEN,2026-01-27 20:48:53
531298197,USDT,ETHUSDT,TRADE,SELL,0.01000000000000000000,-0.05000000000000000000,2985.00000000000000000000,0.00000000000000000000,-0.01074600000000000000,0.00000000000000000000,-0.01074600000000000000,250.38805397000000000000,OPEN,2026-01-27 18:57:49
531298197,USDT,ETHUSDT,TRADE,BUY,0.01000000000000000000,-0.04000000000000000000,2950.00000000000000000000,0.00000000000000000000,-0.01062000000000000000,-0.10437500000000000000,-0.11499500000000000000,250.39879997000000000000,CLOSE,2026-01-27 17:15:21
531298197,USDT,ETHUSDT,TRADE,SELL,0.01000000000000000000,-0.05000000000000000000,2985.00000000000000000000,0.00000000000000000000,-0.01074600000000000000,0.00000000000000000000,-0.01074600000000000000,250.51379497000000000000,OPEN,2026-01-27 16:31:18
531298197,USDT,ETHUSDT,TRADE,SELL,0.01000000000000000000,-0.04000000000000000000,2950.00000000000000000000,0.00000000000000000000,-0.01062000000000000000,0.00000000000000000000,-0.01062000000000000000,250.52454097000000000000,OPEN,2026-01-27 16:05:44
531298197,USDT,ETHUSDT,SETTLEMENT,SELL,--,-0.03000000000000000000,--,0.00060516000000000000,0.00000000000000000000,0.00000000000000000000,0.00060516000000000000,250.53516097000000000000,SETTLEMENT,2026-01-27 16:00:00
531298197,USDT,ETHUSDT,TRADE,BUY,0.01000000000000000000,-0.03000000000000000000,2915.00000000000000000000,0.00000000000000000000,-0.01049400000000000000,0.05937500000000000000,0.04888100000000000000,250.53455581000000000000,CLOSE,2026-01-27 09:08:29
531298197,USDT,ETHUSDT,SETTLEMENT,SELL,--,-0.04000000000000000000,--,0.00837433000000000000,0.00000000000000000000,0.00000000000000000000,0.00837433000000000000,250.48567481000000000000,SETTLEMENT,2026-01-27 08:00:00
531298197,USDT,ETHUSDT,TRADE,SELL,0.01000000000000000000,-0.04000000000000000000,2950.00000000000000000000,0.00000000000000000000,-0.01062000000000000000,0.00000000000000000000,-0.01062000000000000000,250.47730048000000000000,OPEN,2026-01-27 04:12:12
531298197,USDT,ETHUSDT,SETTLEMENT,SELL,--,-0.03000000000000000000,--,0.00703465000000000000,0.00000000000000000000,0.00000000000000000000,0.00703465000000000000,250.48792048000000000000,SETTLEMENT,2026-01-27 00:00:00
531298197,USDT,ETHUSDT,SETTLEMENT,SELL,--,-0.03000000000000000000,--,0.00570361000000000000,0.00000000000000000000,0.00000000000000000000,0.00570361000000000000,250.48088583000000000000,SETTLEMENT,2026-01-26 16:00:00
531298197,USDT,ETHUSDT,TRADE,BUY,0.01000000000000000000,-0.03000000000000000000,2915.00000000000000000000,0.00000000000000000000,-0.01049400000000000000,-0.03750000000000000000,-0.04799400000000000000,250.47518222000000000000,CLOSE,2026-01-26 15:30:06
531298197,USDT,ETHUSDT,TRADE,SELL,0.01000000000000000000,-0.04000000000000000000,2950.00000000000000000000,0.00000000000000000000,-0.01062000000000000000,0.00000000000000000000,-0.01062000000000000000,250.52317622000000000000,OPEN,2026-01-26 15:11:23
531298197,USDT,ETHUSDT,TRADE,SELL,0.01000000000000000000,-0.03000000000000000000,2915.00000000000000000000,0.00000000000000000000,-0.01049400000000000000,0.00000000000000000000,-0.01049400000000000000,250.53379622000000000000,OPEN,2026-01-26 14:35:13
531298197,USDT,ETHUSDT,TRADE,BUY,0.01000000000000000000,-0.02000000000000000000,2880.00000000000000000000,0.00000000000000000000,-0.01036800000000000000,0.10000000000000000000,0.08963200000000000000,250.54429022000000000000,CLOSE,2026-01-26 09:51:31
531298197,USDT,ETHUSDT,TRADE,SELL,0.01000000000000000000,-0.03000000000000000000,2915.00000000000000000000,0.00000000000000000000,-0.01049400000000000000,0.00000000000000000000,-0.01049400000000000000,250.45465822000000000000,OPEN,2026-01-26 08:21:20
531298197,USDT,ETHUSDT,SETTLEMENT,SELL,--,-0.02000000000000000000,--,0.00573820000000000000,0.00000000000000000000,0.00000000000000000000,0.00573820000000000000,250.46515222000000000000,SETTLEMENT,2026-01-26 08:00:00
531298197,USDT,ETHUSDT,TRADE,SELL,0.01000000000000000000,-0.02000000000000000000,2890.00000000000000000000,0.00000000000000000000,-0.01040400000000000000,0.00000000000000000000,-0.01040400000000000000,250.45941402000000000000,OPEN,2026-01-26 06:50:23
531298197,USDT,ETHUSDT,TRADE,BUY,0.01000000000000000000,-0.01000000000000000000,2855.00000000000000000000,0.00000000000000000000,-0.01027800000000000000,0.10000000000000000000,0.08972200000000000000,250.46981802000000000000,CLOSE,2026-01-26 03:24:30
531298197,USDT,ETHUSDT,TRADE,SELL,0.01000000000000000000,-0.02000000000000000000,2890.00000000000000000000,0.00000000000000000000,-0.01040400000000000000,0.00000000000000000000,-0.01040400000000000000,250.38009602000000000000,OPEN,2026-01-26 01:53:17
531298197,USDT,ETHUSDT,TRADE,SELL,0.01000000000000000000,-0.01000000000000000000,2840.00000000000000000000,0.00000000000000000000,-0.01022400000000000000,0.00000000000000000000,-0.01022400000000000000,250.39050002000000000000,OPEN,2026-01-26 00:16:09
531298197,USDT,ETHUSDT,TRADE,BUY,0.01000000000000000000,0.00000000000000000000,2805.00000000000000000000,0.00000000000000000000,-0.01009800000000000000,1.55285000000000000000,1.54275200000000000000,250.40072402000000000000,CLOSE,2026-01-25 19:53:29
531298197,USDT,ETHUSDT,TRADE,BUY,0.01000000000000000000,-0.01000000000000000000,2855.00000000000000000000,0.00000000000000000000,-0.01027800000000000000,1.05285000000000000000,1.04257200000000000000,248.85797202000000000000,CLOSE,2026-01-25 18:13:04
531298197,USDT,ETHUSDT,TRADE,BUY,0.01000000000000000000,-0.02000000000000000000,2880.00000000000000000000,0.00000000000000000000,-0.01036800000000000000,0.80285000000000000000,0.79248200000000000000,247.81540002000000000000,CLOSE,2026-01-25 16:20:12
531298197,USDT,ETHUSDT,TRADE,BUY,0.01000000000000000000,-0.03000000000000000000,2915.00000000000000000000,0.00000000000000000000,-0.01049400000000000000,0.45285000000000000000,0.44235600000000000000,247.02291802000000000000,CLOSE,2026-01-25 16:02:07
531298197,USDT,ETHUSDT,SETTLEMENT,SELL,--,-0.04000000000000000000,--,0.00409217000000000000,0.00000000000000000000,0.00000000000000000000,0.00409217000000000000,246.58056202000000000000,SETTLEMENT,2026-01-25 16:00:00
531298197,USDT,ETH-25JAN26-3100-C-USDT,DELIVERY,SELL,10.00000000000000000000,0.00000000000000000000,2941.48519757000000000000,0.00000000000000000000,0.00000000000000000000,0.00000000000000000000,0.00000000000000000000,246.57646985000000000000,CLOSE,2026-01-25 08:00:01
531298197,USDT,ETHUSDT,SETTLEMENT,SELL,--,-0.04000000000000000000,--,0.00127280000000000000,0.00000000000000000000,0.00000000000000000000,0.00127280000000000000,246.57646985000000000000,SETTLEMENT,2026-01-25 08:00:00
531298197,USDT,ETHUSDT,SETTLEMENT,SELL,--,-0.04000000000000000000,--,0.00116548000000000000,0.00000000000000000000,0.00000000000000000000,0.00116548000000000000,246.57519705000000000000,SETTLEMENT,2026-01-25 00:00:00
531298197,USDT,ETHUSDT,SETTLEMENT,SELL,--,-0.04000000000000000000,--,-0.00019862000000000000,0.00000000000000000000,0.00000000000000000000,-0.00019862000000000000,246.57403157000000000000,SETTLEMENT,2026-01-24 16:00:00
531298197,USDT,ETH-25JAN26-3100-C-USDT,TRADE,BUY,4.50000000000000000000,5.50000000000000000000,0.50000000000000000000,0.00000000000000000000,-0.15750000000000000000,-2.25000000000000000000,-2.40750000000000000000,248.98173019000000000000,OPEN,2026-01-24 10:19:55
531298197,USDT,ETH-25JAN26-3100-C-USDT,TRADE,BUY,4.50000000000000000000,10.00000000000000000000,0.50000000000000000000,0.00000000000000000000,-0.15750000000000000000,-2.25000000000000000000,-2.40750000000000000000,246.57423019000000000000,OPEN,2026-01-24 10:19:55
531298197,USDT,ETH-25JAN26-3100-C-USDT,TRADE,BUY,1.00000000000000000000,1.00000000000000000000,0.50000000000000000000,0.00000000000000000000,-0.03500000000000000000,-0.50000000000000000000,-0.53500000000000000000,251.38923019000000000000,OPEN,2026-01-24 10:19:48
531298197,USDT,ETHUSDT,TRADE,SELL,0.01000000000000000000,-0.03000000000000000000,2959.58000000000000000000,0.00000000000000000000,-0.02959580000000000000,0.00000000000000000000,-0.02959580000000000000,251.95382599000000000000,OPEN,2026-01-24 10:01:08
531298197,USDT,ETHUSDT,TRADE,SELL,0.01000000000000000000,-0.04000000000000000000,2959.58000000000000000000,0.00000000000000000000,-0.02959580000000000000,0.00000000000000000000,-0.02959580000000000000,251.92423019000000000000,OPEN,2026-01-24 10:01:08
531298197,USDT,ETHUSDT,TRADE,SELL,0.01000000000000000000,-0.02000000000000000000,2960.99000000000000000000,0.00000000000000000000,-0.02960990000000000000,0.00000000000000000000,-0.02960990000000000000,251.98342179000000000000,OPEN,2026-01-24 09:19:56
531298197,USDT,ETHUSDT,TRADE,SELL,0.01000000000000000000,-0.01000000000000000000,2960.99000000000000000000,0.00000000000000000000,-0.02960990000000000000,0.00000000000000000000,-0.02960990000000000000,252.01303169000000000000,OPEN,2026-01-24 09:19:56
531298197,USDT,ETHUSDT,TRADE,BUY,0.04000000000000000000,0.00000000000000000000,2959.17000000000000000000,0.00000000000000000000,-0.11836680000000000000,7.14153334000000000000,7.02316654000000000000,252.04264159000000000000,CLOSE,2026-01-24 08:45:44
531298197,USDT,ETHUSDT,SETTLEMENT,SELL,--,-0.04000000000000000000,--,-0.00138220000000000000,0.00000000000000000000,0.00000000000000000000,-0.00138220000000000000,245.01947505000000000000,SETTLEMENT,2026-01-24 08:00:00
531298197,USDT,ETHUSDT,SETTLEMENT,SELL,--,-0.04000000000000000000,--,0.00455033000000000000,0.00000000000000000000,0.00000000000000000000,0.00455033000000000000,245.02085725000000000000,SETTLEMENT,2026-01-24 00:00:00
531298197,USDT,ETHUSDT,SETTLEMENT,SELL,--,-0.04000000000000000000,--,0.00340108000000000000,0.00000000000000000000,0.00000000000000000000,0.00340108000000000000,245.01630692000000000000,SETTLEMENT,2026-01-23 16:00:00
531298197,USDT,ETHUSDT,SETTLEMENT,SELL,--,-0.04000000000000000000,--,0.00253492000000000000,0.00000000000000000000,0.00000000000000000000,0.00253492000000000000,245.01290584000000000000,SETTLEMENT,2026-01-23 08:00:00
531298197,USDT,ETHUSDT,SETTLEMENT,SELL,--,-0.04000000000000000000,--,0.00032341000000000000,0.00000000000000000000,0.00000000000000000000,0.00032341000000000000,245.01037092000000000000,SETTLEMENT,2026-01-23 00:00:00
531298197,USDT,ETHUSDT,SETTLEMENT,SELL,--,-0.04000000000000000000,--,0.00228978000000000000,0.00000000000000000000,0.00000000000000000000,0.00228978000000000000,245.01004751000000000000,SETTLEMENT,2026-01-22 16:00:00
531298197,USDT,ETHUSDT,SETTLEMENT,SELL,--,-0.04000000000000000000,--,0.01052619000000000000,0.00000000000000000000,0.00000000000000000000,0.01052619000000000000,245.00775773000000000000,SETTLEMENT,2026-01-22 08:00:00
531298197,USDT,ETHUSDT,SETTLEMENT,SELL,--,-0.04000000000000000000,--,0.01192400000000000000,0.00000000000000000000,0.00000000000000000000,0.01192400000000000000,244.99723154000000000000,SETTLEMENT,2026-01-22 00:00:00
531298197,USDT,ETHUSDT,TRADE,BUY,0.02000000000000000000,-0.04000000000000000000,3025.00000000000000000000,0.00000000000000000000,-0.02178000000000000000,2.25416667000000000000,2.23238667000000000000,244.98530754000000000000,CLOSE,2026-01-21 20:10:21
531298197,USDT,ETHUSDT,TRADE,SELL,0.02000000000000000000,-0.06000000000000000000,3065.00000000000000000000,0.00000000000000000000,-0.02206800000000000000,0.00000000000000000000,-0.02206800000000000000,242.75292087000000000000,OPEN,2026-01-21 19:56:40
531298197,USDT,ETHUSDT,SETTLEMENT,SELL,--,-0.04000000000000000000,--,0.00538698000000000000,0.00000000000000000000,0.00000000000000000000,0.00538698000000000000,242.77498887000000000000,SETTLEMENT,2026-01-21 16:00:00
531298197,USDT,ETHUSDT,SETTLEMENT,SELL,--,-0.04000000000000000000,--,0.00134092000000000000,0.00000000000000000000,0.00000000000000000000,0.00134092000000000000,242.76960189000000000000,SETTLEMENT,2026-01-21 08:00:00
531298197,USDT,ETHUSDT,SETTLEMENT,SELL,--,-0.04000000000000000000,--,0.00667329000000000000,0.00000000000000000000,0.00000000000000000000,0.00667329000000000000,242.76826097000000000000,SETTLEMENT,2026-01-21 00:00:00
531298197,USDT,ETHUSDT,SETTLEMENT,SELL,--,-0.04000000000000000000,--,-0.00298784000000000000,0.00000000000000000000,0.00000000000000000000,-0.00298784000000000000,242.76158768000000000000,SETTLEMENT,2026-01-20 16:00:00
531298197,USDT,ETHUSDT,TRADE,BUY,0.02000000000000000000,-0.04000000000000000000,3025.00000000000000000000,0.00000000000000000000,-0.02178000000000000000,2.98125000000000000000,2.95947000000000000000,242.76457552000000000000,CLOSE,2026-01-20 15:03:18
531298197,USDT,ETHUSDT,SETTLEMENT,SELL,--,-0.06000000000000000000,--,-0.00591460000000000000,0.00000000000000000000,0.00000000000000000000,-0.00591460000000000000,239.80510552000000000000,SETTLEMENT,2026-01-20 08:00:00
531298197,USDT,ETHUSDT,SETTLEMENT,SELL,--,-0.06000000000000000000,--,0.00295703000000000000,0.00000000000000000000,0.00000000000000000000,0.00295703000000000000,239.81102012000000000000,SETTLEMENT,2026-01-20 00:00:00
531298197,USDT,ETHUSDT,SETTLEMENT,SELL,--,-0.06000000000000000000,--,-0.00070781000000000000,0.00000000000000000000,0.00000000000000000000,-0.00070781000000000000,239.80806309000000000000,SETTLEMENT,2026-01-19 16:00:00
531298197,USDT,ETHUSDT,SETTLEMENT,SELL,--,-0.06000000000000000000,--,-0.01647355000000000000,0.00000000000000000000,0.00000000000000000000,-0.01647355000000000000,239.80877090000000000000,SETTLEMENT,2026-01-19 08:00:00
531298197,USDT,ETHUSDT,SETTLEMENT,SELL,--,-0.06000000000000000000,--,0.01267079000000000000,0.00000000000000000000,0.00000000000000000000,0.01267079000000000000,239.82524445000000000000,SETTLEMENT,2026-01-19 00:00:00
531298197,USDT,ETHUSDT,SETTLEMENT,SELL,--,-0.06000000000000000000,--,0.01148733000000000000,0.00000000000000000000,0.00000000000000000000,0.01148733000000000000,239.81257366000000000000,SETTLEMENT,2026-01-18 16:00:00
531298197,USDT,ETH-27FEB26-2800-C-USDT,TRADE,SELL,0.10000000000000000000,0.20000000000000000000,578.20000000000000000000,0.00000000000000000000,-0.09975319000000000000,57.82000000000000000000,57.72024681000000000000,239.80108633000000000000,CLOSE,2026-01-18 12:52:00
531298197,USDT,ETH-27FEB26-2800-P-USDT,TRADE,SELL,0.30000000000000000000,0.00000000000000000000,57.60000000000000000000,0.00000000000000000000,-0.29931171000000000000,17.28000000000000000000,16.98068829000000000000,182.08083952000000000000,CLOSE,2026-01-18 12:39:15
531298197,USDT,SOL-30JAN26-132-P-USDT,TRADE,SELL,6.00000000000000000000,0.00000000000000000000,1.66000000000000000000,0.00000000000000000000,-0.25611018000000000000,9.96000000000000000000,9.70388982000000000000,165.10015123000000000000,CLOSE,2026-01-18 12:34:20
531298197,USDT,SOL-30JAN26-132-C-USDT,TRADE,SELL,6.00000000000000000000,0.00000000000000000000,10.20000000000000000000,0.00000000000000000000,-0.25611554000000000000,61.20000000000000000000,60.94388446000000000000,155.39626141000000000000,CLOSE,2026-01-18 12:33:59
531298197,USDT,SOLUSDT,TRADE,BUY,0.80000000000000000000,0.00000000000000000000,142.27000000000000000000,0.00000000000000000000,-0.11381600000000000000,1.56177778000000000000,1.44796178000000000000,94.45237695000000000000,CLOSE,2026-01-18 12:33:16
531298197,USDT,XRP-30JAN26-2-C-USDT,TRADE,SELL,450.00000000000000000000,0.00000000000000000000,0.11360000000000000000,0.00000000000000000000,-0.27746844000000000000,51.12000000000000000000,50.84253156000000000000,93.00441517000000000000,CLOSE,2026-01-18 11:46:59
531298197,USDT,XRP-30JAN26-2-P-USDT,TRADE,SELL,450.00000000000000000000,0.00000000000000000000,0.05650000000000000000,0.00000000000000000000,-0.27730763000000000000,25.42500000000000000000,25.14769237000000000000,42.16188361000000000000,CLOSE,2026-01-18 11:46:00
531298197,USDT,XRPUSDT,TRADE,BUY,60.00000000000000000000,0.00000000000000000000,2.05300000000000000000,0.00000000000000000000,-0.12318000000000000000,2.30375744000000000000,2.18057744000000000000,17.01419124000000000000,CLOSE,2026-01-18 11:40:14
531298197,USDT,XRPUSDT,SETTLEMENT,SELL,--,-60.00000000000000000000,--,0.01230780000000000000,0.00000000000000000000,0.00000000000000000000,0.01230780000000000000,14.83361380000000000000,SETTLEMENT,2026-01-18 08:00:00
531298197,USDT,ETHUSDT,SETTLEMENT,SELL,--,-0.06000000000000000000,--,0.00182286000000000000,0.00000000000000000000,0.00000000000000000000,0.00182286000000000000,14.82130600000000000000,SETTLEMENT,2026-01-18 08:00:00
531298197,USDT,SOLUSDT,SETTLEMENT,SELL,--,-0.80000000000000000000,--,-0.00451508000000000000,0.00000000000000000000,0.00000000000000000000,-0.00451508000000000000,14.81948314000000000000,SETTLEMENT,2026-01-18 08:00:00
531298197,USDT,ETHUSDT,SETTLEMENT,SELL,--,-0.06000000000000000000,--,0.01070222000000000000,0.00000000000000000000,0.00000000000000000000,0.01070222000000000000,14.81162262000000000000,SETTLEMENT,2026-01-18 00:00:00
531298197,USDT,SOLUSDT,SETTLEMENT,SELL,--,-0.80000000000000000000,--,0.00174443000000000000,0.00000000000000000000,0.00000000000000000000,0.00174443000000000000,14.80092040000000000000,SETTLEMENT,2026-01-18 00:00:00
531298197,USDT,XRPUSDT,SETTLEMENT,SELL,--,-60.00000000000000000000,--,0.01237560000000000000,0.00000000000000000000,0.00000000000000000000,0.01237560000000000000,14.82399822000000000000,SETTLEMENT,2026-01-18 00:00:00
531298197,USDT,SOL-23JAN26-160-C-USDT,TRADE,BUY,6.00000000000000000000,0.00000000000000000000,0.38000000000000000000,0.00000000000000000000,-0.15960000000000000000,-2.28000000000000000000,-2.43960000000000000000,14.79917597000000000000,CLOSE,2026-01-17 21:57:53
531298197,USDT,SOL-23JAN26-160-C-USDT,TRADE,SELL,6.00000000000000000000,-6.00000000000000000000,0.28000000000000000000,0.00000000000000000000,-0.11760000000000000000,1.68000000000000000000,1.56240000000000000000,17.23877597000000000000,OPEN,2026-01-17 21:55:07
531298197,USDT,SOLUSDT,SETTLEMENT,SELL,--,-0.80000000000000000000,--,-0.00526188000000000000,0.00000000000000000000,0.00000000000000000000,-0.00526188000000000000,15.67327186000000000000,SETTLEMENT,2026-01-17 16:00:00
531298197,USDT,ETHUSDT,SETTLEMENT,SELL,--,-0.06000000000000000000,--,0.00510408000000000000,0.00000000000000000000,0.00000000000000000000,0.00510408000000000000,15.67837594000000000000,SETTLEMENT,2026-01-17 16:00:00
531298197,USDT,XRPUSDT,SETTLEMENT,SELL,--,-60.00000000000000000000,--,-0.00199997000000000000,0.00000000000000000000,0.00000000000000000000,-0.00199997000000000000,15.67637597000000000000,SETTLEMENT,2026-01-17 16:00:00
531298197,USDT,ETHUSDT,SETTLEMENT,SELL,--,-0.06000000000000000000,--,0.00601633000000000000,0.00000000000000000000,0.00000000000000000000,0.00601633000000000000,15.66618994000000000000,SETTLEMENT,2026-01-17 08:00:00
531298197,USDT,XRPUSDT,SETTLEMENT,SELL,--,-60.00000000000000000000,--,0.01234380000000000000,0.00000000000000000000,0.00000000000000000000,0.01234380000000000000,15.67853374000000000000,SETTLEMENT,2026-01-17 08:00:00
531298197,USDT,SOLUSDT,SETTLEMENT,SELL,--,-0.80000000000000000000,--,0.01148480000000000000,0.00000000000000000000,0.00000000000000000000,0.01148480000000000000,15.66017361000000000000,SETTLEMENT,2026-01-17 08:00:00
531298197,USDT,ETHUSDT,SETTLEMENT,SELL,--,-0.06000000000000000000,--,0.00565539000000000000,0.00000000000000000000,0.00000000000000000000,0.00565539000000000000,15.64868881000000000000,SETTLEMENT,2026-01-17 00:00:00
531298197,USDT,SOLUSDT,SETTLEMENT,SELL,--,-0.80000000000000000000,--,0.01158832000000000000,0.00000000000000000000,0.00000000000000000000,0.01158832000000000000,15.63063142000000000000,SETTLEMENT,2026-01-17 00:00:00
531298197,USDT,XRPUSDT,SETTLEMENT,SELL,--,-60.00000000000000000000,--,0.01240200000000000000,0.00000000000000000000,0.00000000000000000000,0.01240200000000000000,15.64303342000000000000,SETTLEMENT,2026-01-17 00:00:00
531298197,USDT,XRPUSDT,SETTLEMENT,SELL,--,-60.00000000000000000000,--,0.00209285000000000000,0.00000000000000000000,0.00000000000000000000,0.00209285000000000000,15.60781550000000000000,SETTLEMENT,2026-01-16 16:00:00
531298197,USDT,SOLUSDT,SETTLEMENT,SELL,--,-0.80000000000000000000,--,-0.00790307000000000000,0.00000000000000000000,0.00000000000000000000,-0.00790307000000000000,15.60572265000000000000,SETTLEMENT,2026-01-16 16:00:00
531298197,USDT,ETHUSDT,SETTLEMENT,SELL,--,-0.06000000000000000000,--,0.01122760000000000000,0.00000000000000000000,0.00000000000000000000,0.01122760000000000000,15.61904310000000000000,SETTLEMENT,2026-01-16 16:00:00
531298197,USDT,SOLUSDT,SETTLEMENT,SELL,--,-0.80000000000000000000,--,0.00597581000000000000,0.00000000000000000000,0.00000000000000000000,0.00597581000000000000,15.59804736000000000000,SETTLEMENT,2026-01-16 08:00:00
531298197,USDT,ETHUSDT,SETTLEMENT,SELL,--,-0.06000000000000000000,--,0.01612418000000000000,0.00000000000000000000,0.00000000000000000000,0.01612418000000000000,15.61417154000000000000,SETTLEMENT,2026-01-16 08:00:00
531298197,USDT,XRPUSDT,SETTLEMENT,SELL,--,-60.00000000000000000000,--,-0.00054582000000000000,0.00000000000000000000,0.00000000000000000000,-0.00054582000000000000,15.61362572000000000000,SETTLEMENT,2026-01-16 08:00:00
531298197,USDT,SOLUSDT,SETTLEMENT,SELL,--,-0.80000000000000000000,--,-0.00181740000000000000,0.00000000000000000000,0.00000000000000000000,-0.00181740000000000000,15.58348068000000000000,SETTLEMENT,2026-01-16 00:00:00
531298197,USDT,XRPUSDT,SETTLEMENT,SELL,--,-60.00000000000000000000,--,-0.00276153000000000000,0.00000000000000000000,0.00000000000000000000,-0.00276153000000000000,15.58071915000000000000,SETTLEMENT,2026-01-16 00:00:00
531298197,USDT,ETHUSDT,SETTLEMENT,SELL,--,-0.06000000000000000000,--,0.01135240000000000000,0.00000000000000000000,0.00000000000000000000,0.01135240000000000000,15.59207155000000000000,SETTLEMENT,2026-01-16 00:00:00
531298197,USDT,XRPUSDT,TRADE,BUY,30.00000000000000000000,-60.00000000000000000000,2.08000000000000000000,0.00000000000000000000,-0.02246400000000000000,0.34187871000000000000,0.31941471000000000000,15.58529808000000000000,CLOSE,2026-01-15 17:56:30
531298197,USDT,XRPUSDT,TRADE,SELL,30.00000000000000000000,-90.00000000000000000000,2.08590000000000000000,0.00000000000000000000,-0.02252772000000000000,0.00000000000000000000,-0.02252772000000000000,15.26588337000000000000,OPEN,2026-01-15 17:11:47
531298197,USDT,XRPUSDT,TRADE,BUY,30.00000000000000000000,-60.00000000000000000000,2.08000000000000000000,0.00000000000000000000,-0.02246400000000000000,0.42431807000000000000,0.40185407000000000000,15.28841109000000000000,CLOSE,2026-01-15 17:08:21
531298197,USDT,SOLUSDT,SETTLEMENT,SELL,--,-0.80000000000000000000,--,-0.01005444000000000000,0.00000000000000000000,0.00000000000000000000,-0.01005444000000000000,14.88949791000000000000,SETTLEMENT,2026-01-15 16:00:00
531298197,USDT,XRPUSDT,SETTLEMENT,SELL,--,-90.00000000000000000000,--,-0.00649398000000000000,0.00000000000000000000,0.00000000000000000000,-0.00649398000000000000,14.88300393000000000000,SETTLEMENT,2026-01-15 16:00:00
531298197,USDT,ETHUSDT,SETTLEMENT,SELL,--,-0.06000000000000000000,--,0.00355309000000000000,0.00000000000000000000,0.00000000000000000000,0.00355309000000000000,14.88655702000000000000,SETTLEMENT,2026-01-15 16:00:00
531298197,USDT,XRPUSDT,TRADE,SELL,30.00000000000000000000,-90.00000000000000000000,2.08590000000000000000,0.00000000000000000000,-0.02252772000000000000,0.00000000000000000000,-0.02252772000000000000,14.89955235000000000000,OPEN,2026-01-15 15:57:38
531298197,USDT,XRPUSDT,TRADE,BUY,30.00000000000000000000,-60.00000000000000000000,2.08000000000000000000,0.00000000000000000000,-0.02246400000000000000,0.54797710000000000000,0.52551310000000000000,14.92208007000000000000,CLOSE,2026-01-15 15:38:24
531298197,USDT,ETHUSDT,SETTLEMENT,SELL,--,-0.06000000000000000000,--,0.00392083000000000000,0.00000000000000000000,0.00000000000000000000,0.00392083000000000000,14.40066949000000000000,SETTLEMENT,2026-01-15 08:00:00
531298197,USDT,SOLUSDT,SETTLEMENT,SELL,--,-0.80000000000000000000,--,-0.00603257000000000000,0.00000000000000000000,0.00000000000000000000,-0.00603257000000000000,14.39463692000000000000,SETTLEMENT,2026-01-15 08:00:00
531298197,USDT,XRPUSDT,SETTLEMENT,SELL,--,-90.00000000000000000000,--,0.00193005000000000000,0.00000000000000000000,0.00000000000000000000,0.00193005000000000000,14.39656697000000000000,SETTLEMENT,2026-01-15 08:00:00
531298197,USDT,SOLUSDT,TRADE,BUY,0.40000000000000000000,-0.80000000000000000000,145.00000000000000000000,0.00000000000000000000,-0.02088000000000000000,-0.31111111000000000000,-0.33199111000000000000,14.39674866000000000000,CLOSE,2026-01-15 01:32:24
531298197,USDT,SOLUSDT,SETTLEMENT,SELL,--,-1.20000000000000000000,--,-0.00784711000000000000,0.00000000000000000000,0.00000000000000000000,-0.00784711000000000000,14.70205999000000000000,SETTLEMENT,2026-01-15 00:00:00
531298197,USDT,ETHUSDT,SETTLEMENT,SELL,--,-0.06000000000000000000,--,0.01282553000000000000,0.00000000000000000000,0.00000000000000000000,0.01282553000000000000,14.71488552000000000000,SETTLEMENT,2026-01-15 00:00:00
531298197,USDT,XRPUSDT,SETTLEMENT,SELL,--,-90.00000000000000000000,--,0.01385425000000000000,0.00000000000000000000,0.00000000000000000000,0.01385425000000000000,14.72873977000000000000,SETTLEMENT,2026-01-15 00:00:00
531298197,USDT,ETHUSDT,TRADE,BUY,0.02000000000000000000,-0.06000000000000000000,3355.00000000000000000000,0.00000000000000000000,-0.02415600000000000000,-3.61875000000000000000,-3.64290600000000000000,14.70990710000000000000,CLOSE,2026-01-14 21:55:05
531298197,USDT,ETHUSDT,TRADE,SELL,0.02000000000000000000,-0.08000000000000000000,3395.00000000000000000000,0.00000000000000000000,-0.02444400000000000000,0.00000000000000000000,-0.02444400000000000000,18.35281310000000000000,OPEN,2026-01-14 19:30:00
531298197,USDT,ETHUSDT,TRADE,BUY,0.02000000000000000000,-0.06000000000000000000,3360.00000000000000000000,0.00000000000000000000,-0.02419200000000000000,-5.19166667000000000000,-5.21585867000000000000,18.37725710000000000000,CLOSE,2026-01-14 17:33:05
531298197,USDT,ETHUSDT,TRADE,SELL,0.02000000000000000000,-0.08000000000000000000,3395.00000000000000000000,0.00000000000000000000,-0.02444400000000000000,0.00000000000000000000,-0.02444400000000000000,23.59311577000000000000,OPEN,2026-01-14 16:32:06
531298197,USDT,SOLUSDT,TRADE,SELL,0.40000000000000000000,-1.20000000000000000000,148.00000000000000000000,0.00000000000000000000,-0.02131200000000000000,0.00000000000000000000,-0.02131200000000000000,23.61755977000000000000,OPEN,2026-01-14 16:19:12
531298197,USDT,ETHUSDT,SETTLEMENT,SELL,--,-0.06000000000000000000,--,0.02006802000000000000,0.00000000000000000000,0.00000000000000000000,0.02006802000000000000,23.62273377000000000000,SETTLEMENT,2026-01-14 16:00:00
531298197,USDT,SOLUSDT,SETTLEMENT,SELL,--,-0.80000000000000000000,--,0.00736278000000000000,0.00000000000000000000,0.00000000000000000000,0.00736278000000000000,23.60266575000000000000,SETTLEMENT,2026-01-14 16:00:00
531298197,USDT,XRPUSDT,SETTLEMENT,SELL,--,-90.00000000000000000000,--,0.01613800000000000000,0.00000000000000000000,0.00000000000000000000,0.01613800000000000000,23.63887177000000000000,SETTLEMENT,2026-01-14 16:00:00
531298197,USDT,SOLUSDT,SETTLEMENT,SELL,--,-0.80000000000000000000,--,0.01158400000000000000,0.00000000000000000000,0.00000000000000000000,0.01158400000000000000,23.55596235000000000000,SETTLEMENT,2026-01-14 08:00:00
531298197,USDT,ETHUSDT,SETTLEMENT,SELL,--,-0.06000000000000000000,--,0.02001132000000000000,0.00000000000000000000,0.00000000000000000000,0.02001132000000000000,23.59530297000000000000,SETTLEMENT,2026-01-14 08:00:00
531298197,USDT,XRPUSDT,SETTLEMENT,SELL,--,-90.00000000000000000000,--,0.01932930000000000000,0.00000000000000000000,0.00000000000000000000,0.01932930000000000000,23.57529165000000000000,SETTLEMENT,2026-01-14 08:00:00
531298197,USDT,XRPUSDT,SETTLEMENT,SELL,--,-90.00000000000000000000,--,0.01947870000000000000,0.00000000000000000000,0.00000000000000000000,0.01947870000000000000,23.54437835000000000000,SETTLEMENT,2026-01-14 00:00:00
531298197,USDT,SOLUSDT,SETTLEMENT,SELL,--,-0.80000000000000000000,--,0.01163776000000000000,0.00000000000000000000,0.00000000000000000000,0.01163776000000000000,23.50804116000000000000,SETTLEMENT,2026-01-14 00:00:00
531298197,USDT,ETHUSDT,SETTLEMENT,SELL,--,-0.06000000000000000000,--,0.01685849000000000000,0.00000000000000000000,0.00000000000000000000,0.01685849000000000000,23.52489965000000000000,SETTLEMENT,2026-01-14 00:00:00
531298197,USDT,SOLUSDT,TRADE,BUY,0.40000000000000000000,-0.80000000000000000000,145.00000000000000000000,0.00000000000000000000,-0.02088000000000000000,-1.06666667000000000000,-1.08754667000000000000,23.49640340000000000000,CLOSE,2026-01-13 23:38:28
531298197,USDT,SOLUSDT,TRADE,SELL,0.40000000000000000000,-1.20000000000000000000,148.00000000000000000000,0.00000000000000000000,-0.02131200000000000000,0.00000000000000000000,-0.02131200000000000000,24.58395007000000000000,OPEN,2026-01-13 22:10:38
531298197,USDT,ETHUSDT,SETTLEMENT,SELL,--,-0.06000000000000000000,--,0.01349180000000000000,0.00000000000000000000,0.00000000000000000000,0.01349180000000000000,24.60526207000000000000,SETTLEMENT,2026-01-13 16:00:00
531298197,USDT,SOLUSDT,SETTLEMENT,SELL,--,-0.80000000000000000000,--,0.01147592000000000000,0.00000000000000000000,0.00000000000000000000,0.01147592000000000000,24.57289277000000000000,SETTLEMENT,2026-01-13 16:00:00
531298197,USDT,XRPUSDT,SETTLEMENT,SELL,--,-90.00000000000000000000,--,0.01887750000000000000,0.00000000000000000000,0.00000000000000000000,0.01887750000000000000,24.59177027000000000000,SETTLEMENT,2026-01-13 16:00:00
531298197,USDT,XRPUSDT,TRADE,SELL,30.00000000000000000000,-90.00000000000000000000,2.09800000000000000000,0.00000000000000000000,-0.02265840000000000000,0.00000000000000000000,-0.02265840000000000000,24.56141685000000000000,OPEN,2026-01-13 15:56:20
531298197,USDT,XRPUSDT,SETTLEMENT,SELL,--,-60.00000000000000000000,--,0.01231560000000000000,0.00000000000000000000,0.00000000000000000000,0.01231560000000000000,24.56815402000000000000,SETTLEMENT,2026-01-13 08:00:00
531298197,USDT,SOLUSDT,SETTLEMENT,SELL,--,-0.80000000000000000000,--,0.00749080000000000000,0.00000000000000000000,0.00000000000000000000,0.00749080000000000000,24.55583842000000000000,SETTLEMENT,2026-01-13 08:00:00
531298197,USDT,ETHUSDT,SETTLEMENT,SELL,--,-0.06000000000000000000,--,0.01592123000000000000,0.00000000000000000000,0.00000000000000000000,0.01592123000000000000,24.58407525000000000000,SETTLEMENT,2026-01-13 08:00:00
531298197,USDT,XRPUSDT,SETTLEMENT,SELL,--,-60.00000000000000000000,--,-0.00532877000000000000,0.00000000000000000000,0.00000000000000000000,-0.00532877000000000000,24.54834762000000000000,SETTLEMENT,2026-01-13 00:00:00
531298197,USDT,ETHUSDT,SETTLEMENT,SELL,--,-0.06000000000000000000,--,-0.01306779000000000000,0.00000000000000000000,0.00000000000000000000,-0.01306779000000000000,24.55367639000000000000,SETTLEMENT,2026-01-13 00:00:00
531298197,USDT,SOLUSDT,SETTLEMENT,SELL,--,-0.80000000000000000000,--,-0.00318091000000000000,0.00000000000000000000,0.00000000000000000000,-0.00318091000000000000,24.56674418000000000000,SETTLEMENT,2026-01-13 00:00:00
531298197,USDT,XRPUSDT,TRADE,BUY,30.00000000000000000000,-60.00000000000000000000,2.08000000000000000000,0.00000000000000000000,-0.02246400000000000000,0.55196566000000000000,0.52950166000000000000,24.56992509000000000000,CLOSE,2026-01-12 17:22:56
531298197,USDT,XRPUSDT,TRADE,SELL,30.00000000000000000000,-90.00000000000000000000,2.09800000000000000000,0.00000000000000000000,-0.02265840000000000000,0.00000000000000000000,-0.02265840000000000000,24.04042343000000000000,OPEN,2026-01-12 16:05:22
531298197,USDT,XRPUSDT,SETTLEMENT,SELL,--,-60.00000000000000000000,--,0.00188163000000000000,0.00000000000000000000,0.00000000000000000000,0.00188163000000000000,24.06764677000000000000,SETTLEMENT,2026-01-12 16:00:00
531298197,USDT,SOLUSDT,SETTLEMENT,SELL,--,-0.80000000000000000000,--,-0.00377826000000000000,0.00000000000000000000,0.00000000000000000000,-0.00377826000000000000,24.06386851000000000000,SETTLEMENT,2026-01-12 16:00:00
531298197,USDT,ETHUSDT,SETTLEMENT,SELL,--,-0.06000000000000000000,--,-0.00078668000000000000,0.00000000000000000000,0.00000000000000000000,-0.00078668000000000000,24.06308183000000000000,SETTLEMENT,2026-01-12 16:00:00
531298197,USDT,ETHUSDT,SETTLEMENT,SELL,--,-0.06000000000000000000,--,0.01173242000000000000,0.00000000000000000000,0.00000000000000000000,0.01173242000000000000,24.06576514000000000000,SETTLEMENT,2026-01-12 08:00:00
531298197,USDT,XRPUSDT,SETTLEMENT,SELL,--,-60.00000000000000000000,--,0.00687177000000000000,0.00000000000000000000,0.00000000000000000000,0.00687177000000000000,24.05403272000000000000,SETTLEMENT,2026-01-12 08:00:00
531298197,USDT,SOLUSDT,SETTLEMENT,SELL,--,-0.80000000000000000000,--,0.00268412000000000000,0.00000000000000000000,0.00000000000000000000,0.00268412000000000000,24.04716095000000000000,SETTLEMENT,2026-01-12 08:00:00
531298197,USDT,XRPUSDT,TRADE,BUY,30.00000000000000000000,-60.00000000000000000000,2.08000000000000000000,0.00000000000000000000,-0.02246400000000000000,0.55794848000000000000,0.53548448000000000000,24.04447683000000000000,CLOSE,2026-01-12 03:58:12
531298197,USDT,XRPUSDT,TRADE,SELL,30.00000000000000000000,-90.00000000000000000000,2.09800000000000000000,0.00000000000000000000,-0.02265840000000000000,0.00000000000000000000,-0.02265840000000000000,23.50899235000000000000,OPEN,2026-01-12 02:47:05
531298197,USDT,XRPUSDT,SETTLEMENT,SELL,--,-60.00000000000000000000,--,-0.00648643000000000000,0.00000000000000000000,0.00000000000000000000,-0.00648643000000000000,23.53165075000000000000,SETTLEMENT,2026-01-12 00:00:00
531298197,USDT,SOLUSDT,SETTLEMENT,SELL,--,-0.80000000000000000000,--,0.00811359000000000000,0.00000000000000000000,0.00000000000000000000,0.00811359000000000000,23.53813718000000000000,SETTLEMENT,2026-01-12 00:00:00
531298197,USDT,ETHUSDT,SETTLEMENT,SELL,--,-0.06000000000000000000,--,0.01649439000000000000,0.00000000000000000000,0.00000000000000000000,0.01649439000000000000,23.53002359000000000000,SETTLEMENT,2026-01-12 00:00:00
531298197,USDT,XRPUSDT,TRADE,BUY,30.00000000000000000000,-60.00000000000000000000,2.08000000000000000000,0.00000000000000000000,-0.02246400000000000000,0.56692272000000000000,0.54445872000000000000,23.51352920000000000000,CLOSE,2026-01-11 20:00:26
531298197,USDT,SOLUSDT,TRADE,SELL,0.40000000000000000000,-0.80000000000000000000,140.00000000000000000000,0.00000000000000000000,-0.02016000000000000000,0.00000000000000000000,-0.02016000000000000000,22.96907048000000000000,OPEN,2026-01-11 16:29:10
531298197,USDT,XRPUSDT,SETTLEMENT,SELL,--,-90.00000000000000000000,--,-0.00518784000000000000,0.00000000000000000000,0.00000000000000000000,-0.00518784000000000000,22.96552643000000000000,SETTLEMENT,2026-01-11 16:00:00
531298197,USDT,SOLUSDT,SETTLEMENT,SELL,--,-0.40000000000000000000,--,0.00500283000000000000,0.00000000000000000000,0.00000000000000000000,0.00500283000000000000,22.97052926000000000000,SETTLEMENT,2026-01-11 16:00:00
531298197,USDT,ETHUSDT,SETTLEMENT,SELL,--,-0.06000000000000000000,--,0.01870122000000000000,0.00000000000000000000,0.00000000000000000000,0.01870122000000000000,22.98923048000000000000,SETTLEMENT,2026-01-11 16:00:00
531298197,USDT,SOLUSDT,SETTLEMENT,SELL,--,-0.40000000000000000000,--,0.00474514000000000000,0.00000000000000000000,0.00000000000000000000,0.00474514000000000000,22.94493437000000000000,SETTLEMENT,2026-01-11 08:00:00
531298197,USDT,ETHUSDT,SETTLEMENT,SELL,--,-0.06000000000000000000,--,0.01297809000000000000,0.00000000000000000000,0.00000000000000000000,0.01297809000000000000,22.97071427000000000000,SETTLEMENT,2026-01-11 08:00:00
531298197,USDT,XRPUSDT,SETTLEMENT,SELL,--,-90.00000000000000000000,--,0.01280181000000000000,0.00000000000000000000,0.00000000000000000000,0.01280181000000000000,22.95773618000000000000,SETTLEMENT,2026-01-11 08:00:00
531298197,USDT,XRPUSDT,SETTLEMENT,SELL,--,-90.00000000000000000000,--,0.00846033000000000000,0.00000000000000000000,0.00000000000000000000,0.00846033000000000000,22.94018923000000000000,SETTLEMENT,2026-01-11 00:00:00
531298197,USDT,SOLUSDT,SETTLEMENT,SELL,--,-0.40000000000000000000,--,0.00290276000000000000,0.00000000000000000000,0.00000000000000000000,0.00290276000000000000,22.91720109000000000000,SETTLEMENT,2026-01-11 00:00:00
531298197,USDT,ETHUSDT,SETTLEMENT,SELL,--,-0.06000000000000000000,--,0.01452781000000000000,0.00000000000000000000,0.00000000000000000000,0.01452781000000000000,22.93172890000000000000,SETTLEMENT,2026-01-11 00:00:00
531298197,USDT,ETHUSDT,SETTLEMENT,SELL,--,-0.06000000000000000000,--,0.01371278000000000000,0.00000000000000000000,0.00000000000000000000,0.01371278000000000000,22.91429833000000000000,SETTLEMENT,2026-01-10 16:00:00
531298197,USDT,SOLUSDT,SETTLEMENT,SELL,--,-0.40000000000000000000,--,0.00545560000000000000,0.00000000000000000000,0.00000000000000000000,0.00545560000000000000,22.90058555000000000000,SETTLEMENT,2026-01-10 16:00:00
531298197,USDT,XRPUSDT,SETTLEMENT,SELL,--,-90.00000000000000000000,--,-0.00548031000000000000,0.00000000000000000000,0.00000000000000000000,-0.00548031000000000000,22.89512995000000000000,SETTLEMENT,2026-01-10 16:00:00
531298197,USDT,ETHUSDT,SETTLEMENT,SELL,--,-0.06000000000000000000,--,0.01643340000000000000,0.00000000000000000000,0.00000000000000000000,0.01643340000000000000,22.89881519000000000000,SETTLEMENT,2026-01-10 08:00:00
531298197,USDT,SOLUSDT,SETTLEMENT,SELL,--,-0.40000000000000000000,--,0.00544160000000000000,0.00000000000000000000,0.00000000000000000000,0.00544160000000000000,22.88238179000000000000,SETTLEMENT,2026-01-10 08:00:00
531298197,USDT,XRPUSDT,SETTLEMENT,SELL,--,-90.00000000000000000000,--,0.00179507000000000000,0.00000000000000000000,0.00000000000000000000,0.00179507000000000000,22.90061026000000000000,SETTLEMENT,2026-01-10 08:00:00
531298197,USDT,XRPUSDT,TRADE,SELL,30.00000000000000000000,-90.00000000000000000000,2.09800000000000000000,0.00000000000000000000,-0.02265840000000000000,0.00000000000000000000,-0.02265840000000000000,22.87694019000000000000,OPEN,2026-01-10 07:12:15
531298197,USDT,XRPUSDT,TRADE,BUY,30.00000000000000000000,-60.00000000000000000000,2.08000000000000000000,0.00000000000000000000,-0.02246400000000000000,0.58038409000000000000,0.55792009000000000000,22.89959859000000000000,CLOSE,2026-01-10 05:02:50
531298197,USDT,SOLUSDT,SETTLEMENT,SELL,--,-0.40000000000000000000,--,-0.00365761000000000000,0.00000000000000000000,0.00000000000000000000,-0.00365761000000000000,22.33629285000000000000,SETTLEMENT,2026-01-10 00:00:00
531298197,USDT,ETHUSDT,SETTLEMENT,SELL,--,-0.06000000000000000000,--,0.00625483000000000000,0.00000000000000000000,0.00000000000000000000,0.00625483000000000000,22.34167850000000000000,SETTLEMENT,2026-01-10 00:00:00
531298197,USDT,XRPUSDT,SETTLEMENT,SELL,--,-90.00000000000000000000,--,-0.00086918000000000000,0.00000000000000000000,0.00000000000000000000,-0.00086918000000000000,22.33542367000000000000,SETTLEMENT,2026-01-10 00:00:00
531298197,USDT,XRPUSDT,TRADE,SELL,30.00000000000000000000,-90.00000000000000000000,2.09800000000000000000,0.00000000000000000000,-0.02265840000000000000,0.00000000000000000000,-0.02265840000000000000,22.33995046000000000000,OPEN,2026-01-09 22:33:54
531298197,BTC,,TRANSFER_OUT,--,0.00000000000000000000,0.00000000000000000000,0.00000000000000000000,0.00000000000000000000,0.00000000000000000000,-0.00551206000000000000,-0.00551206000000000000,0.00000000040000000000,--,2026-01-09 22:06:10
531298197,BTC,BTCUSDT,TRADE,BUY,0.00552200000000000000,0.00000000000000000000,90532.10000000000000000000,0.00000000000000000000,-0.00000993960000000000,0.00552200000000000000,0.00551206040000000000,0.00551206040000000000,--,2026-01-09 22:02:36
531298197,USDT,BTCUSDT,TRADE,BUY,-499.91825620000000000000,0.00000000000000000000,90532.10000000000000000000,0.00000000000000000000,0.00000000000000000000,-499.91825620000000000000,-499.91825620000000000000,22.36260886000000000000,--,2026-01-09 22:02:36
531298197,USDT,,TRANSFER_IN,--,0.00000000000000000000,0.00000000000000000000,0.00000000000000000000,0.00000000000000000000,0.00000000000000000000,500.56000000000000000000,500.56000000000000000000,522.28086506000000000000,--,2026-01-09 21:54:56
531298197,TRX,,TRANSFER_OUT,--,0.00000000000000000000,0.00000000000000000000,0.00000000000000000000,0.00000000000000000000,0.00000000000000000000,-50.09985000000000000000,-50.09985000000000000000,0.00000000000000000000,--,2026-01-09 21:48:55
531298197,USDT,TRXUSDT,TRADE,BUY,-14.99986500000000000000,0.00000000000000000000,0.29910000000000000000,0.00000000000000000000,0.00000000000000000000,-14.99986500000000000000,-14.99986500000000000000,21.72086506000000000000,--,2026-01-09 21:44:27
531298197,TRX,TRXUSDT,TRADE,BUY,50.15000000000000000000,0.00000000000000000000,0.29910000000000000000,0.00000000000000000000,-0.05015000000000000000,50.15000000000000000000,50.09985000000000000000,50.09985000000000000000,--,2026-01-09 21:44:27
531298197,USDT,XRPUSDT,TRADE,BUY,30.00000000000000000000,-60.00000000000000000000,2.08000000000000000000,0.00000000000000000000,-0.02246400000000000000,0.60057613000000000000,0.57811213000000000000,36.72073006000000000000,CLOSE,2026-01-09 18:28:13
531298197,USDT,SOLUSDT,TRADE,BUY,0.40000000000000000000,-0.40000000000000000000,137.00000000000000000000,0.00000000000000000000,-0.01972800000000000000,0.80000000000000000000,0.78027200000000000000,36.14261793000000000000,CLOSE,2026-01-09 18:16:12
531298197,USDT,XRPUSDT,SETTLEMENT,SELL,--,-90.00000000000000000000,--,0.00409352000000000000,0.00000000000000000000,0.00000000000000000000,0.00409352000000000000,35.36234593000000000000,SETTLEMENT,2026-01-09 16:00:00
531298197,USDT,SOLUSDT,SETTLEMENT,SELL,--,-0.80000000000000000000,--,-0.00128113000000000000,0.00000000000000000000,0.00000000000000000000,-0.00128113000000000000,35.35825241000000000000,SETTLEMENT,2026-01-09 16:00:00
531298197,USDT,ETHUSDT,SETTLEMENT,SELL,--,-0.06000000000000000000,--,-0.00653434000000000000,0.00000000000000000000,0.00000000000000000000,-0.00653434000000000000,35.35953354000000000000,SETTLEMENT,2026-01-09 16:00:00
531298197,USDT,SOLUSDT,TRADE,SELL,0.40000000000000000000,-0.80000000000000000000,140.00000000000000000000,0.00000000000000000000,-0.02016000000000000000,0.00000000000000000000,-0.02016000000000000000,35.36606788000000000000,OPEN,2026-01-09 15:29:22
531298197,USDT,XRPUSDT,TRADE,SELL,30.00000000000000000000,-90.00000000000000000000,2.09800000000000000000,0.00000000000000000000,-0.02265840000000000000,0.00000000000000000000,-0.02265840000000000000,35.38622788000000000000,OPEN,2026-01-09 15:16:06
531298197,USDT,XRPUSDT,TRADE,BUY,30.00000000000000000000,-60.00000000000000000000,2.08000000000000000000,0.00000000000000000000,-0.02246400000000000000,0.63086420000000000000,0.60840020000000000000,35.40888628000000000000,CLOSE,2026-01-09 14:48:53
531298197,USDT,XRPUSDT,TRADE,SELL,30.00000000000000000000,-90.00000000000000000000,2.09800000000000000000,0.00000000000000000000,-0.02265840000000000000,0.00000000000000000000,-0.02265840000000000000,34.80048608000000000000,OPEN,2026-01-09 09:28:41
531298197,USDT,SOLUSDT,TRADE,BUY,0.40000000000000000000,-0.40000000000000000000,137.00000000000000000000,0.00000000000000000000,-0.01972800000000000000,0.40000000000000000000,0.38027200000000000000,34.82314448000000000000,CLOSE,2026-01-09 08:54:43
531298197,USDT,XRPUSDT,TRADE,BUY,30.00000000000000000000,-60.00000000000000000000,2.08000000000000000000,0.00000000000000000000,-0.02246400000000000000,0.67629630000000000000,0.65383230000000000000,34.44287248000000000000,CLOSE,2026-01-09 08:48:32
531298197,USDT,ETHUSDT,SETTLEMENT,SELL,--,-0.06000000000000000000,--,0.00582234000000000000,0.00000000000000000000,0.00000000000000000000,0.00582234000000000000,33.78904018000000000000,SETTLEMENT,2026-01-09 08:00:00
531298197,USDT,SOLUSDT,SETTLEMENT,SELL,--,-0.80000000000000000000,--,0.00459424000000000000,0.00000000000000000000,0.00000000000000000000,0.00459424000000000000,33.78006907000000000000,SETTLEMENT,2026-01-09 08:00:00
531298197,USDT,XRPUSDT,SETTLEMENT,SELL,--,-90.00000000000000000000,--,0.00314877000000000000,0.00000000000000000000,0.00000000000000000000,0.00314877000000000000,33.78321784000000000000,SETTLEMENT,2026-01-09 08:00:00
531298197,USDT,ETHUSDT,SETTLEMENT,SELL,--,-0.06000000000000000000,--,0.01863174000000000000,0.00000000000000000000,0.00000000000000000000,0.01863174000000000000,33.78278868000000000000,SETTLEMENT,2026-01-09 00:00:00
531298197,USDT,SOLUSDT,SETTLEMENT,SELL,--,-0.80000000000000000000,--,0.01106248000000000000,0.00000000000000000000,0.00000000000000000000,0.01106248000000000000,33.76415694000000000000,SETTLEMENT,2026-01-09 00:00:00
531298197,USDT,XRPUSDT,SETTLEMENT,SELL,--,-90.00000000000000000000,--,-0.00731385000000000000,0.00000000000000000000,0.00000000000000000000,-0.00731385000000000000,33.77547483000000000000,SETTLEMENT,2026-01-09 00:00:00
531298197,USDT,SOLUSDT,TRADE,SELL,0.40000000000000000000,-0.80000000000000000000,140.00000000000000000000,0.00000000000000000000,-0.02016000000000000000,0.00000000000000000000,-0.02016000000000000000,33.75309446000000000000,OPEN,2026-01-08 22:13:48
531298197,USDT,XRPUSDT,SETTLEMENT,SELL,--,-90.00000000000000000000,--,0.01304563000000000000,0.00000000000000000000,0.00000000000000000000,0.01304563000000000000,33.77822487000000000000,SETTLEMENT,2026-01-08 16:00:00
531298197,USDT,SOLUSDT,SETTLEMENT,SELL,--,-0.40000000000000000000,--,0.00100680000000000000,0.00000000000000000000,0.00000000000000000000,0.00100680000000000000,33.76517924000000000000,SETTLEMENT,2026-01-08 16:00:00
531298197,USDT,ETHUSDT,SETTLEMENT,SELL,--,-0.06000000000000000000,--,-0.00497041000000000000,0.00000000000000000000,0.00000000000000000000,-0.00497041000000000000,33.77325446000000000000,SETTLEMENT,2026-01-08 16:00:00
531298197,USDT,SOLUSDT,TRADE,SELL,0.40000000000000000000,-0.40000000000000000000,136.00000000000000000000,0.00000000000000000000,-0.01958400000000000000,0.00000000000000000000,-0.01958400000000000000,33.76417244000000000000,OPEN,2026-01-08 15:58:04
531298197,USDT,XRPUSDT,TRADE,SELL,30.00000000000000000000,-90.00000000000000000000,2.09800000000000000000,0.00000000000000000000,-0.02265840000000000000,0.00000000000000000000,-0.02265840000000000000,33.78375644000000000000,OPEN,2026-01-08 15:12:18
531298197,USDT,XRPUSDT,TRADE,BUY,30.00000000000000000000,-60.00000000000000000000,2.08000000000000000000,0.00000000000000000000,-0.02246400000000000000,0.74444444000000000000,0.72198044000000000000,33.80641484000000000000,CLOSE,2026-01-08 15:01:39
531298197,USDT,XRPUSDT,TRADE,SELL,30.00000000000000000000,-90.00000000000000000000,2.09800000000000000000,0.00000000000000000000,-0.02265840000000000000,0.00000000000000000000,-0.02265840000000000000,33.08443440000000000000,OPEN,2026-01-08 14:53:32
531298197,USDT,SOLUSDT,TRADE,BUY,0.40000000000000000000,0.00000000000000000000,133.00000000000000000000,0.00000000000000000000,-0.01915200000000000000,2.40000000000000000000,2.38084800000000000000,33.10709280000000000000,CLOSE,2026-01-08 14:45:01
531298197,USDT,XRPUSDT,TRADE,BUY,30.00000000000000000000,-60.00000000000000000000,2.08000000000000000000,0.00000000000000000000,-0.02246400000000000000,0.84666667000000000000,0.82420267000000000000,30.72624480000000000000,CLOSE,2026-01-08 12:08:02
531298197,USDT,SOLUSDT,SETTLEMENT,SELL,--,-0.40000000000000000000,--,-0.00485187000000000000,0.00000000000000000000,0.00000000000000000000,-0.00485187000000000000,29.90460646000000000000,SETTLEMENT,2026-01-08 08:00:00
531298197,USDT,ETHUSDT,SETTLEMENT,SELL,--,-0.06000000000000000000,--,-0.01163807000000000000,0.00000000000000000000,0.00000000000000000000,-0.01163807000000000000,29.89296839000000000000,SETTLEMENT,2026-01-08 08:00:00
531298197,USDT,XRPUSDT,SETTLEMENT,SELL,--,-90.00000000000000000000,--,0.00907374000000000000,0.00000000000000000000,0.00000000000000000000,0.00907374000000000000,29.90204213000000000000,SETTLEMENT,2026-01-08 08:00:00
531298197,USDT,ETHUSDT,SETTLEMENT,SELL,--,-0.06000000000000000000,--,-0.01303732000000000000,0.00000000000000000000,0.00000000000000000000,-0.01303732000000000000,29.90945833000000000000,SETTLEMENT,2026-01-08 00:00:00
531298197,USDT,XRPUSDT,SETTLEMENT,SELL,--,-90.00000000000000000000,--,0.01395908000000000000,0.00000000000000000000,0.00000000000000000000,0.01395908000000000000,29.92249565000000000000,SETTLEMENT,2026-01-08 00:00:00
531298197,USDT,SOLUSDT,SETTLEMENT,SELL,--,-0.40000000000000000000,--,-0.00454382000000000000,0.00000000000000000000,0.00000000000000000000,-0.00454382000000000000,29.90853657000000000000,SETTLEMENT,2026-01-08 00:00:00
531298197,USDT,XRPUSDT,TRADE,BUY,30.00000000000000000000,-90.00000000000000000000,2.18000000000000000000,0.00000000000000000000,-0.02354400000000000000,-2.15333334000000000000,-2.17687734000000000000,29.91308039000000000000,CLOSE,2026-01-07 19:12:56
531298197,USDT,XRPUSDT,SETTLEMENT,SELL,--,-120.00000000000000000000,--,0.02206161000000000000,0.00000000000000000000,0.00000000000000000000,0.02206161000000000000,32.08995773000000000000,SETTLEMENT,2026-01-07 16:00:00
531298197,USDT,SOLUSDT,SETTLEMENT,SELL,--,-0.40000000000000000000,--,-0.00448329000000000000,0.00000000000000000000,0.00000000000000000000,-0.00448329000000000000,32.06578184000000000000,SETTLEMENT,2026-01-07 16:00:00
531298197,USDT,ETHUSDT,SETTLEMENT,SELL,--,-0.06000000000000000000,--,0.00211428000000000000,0.00000000000000000000,0.00000000000000000000,0.00211428000000000000,32.06789612000000000000,SETTLEMENT,2026-01-07 16:00:00
531298197,USDT,SOLUSDT,TRADE,BUY,0.40000000000000000000,-0.40000000000000000000,137.00000000000000000000,0.00000000000000000000,-0.01972800000000000000,0.80000000000000000000,0.78027200000000000000,32.07026513000000000000,CLOSE,2026-01-07 09:34:23
531298197,USDT,XRPUSDT,SETTLEMENT,SELL,--,-120.00000000000000000000,--,0.02390320000000000000,0.00000000000000000000,0.00000000000000000000,0.02390320000000000000,31.28920054000000000000,SETTLEMENT,2026-01-07 08:00:00
531298197,USDT,ETHUSDT,SETTLEMENT,SELL,--,-0.06000000000000000000,--,0.00079259000000000000,0.00000000000000000000,0.00000000000000000000,0.00079259000000000000,31.28999313000000000000,SETTLEMENT,2026-01-07 08:00:00
531298197,USDT,SOLUSDT,SETTLEMENT,SELL,--,-0.80000000000000000000,--,-0.00460025000000000000,0.00000000000000000000,0.00000000000000000000,-0.00460025000000000000,31.26529734000000000000,SETTLEMENT,2026-01-07 08:00:00
531298197,USDT,XRPUSDT,SETTLEMENT,SELL,--,-120.00000000000000000000,--,0.00723723000000000000,0.00000000000000000000,0.00000000000000000000,0.00723723000000000000,31.25120589000000000000,SETTLEMENT,2026-01-07 00:00:00
531298197,USDT,SOLUSDT,SETTLEMENT,SELL,--,-0.80000000000000000000,--,0.01014400000000000000,0.00000000000000000000,0.00000000000000000000,0.01014400000000000000,31.24396866000000000000,SETTLEMENT,2026-01-07 00:00:00
531298197,USDT,ETHUSDT,SETTLEMENT,SELL,--,-0.06000000000000000000,--,0.01869170000000000000,0.00000000000000000000,0.00000000000000000000,0.01869170000000000000,31.26989759000000000000,SETTLEMENT,2026-01-07 00:00:00
531298197,USDT,SOLUSDT,TRADE,SELL,0.40000000000000000000,-0.80000000000000000000,140.00000000000000000000,0.00000000000000000000,-0.02016000000000000000,0.00000000000000000000,-0.02016000000000000000,31.23382466000000000000,OPEN,2026-01-06 21:15:34
531298197,USDT,SOLUSDT,TRADE,BUY,0.40000000000000000000,-0.40000000000000000000,137.00000000000000000000,0.00000000000000000000,-0.01972800000000000000,0.40000000000000000000,0.38027200000000000000,31.25398466000000000000,CLOSE,2026-01-06 17:48:01
531298197,USDT,XRPUSDT,SETTLEMENT,SELL,--,-120.00000000000000000000,--,0.01228139000000000000,0.00000000000000000000,0.00000000000000000000,0.01228139000000000000,30.86560807000000000000,SETTLEMENT,2026-01-06 16:00:00
531298197,USDT,SOLUSDT,SETTLEMENT,SELL,--,-0.80000000000000000000,--,0.00383001000000000000,0.00000000000000000000,0.00000000000000000000,0.00383001000000000000,30.85332668000000000000,SETTLEMENT,2026-01-06 16:00:00
531298197,USDT,ETHUSDT,SETTLEMENT,SELL,--,-0.06000000000000000000,--,0.00810459000000000000,0.00000000000000000000,0.00000000000000000000,0.00810459000000000000,30.87371266000000000000,SETTLEMENT,2026-01-06 16:00:00
531298197,USDT,ETHUSDT,SETTLEMENT,SELL,--,-0.06000000000000000000,--,0.00930359000000000000,0.00000000000000000000,0.00000000000000000000,0.00930359000000000000,30.82154027000000000000,SETTLEMENT,2026-01-06 08:00:00
531298197,USDT,SOLUSDT,SETTLEMENT,SELL,--,-0.80000000000000000000,--,-0.00595730000000000000,0.00000000000000000000,0.00000000000000000000,-0.00595730000000000000,30.81223668000000000000,SETTLEMENT,2026-01-06 08:00:00
531298197,USDT,XRPUSDT,SETTLEMENT,SELL,--,-120.00000000000000000000,--,0.02795640000000000000,0.00000000000000000000,0.00000000000000000000,0.02795640000000000000,30.84949667000000000000,SETTLEMENT,2026-01-06 08:00:00
531298197,USDT,SOLUSDT,TRADE,SELL,0.40000000000000000000,-0.80000000000000000000,140.00000000000000000000,0.00000000000000000000,-0.02016000000000000000,0.00000000000000000000,-0.02016000000000000000,30.81819398000000000000,OPEN,2026-01-06 05:54:33
531298197,USDT,XRPUSDT,SETTLEMENT,SELL,--,-120.00000000000000000000,--,0.02816400000000000000,0.00000000000000000000,0.00000000000000000000,0.02816400000000000000,30.83835398000000000000,SETTLEMENT,2026-01-06 00:00:00
531298197,USDT,SOLUSDT,SETTLEMENT,SELL,--,-0.40000000000000000000,--,0.00551400000000000000,0.00000000000000000000,0.00000000000000000000,0.00551400000000000000,30.79339160000000000000,SETTLEMENT,2026-01-06 00:00:00
531298197,USDT,ETHUSDT,SETTLEMENT,SELL,--,-0.06000000000000000000,--,0.01679838000000000000,0.00000000000000000000,0.00000000000000000000,0.01679838000000000000,30.81018998000000000000,SETTLEMENT,2026-01-06 00:00:00
531298197,USDT,XRPUSDT,TRADE,SELL,30.00000000000000000000,-120.00000000000000000000,2.19800000000000000000,0.00000000000000000000,-0.02373840000000000000,0.00000000000000000000,-0.02373840000000000000,30.78787760000000000000,OPEN,2026-01-05 17:55:59
531298197,USDT,SOLUSDT,SETTLEMENT,SELL,--,-0.40000000000000000000,--,0.00049268000000000000,0.00000000000000000000,0.00000000000000000000,0.00049268000000000000,30.79073579000000000000,SETTLEMENT,2026-01-05 16:00:00
531298197,USDT,ETHUSDT,SETTLEMENT,SELL,--,-0.06000000000000000000,--,0.00577838000000000000,0.00000000000000000000,0.00000000000000000000,0.00577838000000000000,30.81161600000000000000,SETTLEMENT,2026-01-05 16:00:00
531298197,USDT,XRPUSDT,SETTLEMENT,SELL,--,-90.00000000000000000000,--,0.01510183000000000000,0.00000000000000000000,0.00000000000000000000,0.01510183000000000000,30.80583762000000000000,SETTLEMENT,2026-01-05 16:00:00
531298197,USDT,SOLUSDT,SETTLEMENT,SELL,--,-0.40000000000000000000,--,-0.00122574000000000000,0.00000000000000000000,0.00000000000000000000,-0.00122574000000000000,30.80575561000000000000,SETTLEMENT,2026-01-05 08:00:00
531298197,USDT,ETHUSDT,SETTLEMENT,SELL,--,-0.06000000000000000000,--,-0.00574506000000000000,0.00000000000000000000,0.00000000000000000000,-0.00574506000000000000,30.79024311000000000000,SETTLEMENT,2026-01-05 08:00:00
531298197,USDT,XRPUSDT,SETTLEMENT,SELL,--,-90.00000000000000000000,--,-0.00976744000000000000,0.00000000000000000000,0.00000000000000000000,-0.00976744000000000000,30.79598817000000000000,SETTLEMENT,2026-01-05 08:00:00
531298197,USDT,SOLUSDT,TRADE,SELL,0.40000000000000000000,-0.40000000000000000000,136.00000000000000000000,0.00000000000000000000,-0.01958400000000000000,0.00000000000000000000,-0.01958400000000000000,30.80698135000000000000,OPEN,2026-01-05 01:07:20
531298197,USDT,XRPUSDT,TRADE,SELL,30.00000000000000000000,-90.00000000000000000000,2.09800000000000000000,0.00000000000000000000,-0.02265840000000000000,0.00000000000000000000,-0.02265840000000000000,30.82656535000000000000,OPEN,2026-01-05 00:01:21
531298197,USDT,XRPUSDT,SETTLEMENT,SELL,--,-60.00000000000000000000,--,0.00320571000000000000,0.00000000000000000000,0.00000000000000000000,0.00320571000000000000,30.84922375000000000000,SETTLEMENT,2026-01-05 00:00:00
531298197,USDT,ETHUSDT,SETTLEMENT,SELL,--,-0.06000000000000000000,--,0.00605778000000000000,0.00000000000000000000,0.00000000000000000000,0.00605778000000000000,30.84601804000000000000,SETTLEMENT,2026-01-05 00:00:00
531298197,USDT,XRPUSDT,TRADE,BUY,30.00000000000000000000,-60.00000000000000000000,2.08000000000000000000,0.00000000000000000000,-0.02246400000000000000,-0.34666667000000000000,-0.36913067000000000000,30.83996026000000000000,CLOSE,2026-01-04 22:39:59
531298197,USDT,XRPUSDT,TRADE,SELL,30.00000000000000000000,-90.00000000000000000000,2.09800000000000000000,0.00000000000000000000,-0.02265840000000000000,0.00000000000000000000,-0.02265840000000000000,31.20909093000000000000,OPEN,2026-01-04 21:09:29
531298197,USDT,XRPUSDT,TRADE,BUY,30.00000000000000000000,-60.00000000000000000000,2.08000000000000000000,0.00000000000000000000,-0.02246400000000000000,-0.79000000000000000000,-0.81246400000000000000,31.23174933000000000000,CLOSE,2026-01-04 18:38:05
531298197,USDT,XRPUSDT,SETTLEMENT,SELL,--,-90.00000000000000000000,--,0.00570640000000000000,0.00000000000000000000,0.00000000000000000000,0.00570640000000000000,32.04421333000000000000,SETTLEMENT,2026-01-04 16:00:00
531298197,USDT,ETHUSDT,SETTLEMENT,SELL,--,-0.06000000000000000000,--,0.01187506000000000000,0.00000000000000000000,0.00000000000000000000,0.01187506000000000000,32.03850693000000000000,SETTLEMENT,2026-01-04 16:00:00
531298197,USDT,XRPUSDT,TRADE,SELL,30.00000000000000000000,-90.00000000000000000000,2.09800000000000000000,0.00000000000000000000,-0.02265840000000000000,0.00000000000000000000,-0.02265840000000000000,32.02663187000000000000,OPEN,2026-01-04 12:04:52
531298197,USDT,ETHUSDT,SETTLEMENT,SELL,--,-0.06000000000000000000,--,0.01136541000000000000,0.00000000000000000000,0.00000000000000000000,0.01136541000000000000,32.05127490000000000000,SETTLEMENT,2026-01-04 08:00:00
531298197,USDT,XRPUSDT,SETTLEMENT,SELL,--,-60.00000000000000000000,--,-0.00198463000000000000,0.00000000000000000000,0.00000000000000000000,-0.00198463000000000000,32.04929027000000000000,SETTLEMENT,2026-01-04 08:00:00
531298197,USDT,XRPUSDT,TRADE,SELL,30.00000000000000000000,-60.00000000000000000000,2.04200000000000000000,0.00000000000000000000,-0.02205360000000000000,0.00000000000000000000,-0.02205360000000000000,32.03990949000000000000,OPEN,2026-01-04 00:54:42
531298197,USDT,XRPUSDT,TRADE,SELL,30.00000000000000000000,-30.00000000000000000000,2.02100000000000000000,0.00000000000000000000,-0.02182680000000000000,0.00000000000000000000,-0.02182680000000000000,32.06196309000000000000,OPEN,2026-01-04 00:03:47
531298197,USDT,ETHUSDT,SETTLEMENT,SELL,--,-0.06000000000000000000,--,-0.00173836000000000000,0.00000000000000000000,0.00000000000000000000,-0.00173836000000000000,32.08378989000000000000,SETTLEMENT,2026-01-04 00:00:00
531298197,USDT,ETHUSDT,SETTLEMENT,SELL,--,-0.06000000000000000000,--,-0.00211648000000000000,0.00000000000000000000,0.00000000000000000000,-0.00211648000000000000,32.08552825000000000000,SETTLEMENT,2026-01-03 16:00:00
531298197,USDT,ETHUSDT,SETTLEMENT,SELL,--,-0.06000000000000000000,--,-0.00348448000000000000,0.00000000000000000000,0.00000000000000000000,-0.00348448000000000000,32.08764473000000000000,SETTLEMENT,2026-01-03 08:00:00
531298197,USDT,XRPUSDT,TRADE,BUY,30.00000000000000000000,0.00000000000000000000,2.00300000000000000000,0.00000000000000000000,-0.02163240000000000000,0.85500000000000000000,0.83336760000000000000,32.09112921000000000000,CLOSE,2026-01-03 07:17:00
531298197,USDT,XRPUSDT,TRADE,BUY,30.00000000000000000000,-30.00000000000000000000,2.02400000000000000000,0.00000000000000000000,-0.02185920000000000000,0.22500000000000000000,0.20314080000000000000,31.25776161000000000000,CLOSE,2026-01-03 06:39:22
531298197,USDT,XRPUSDT,TRADE,SELL,30.00000000000000000000,-60.00000000000000000000,2.04200000000000000000,0.00000000000000000000,-0.02205360000000000000,0.00000000000000000000,-0.02205360000000000000,31.05462081000000000000,OPEN,2026-01-03 03:58:06
531298197,USDT,ETHUSDT,SETTLEMENT,SELL,--,-0.06000000000000000000,--,0.00984899000000000000,0.00000000000000000000,0.00000000000000000000,0.00984899000000000000,31.07065551000000000000,SETTLEMENT,2026-01-03 00:00:00
531298197,USDT,XRPUSDT,SETTLEMENT,SELL,--,-30.00000000000000000000,--,0.00601890000000000000,0.00000000000000000000,0.00000000000000000000,0.00601890000000000000,31.07667441000000000000,SETTLEMENT,2026-01-03 00:00:00
531298197,USDT,XRPUSDT,TRADE,SELL,30.00000000000000000000,-30.00000000000000000000,2.02100000000000000000,0.00000000000000000000,-0.02182680000000000000,0.00000000000000000000,-0.02182680000000000000,31.06080652000000000000,OPEN,2026-01-02 21:53:57
531298197,USDT,XRPUSDT,TRADE,SELL,30.00000000000000000000,0.00000000000000000000,1.99700000000000000000,0.00000000000000000000,-0.02156760000000000000,0.54000000000000000000,0.51843240000000000000,31.08263332000000000000,CLOSE,2026-01-02 21:33:13
531298197,USDT,XRPUSDT,TRADE,BUY,30.00000000000000000000,30.00000000000000000000,1.97900000000000000000,0.00000000000000000000,-0.02137320000000000000,0.00000000000000000000,-0.02137320000000000000,30.56420092000000000000,OPEN,2026-01-02 20:59:38
531298197,USDT,XRPUSDT,TRADE,SELL,30.00000000000000000000,0.00000000000000000000,1.99700000000000000000,0.00000000000000000000,-0.02156760000000000000,0.54000000000000000000,0.51843240000000000000,30.58557412000000000000,CLOSE,2026-01-02 20:14:49
531298197,USDT,XRPUSDT,TRADE,BUY,30.00000000000000000000,30.00000000000000000000,1.97900000000000000000,0.00000000000000000000,-0.02137320000000000000,0.00000000000000000000,-0.02137320000000000000,30.06714172000000000000,OPEN,2026-01-02 18:50:09
531298197,USDT,XRPUSDT,TRADE,SELL,30.00000000000000000000,0.00000000000000000000,1.99700000000000000000,0.00000000000000000000,-0.02156760000000000000,3.06618960000000000000,3.04462200000000000000,30.08851492000000000000,CLOSE,2026-01-02 17:56:31
531298197,USDT,XRPUSDT,TRADE,SELL,30.00000000000000000000,30.00000000000000000000,1.97600000000000000000,0.00000000000000000000,-0.02134080000000000000,2.43618960000000000000,2.41484880000000000000,27.04389292000000000000,CLOSE,2026-01-02 17:03:57
531298197,USDT,SOLUSDT,TRADE,SELL,0.40000000000000000000,0.00000000000000000000,131.00000000000000000000,0.00000000000000000000,-0.01886400000000000000,2.78750000000000000000,2.76863600000000000000,24.62904412000000000000,CLOSE,2026-01-02 16:31:35
531298197,USDT,SOLUSDT,SETTLEMENT,BUY,--,0.40000000000000000000,--,-0.00515680000000000000,0.00000000000000000000,0.00000000000000000000,-0.00515680000000000000,21.86415585000000000000,SETTLEMENT,2026-01-02 16:00:00
531298197,USDT,XRPUSDT,SETTLEMENT,BUY,--,60.00000000000000000000,--,-0.00899713000000000000,0.00000000000000000000,0.00000000000000000000,-0.00899713000000000000,21.85515872000000000000,SETTLEMENT,2026-01-02 16:00:00
531298197,USDT,ETHUSDT,SETTLEMENT,SELL,--,-0.06000000000000000000,--,0.00524940000000000000,0.00000000000000000000,0.00000000000000000000,0.00524940000000000000,21.86040812000000000000,SETTLEMENT,2026-01-02 16:00:00
531298197,USDT,XRPUSDT,TRADE,SELL,30.00000000000000000000,60.00000000000000000000,1.92000000000000000000,0.00000000000000000000,-0.02073600000000000000,0.75618960000000000000,0.73545360000000000000,21.86931265000000000000,CLOSE,2026-01-02 15:39:55
531298197,USDT,XRPUSDT,TRADE,BUY,30.00000000000000000000,90.00000000000000000000,1.90200000000000000000,0.00000000000000000000,-0.02054160000000000000,0.00000000000000000000,-0.02054160000000000000,21.13385905000000000000,OPEN,2026-01-02 15:21:08
531298197,USDT,XRPUSDT,TRADE,SELL,30.00000000000000000000,60.00000000000000000000,1.92000000000000000000,0.00000000000000000000,-0.02073600000000000000,0.86428441000000000000,0.84354841000000000000,21.15440065000000000000,CLOSE,2026-01-02 14:50:10
531298197,USDT,ETHUSDT,TRADE,SELL,0.02000000000000000000,-0.06000000000000000000,3060.00000000000000000000,0.00000000000000000000,-0.02203200000000000000,0.00000000000000000000,-0.02203200000000000000,20.31085224000000000000,OPEN,2026-01-02 14:43:27
531298197,USDT,ETHUSDT,TRADE,BUY,0.02000000000000000000,-0.04000000000000000000,3025.00000000000000000000,0.00000000000000000000,-0.02178000000000000000,-1.03333334000000000000,-1.05511334000000000000,20.33288424000000000000,CLOSE,2026-01-02 14:18:44
531298197,USDT,ETHUSDT,TRADE,SELL,0.02000000000000000000,-0.06000000000000000000,3060.00000000000000000000,0.00000000000000000000,-0.02203200000000000000,0.00000000000000000000,-0.02203200000000000000,21.38799758000000000000,OPEN,2026-01-02 10:07:15
531298197,USDT,XRPUSDT,SETTLEMENT,BUY,--,90.00000000000000000000,--,-0.01683720000000000000,0.00000000000000000000,0.00000000000000000000,-0.01683720000000000000,21.41002958000000000000,SETTLEMENT,2026-01-02 08:00:00
531298197,USDT,ETHUSDT,SETTLEMENT,SELL,--,-0.04000000000000000000,--,0.00855716000000000000,0.00000000000000000000,0.00000000000000000000,0.00855716000000000000,21.42686678000000000000,SETTLEMENT,2026-01-02 08:00:00
531298197,USDT,SOLUSDT,SETTLEMENT,BUY,--,0.40000000000000000000,--,-0.00508400000000000000,0.00000000000000000000,0.00000000000000000000,-0.00508400000000000000,21.41830962000000000000,SETTLEMENT,2026-01-02 08:00:00
531298197,USDT,ETHUSDT,SETTLEMENT,SELL,--,-0.04000000000000000000,--,0.00743130000000000000,0.00000000000000000000,0.00000000000000000000,0.00743130000000000000,21.42339362000000000000,SETTLEMENT,2026-01-02 00:00:00
531298197,USDT,SOLUSDT,SETTLEMENT,BUY,--,0.40000000000000000000,--,-0.00507480000000000000,0.00000000000000000000,0.00000000000000000000,-0.00507480000000000000,21.43018710000000000000,SETTLEMENT,2026-01-02 00:00:00
531298197,USDT,XRPUSDT,SETTLEMENT,BUY,--,90.00000000000000000000,--,-0.01422478000000000000,0.00000000000000000000,0.00000000000000000000,-0.01422478000000000000,21.41596232000000000000,SETTLEMENT,2026-01-02 00:00:00
531298197,USDT,SOLUSDT,TRADE,SELL,0.40000000000000000000,0.40000000000000000000,127.00000000000000000000,0.00000000000000000000,-0.01828800000000000000,1.18750000000000000000,1.16921200000000000000,21.43526190000000000000,CLOSE,2026-01-01 23:28:51
531298197,USDT,SOLUSDT,SETTLEMENT,BUY,--,0.80000000000000000000,--,-0.00999280000000000000,0.00000000000000000000,0.00000000000000000000,-0.00999280000000000000,20.25589394000000000000,SETTLEMENT,2026-01-01 16:00:00
531298197,USDT,XRPUSDT,SETTLEMENT,BUY,--,90.00000000000000000000,--,-0.00179972000000000000,0.00000000000000000000,0.00000000000000000000,-0.00179972000000000000,20.25409422000000000000,SETTLEMENT,2026-01-01 16:00:00
531298197,USDT,ETHUSDT,SETTLEMENT,SELL,--,-0.04000000000000000000,--,0.01195568000000000000,0.00000000000000000000,0.00000000000000000000,0.01195568000000000000,20.26604990000000000000,SETTLEMENT,2026-01-01 16:00:00
531298197,USDT,ETHUSDT,SETTLEMENT,SELL,--,-0.04000000000000000000,--,0.01191096000000000000,0.00000000000000000000,0.00000000000000000000,0.01191096000000000000,20.26588674000000000000,SETTLEMENT,2026-01-01 08:00:00
531298197,USDT,SOLUSDT,SETTLEMENT,BUY,--,0.80000000000000000000,--,-0.00993704000000000000,0.00000000000000000000,0.00000000000000000000,-0.00993704000000000000,20.24757318000000000000,SETTLEMENT,2026-01-01 08:00:00
531298197,USDT,XRPUSDT,SETTLEMENT,BUY,--,90.00000000000000000000,--,0.00640260000000000000,0.00000000000000000000,0.00000000000000000000,0.00640260000000000000,20.25397578000000000000,SETTLEMENT,2026-01-01 08:00:00
531298197,USDT,XRPUSDT,SETTLEMENT,BUY,--,90.00000000000000000000,--,0.00501100000000000000,0.00000000000000000000,0.00000000000000000000,0.00501100000000000000,20.24562794000000000000,SETTLEMENT,2026-01-01 00:00:00
531298197,USDT,SOLUSDT,SETTLEMENT,BUY,--,0.80000000000000000000,--,-0.00997120000000000000,0.00000000000000000000,0.00000000000000000000,-0.00997120000000000000,20.24061694000000000000,SETTLEMENT,2026-01-01 00:00:00
531298197,USDT,ETHUSDT,SETTLEMENT,SELL,--,-0.04000000000000000000,--,0.01188228000000000000,0.00000000000000000000,0.00000000000000000000,0.01188228000000000000,20.25751022000000000000,SETTLEMENT,2026-01-01 00:00:00
